{
"__comment": "Designed by Sphax with BDcraft Cubik PRO 0.93 Beta - http://bdcraft.net",
"ambientocclusion": false,
"textures": {
    "texture": "items/hypixel_kart_green3",
    "reactor": "items/hypixel_kart_reactor",
    "reactor2": "items/hypixel_kart_reactor2"
},
"elements": [ 
{
    "__comment": "Controls",
    "from": [ 2, 10, 1 ],
    "to": [ 14, 13, 4 ],
    "rotation": { "origin": [ 2, 13, 1 ], "axis": "x", "angle": 22.5 },
    "faces": {
        "up":    { "uv": [ 3.25, 7, 0.75, 6.75 ], "rotation": 180, "texture": "#texture" },
        "south": { "uv": [ 0.75, 7, 3.25, 6.75 ], "texture": "#texture" }
    }
},
{
    "__comment": "DoorRight",
    "from": [ 14, 3.5, 1 ],
    "to": [ 17, 13, 16 ],
    "faces": {
        "up":    { "uv": [ 0.5, 0, 0.25, 1.75 ], "texture": "#texture", "cullface": "east" },
        "west":  { "uv": [ 4, 2, 6.5, 3.75 ], "texture": "#texture", "cullface": "east" },
        "east":  { "uv": [ 6.5, 2, 4, 3.75 ], "texture": "#texture", "cullface": "east" }
    }
},
{
    "__comment": "DoorLeft",
    "from": [ -1, 3.5, 1 ],
    "to": [ 2, 13, 16 ],
    "faces": {
        "up":    { "uv": [ 3.75, 0, 3.5, 1.75 ], "texture": "#texture", "cullface": "west" },
        "west":  { "uv": [ 4, 2, 6.5, 3.75 ], "texture": "#texture", "cullface": "west" },
        "east":  { "uv": [ 6.5, 2, 4, 3.75 ], "texture": "#texture", "cullface": "west" }
    }
},
{
    "__comment": "MotorBack",
    "from": [ 3.5, 3.5, 18 ],
    "to": [ 12.5, 15, 30 ],
    "faces": {
        "up":    { "uv": [ 8, 3.5, 13, 5 ], "rotation": 90, "texture": "#texture", "cullface": "south" },
        "north": { "uv": [ 8.5, 7, 9.25, 7.75 ], "texture": "#texture", "cullface": "south" },
        "south": { "uv": [ 9.25, 12.5, 11.75, 15.75 ], "texture": "#texture", "cullface": "south" }
    }
},
{
    "__comment": "TopFront",
    "from": [ -1, 3.5, -6 ],
    "to": [ 17, 6.75, 1 ],
    "faces": {
        "west":  { "uv": [ 4, 1.5, 5, 2 ], "texture": "#texture", "cullface": "north" },
        "east":  { "uv": [ 5, 1.5, 4, 2 ], "texture": "#texture", "cullface": "north" }
    }
},
{
    "__comment": "TopFrontSlope",
    "from": [ -0.999, 0.25, -15.5 ],
    "to": [ 16.999, 9, 1.5 ],
    "rotation": { "origin": [ -0.999, 9, -15.5 ], "axis": "x", "angle": -22.5 },
    "faces": {
        "up":    { "uv": [ 0, 0, 4, 3.75 ], "rotation": 180, "texture": "#texture", "cullface": "north" },
        "north": { "uv": [ 0, 3.75, 4, 5 ], "texture": "#texture", "cullface": "north" },
        "south": { "uv": [ 0, 6.25, 4, 9 ], "texture": "#texture", "cullface": "north" },
        "west":  { "uv": [ 4, 0, 7.75, 1.5 ], "texture": "#texture", "cullface": "north" },
        "east":  { "uv": [ 7.75, 0, 4, 1.5 ], "texture": "#texture", "cullface": "north" }
    }
},
{
    "__comment": "MotorBackSlopeL",
    "from": [ 3.5, 8.63604, 18 ],
    "to": [ 9.86396, 15, 30 ],
    "rotation": { "origin": [ 3.5, 15, 18 ], "axis": "z", "angle": -45 },
    "faces": {
        "north": { "uv": [ 7.25, 1.75, 7.75, 2.25 ], "texture": "#texture", "cullface": "south" },
        "south": { "uv": [ 13, 12.25, 14.75, 14 ], "rotation": 270, "texture": "#texture", "cullface": "south" },
        "west":  { "uv": [ 8, 5, 13, 6.5 ], "texture": "#texture", "cullface": "south" }
    }
},
{
    "__comment": "Glass",
    "from": [ -0.75, 13.5, 4.25 ],
    "to": [ 16.75, 19.5, 4.3125 ],
    "rotation": { "origin": [ -0.75, 19.5, 4.25 ], "axis": "x", "angle": 45 },
    "faces": {
        "north": { "uv": [ 13.5, 0, 15.5, 5 ], "rotation": 270, "texture": "#texture", "cullface": "up" },
        "south": { "uv": [ 13.5, 5, 15.5, 0 ], "rotation": 270, "texture": "#texture", "cullface": "up" }
    }
},
{
    "__comment": "ChairTop",
    "from": [ 2.5, 7, 13 ],
    "to": [ 13, 16, 16 ],
    "faces": {
        "up":    { "uv": [ 6.5, 6, 8, 6.5 ], "rotation": 180, "texture": "#texture", "cullface": "up" },
        "north": { "uv": [ 6.5, 6.5, 8, 8 ], "rotation": 90, "texture": "#texture" },
        "south": { "uv": [ 6.5, 6.5, 8, 8 ], "rotation": 270, "texture": "#texture", "cullface": "south" },
        "west":  { "uv": [ 6.5, 6, 8, 6.5 ], "rotation": 90, "texture": "#texture" },
        "east":  { "uv": [ 6.5, 6, 8, 6.5 ], "rotation": 90, "texture": "#texture" }
    }
},
{
    "__comment": "ChairBottom",
    "from": [ 2.5, 3.5, 6 ],
    "to": [ 13, 7, 16 ],
    "faces": {
        "up":    { "uv": [ 6.5, 6.5, 8, 8 ], "rotation": 90, "texture": "#texture" },
        "north": { "uv": [ 6.5, 6, 8, 6.5 ], "texture": "#texture" },
        "west":  { "uv": [ 6.5, 6, 8, 6.5 ], "texture": "#texture" },
        "east":  { "uv": [ 6.5, 6, 8, 6.5 ], "texture": "#texture" }
    }
},
{
    "__comment": "CacheSide",
    "from": [ -0.998, 3.5, -9.5 ],
    "to": [ 16.998, 7, -6 ],
    "faces": {
        "west":  { "uv": [ 5.25, 0.5, 5.5, 1.75 ], "texture": "#texture", "cullface": "north" },
        "east":  { "uv": [ 5.25, 0.5, 5.5, 1.75 ], "texture": "#texture", "cullface": "north" }
    }
},
{
    "from": [ 12.5, 8.63604, 18 ],
    "to": [ 18.864, 15, 30 ],
    "rotation": { "origin": [ 12.5, 15, 18 ], "axis": "z", "angle": -45 },
    "faces": {
        "up":    { "uv": [ 8, 6.5, 13, 5 ], "rotation": 90, "texture": "#texture", "cullface": "east" },
        "north": { "uv": [ 7.25, 1.75, 7.75, 2.25 ], "texture": "#texture", "cullface": "east" },
        "south": { "uv": [ 13, 14, 14.75, 15.75 ], "texture": "#texture", "cullface": "east" }
    }
},
{
    "from": [ -1, 3.5, 18 ],
    "to": [ 17, 10.5, 30 ],
    "faces": {
        "south": { "uv": [ 8, 13.75, 13, 15.75 ], "texture": "#texture", "cullface": "south" },
        "west":  { "uv": [ 8, 6.5, 13, 8 ], "texture": "#texture", "cullface": "south" },
        "east":  { "uv": [ 13, 11, 8, 12.5 ], "texture": "#texture", "cullface": "south" }
    }
},
{
    "from": [ -1, 3.5, 16 ],
    "to": [ 17, 13, 18 ],
    "faces": {
        "up":    { "uv": [ 8.5, 7, 9, 7.5 ], "texture": "#texture", "cullface": "south" },
        "north": { "uv": [ 8.5, 7, 9, 7.5 ], "texture": "#texture", "cullface": "south" },
        "south": { "uv": [ 8.5, 7, 9, 7.5 ], "texture": "#texture", "cullface": "south" },
        "west":  { "uv": [ 6.5, 2, 6, 3.75 ], "texture": "#texture", "cullface": "south" },
        "east":  { "uv": [ 6, 2, 6.5, 3.75 ], "texture": "#texture", "cullface": "south" }
    }
},
{
    "__comment": "ArchT",
    "from": [ 5, 17, 16 ],
    "to": [ 11, 19, 17.8 ],
    "faces": {
        "down":  { "uv": [ 0.5, 5.75, 1, 6.25 ], "texture": "#texture", "cullface": "south" },
        "up":    { "uv": [ 0.5, 5.25, 1, 5.75 ], "texture": "#texture", "cullface": "south" },
        "north": { "uv": [ 0, 5.75, 0.5, 6.25 ], "texture": "#texture", "cullface": "south" },
        "south": { "uv": [ 0, 5.75, 0.5, 6.25 ], "texture": "#texture", "cullface": "south" }
    }
},
{
    "__comment": "ArchL",
    "from": [ 5, 10.5147, 16 ],
    "to": [ 7, 19, 17.8 ],
    "rotation": { "origin": [ 5, 19, 16 ], "axis": "z", "angle": -45 },
    "faces": {
        "north": { "uv": [ 0, 5.75, 0.5, 6.25 ], "rotation": 90, "texture": "#texture", "cullface": "south" },
        "south": { "uv": [ 0, 5.75, 0.5, 6.25 ], "rotation": 270, "texture": "#texture", "cullface": "south" },
        "west":  { "uv": [ 0.5, 5.25, 1, 5.75 ], "texture": "#texture", "cullface": "south" },
        "east":  { "uv": [ 0.5, 5.75, 1, 6.25 ], "texture": "#texture", "cullface": "south" }
    }
},
{
    "__comment": "ArchR",
    "from": [ 11, 17, 16 ],
    "to": [ 19.4853, 19, 17.8 ],
    "rotation": { "origin": [ 11, 19, 16 ], "axis": "z", "angle": -45 },
    "faces": {
        "down":  { "uv": [ 0.5, 5.75, 1, 6.25 ], "texture": "#texture", "cullface": "east" },
        "up":    { "uv": [ 0.5, 5.25, 1, 5.75 ], "rotation": 90, "texture": "#texture", "cullface": "east" },
        "north": { "uv": [ 0, 5.75, 0.5, 6.25 ], "texture": "#texture", "cullface": "east" },
        "south": { "uv": [ 0, 5.75, 0.5, 6.25 ], "texture": "#texture", "cullface": "east" }
    }
},
{
    "__comment": "WingTopL",
    "from": [ -10.5, 1.5, 12.9375 ],
    "to": [ 0.5, 4.5, 29.9375 ],
    "rotation": { "origin": [ -10.5, 4.5, 12.9375 ], "axis": "z", "angle": 22.5 },
    "faces": {
        "down":  { "uv": [ 8, 6.5, 13, 8 ], "rotation": 270, "texture": "#texture", "cullface": "west" },
        "up":    { "uv": [ 8, 5, 13, 6.5 ], "rotation": 90, "texture": "#texture", "cullface": "west" },
        "north": { "uv": [ 8.5, 4.25, 9.25, 5 ], "texture": "#texture", "cullface": "west" },
        "south": { "uv": [ 8.5, 4.25, 9.25, 5 ], "texture": "#texture", "cullface": "west" },
        "west":  { "uv": [ 8.75, 6.5, 9.5, 7.25 ], "texture": "#texture", "cullface": "west" }
    }
},
{
    "from": [ 5, 8.5, 2 ],
    "to": [ 11, 14.5, 3 ],
    "rotation": { "origin": [ 5, 14.5, 2 ], "axis": "x", "angle": -22.5 },
    "faces": {
        "south": { "uv": [ 13.25, 9.5, 15.75, 12 ], "texture": "#texture" }
    }
},
{
    "__comment": "WingTopL*",
    "from": [ -10.25, 4.75, 12.9375 ],
    "to": [ -0.25, 6.75, 29.9375 ],
    "rotation": { "origin": [ -10.25, 6.75, 12.9375 ], "axis": "z", "angle": 22.5 },
    "faces": {
        "up":    { "uv": [ 8, 6.5, 13, 5 ], "rotation": 90, "texture": "#texture", "cullface": "west" },
        "north": { "uv": [ 8.5, 3.5, 9.25, 4.25 ], "texture": "#texture", "cullface": "west" },
        "south": { "uv": [ 8.5, 3.5, 9.25, 4.25 ], "texture": "#texture", "cullface": "west" },
        "west":  { "uv": [ 8.75, 6.5, 9.5, 7.25 ], "texture": "#texture", "cullface": "west" }
    }
},
{
    "__comment": "WingTopL*",
    "from": [ 17, 8.5, 12.9375 ],
    "to": [ 27, 10.5, 29.9375 ],
    "rotation": { "origin": [ 17, 10.5, 12.9375 ], "axis": "z", "angle": -22.5 },
    "faces": {
        "up":    { "uv": [ 8, 11, 13, 9.5 ], "rotation": 90, "texture": "#texture", "cullface": "east" },
        "north": { "uv": [ 8.5, 3.5, 9.25, 4.25 ], "texture": "#texture", "cullface": "east" },
        "south": { "uv": [ 8.5, 3.5, 9.25, 4.25 ], "texture": "#texture", "cullface": "east" },
        "east":  { "uv": [ 8.75, 6.5, 9.5, 7.25 ], "texture": "#texture", "cullface": "east" }
    }
},
{
    "__comment": "WingTopL*",
    "from": [ 16.25, 5.75, 12.9375 ],
    "to": [ 27.25, 8.75, 29.9375 ],
    "rotation": { "origin": [ 16.25, 8.75, 12.9375 ], "axis": "z", "angle": -22.5 },
    "faces": {
        "down":  { "uv": [ 8, 12.5, 13, 11 ], "rotation": 270, "texture": "#texture", "cullface": "east" },
        "up":    { "uv": [ 8, 5, 13, 6.5 ], "rotation": 90, "texture": "#texture", "cullface": "east" },
        "north": { "uv": [ 8.5, 4.25, 9.25, 5 ], "texture": "#texture", "cullface": "east" },
        "south": { "uv": [ 8.5, 4.25, 9.25, 5 ], "texture": "#texture", "cullface": "east" },
        "east":  { "uv": [ 8.75, 6.5, 9.5, 7.25 ], "texture": "#texture", "cullface": "east" }
    }
},
{
    "__comment": "MotorBack*",
    "from": [ 7, 15, 23 ],
    "to": [ 9, 17, 29 ],
    "faces": {
        "north": { "uv": [ 8.75, 6.5, 9.5, 7.25 ], "texture": "#texture", "cullface": "south" },
        "south": { "uv": [ 8.75, 6.5, 9.5, 7.25 ], "texture": "#texture", "cullface": "south" },
        "west":  { "uv": [ 8, 6.5, 10, 7.25 ], "texture": "#texture", "cullface": "south" },
        "east":  { "uv": [ 10, 6.5, 8, 7.25 ], "texture": "#texture", "cullface": "south" }
    }
},
{
    "__comment": "MotorBack*",
    "from": [ -6, 17, 22 ],
    "to": [ 22, 19, 32 ],
    "faces": {
        "down":  { "uv": [ 4, 4.5, 6.5, 10.25 ], "rotation": 270, "texture": "#texture", "cullface": "south" },
        "up":    { "uv": [ 4, 4.5, 6.5, 10.25 ], "rotation": 90, "texture": "#texture", "cullface": "south" },
        "north": { "uv": [ 4, 4.5, 4.5, 10.25 ], "rotation": 90, "texture": "#texture", "cullface": "south" },
        "south": { "uv": [ 6, 4.5, 6.5, 10.25 ], "rotation": 270, "texture": "#texture", "cullface": "south" },
        "west":  { "uv": [ 4, 10.25, 6.5, 10.75 ], "texture": "#texture", "cullface": "south" }
    }
},
{
    "from": [ -8.75, 3.25, 29.75 ],
    "to": [ -0.25, 6.5, 30.75 ],
    "rotation": { "origin": [ -8.75, 6.5, 29.75 ], "axis": "z", "angle": 22.5 },
    "faces": {
        "down":  { "uv": [ 0.5, 5.75, 1, 6.25 ], "texture": "#texture", "cullface": "west" },
        "up":    { "uv": [ 0.5, 5.75, 1, 6.25 ], "texture": "#texture", "cullface": "west" },
        "south": { "uv": [ 2.75, 2, 13.25, 14 ], "texture": "#reactor2", "cullface": "west" },
        "west":  { "uv": [ 0.5, 5.75, 1, 6.25 ], "texture": "#texture", "cullface": "west" },
        "east":  { "uv": [ 0.5, 5.75, 1, 6.25 ], "texture": "#texture", "cullface": "west" }
    }
},
{
    "from": [ 1.75, 4.5, 29.75 ],
    "to": [ 14.5, 11.5, 30.75 ],
    "faces": {
        "down":  { "uv": [ 8.5, 7, 9.25, 7.75 ], "texture": "#texture", "cullface": "south" },
        "up":    { "uv": [ 8.5, 7, 9.25, 7.75 ], "texture": "#texture", "cullface": "south" },
        "south": { "uv": [ 8.75, 13.5, 12.25, 15.5 ], "texture": "#texture", "cullface": "south" },
        "west":  { "uv": [ 8.5, 7, 9.25, 7.75 ], "texture": "#texture", "cullface": "south" },
        "east":  { "uv": [ 8.5, 7, 9.25, 7.75 ], "texture": "#texture", "cullface": "south" }
    }
},
{
    "from": [ 0.75, 0, -15 ],
    "to": [ 15.25, 3.5, -11.75 ],
    "faces": {
        "down":  { "uv": [ 0.5, 5.75, 1, 6.25 ], "texture": "#texture", "cullface": "north" },
        "up":    { "uv": [ 0.5, 5.25, 1, 5.75 ], "texture": "#texture", "cullface": "north" },
        "north": { "uv": [ 0, 5.75, 0.5, 6.25 ], "texture": "#texture", "cullface": "north" },
        "south": { "uv": [ 0, 5.75, 0.5, 6.25 ], "texture": "#texture", "cullface": "north" },
        "west":  { "uv": [ 0, 5.75, 0.5, 6.25 ], "texture": "#texture", "cullface": "north" }
    }
},
{
    "from": [ 15.25, 0, -15 ],
    "to": [ 20.5, 3.5, -11.75 ],
    "rotation": { "origin": [ 15.25, 0, -15 ], "axis": "y", "angle": -45 },
    "faces": {
        "down":  { "uv": [ 0.5, 5.75, 1, 6.25 ], "texture": "#texture", "cullface": "east" },
        "up":    { "uv": [ 0.5, 5.25, 1, 5.75 ], "texture": "#texture", "cullface": "east" },
        "north": { "uv": [ 0, 5.75, 0.5, 6.25 ], "texture": "#texture", "cullface": "east" },
        "south": { "uv": [ 0, 5.75, 0.5, 6.25 ], "texture": "#texture", "cullface": "east" }
    }
},
{
    "from": [ 15.75, 0, -11.25 ],
    "to": [ 19, 3.5, -5.75 ],
    "faces": {
        "down":  { "uv": [ 0.5, 5.75, 1, 6.25 ], "texture": "#texture", "cullface": "east" },
        "up":    { "uv": [ 0.5, 5.25, 1, 5.75 ], "texture": "#texture", "cullface": "east" },
        "north": { "uv": [ 0, 5.75, 0.5, 6.25 ], "texture": "#texture", "cullface": "east" },
        "south": { "uv": [ 0, 5.75, 0.5, 6.25 ], "texture": "#texture", "cullface": "east" },
        "west":  { "uv": [ 0, 5.75, 0.5, 6.25 ], "texture": "#texture", "cullface": "east" },
        "east":  { "uv": [ 0, 5.75, 0.5, 6.25 ], "texture": "#texture", "cullface": "east" }
    }
},
{
    "from": [ -3, 0, -11.25 ],
    "to": [ 2.25, 3.5, -8 ],
    "rotation": { "origin": [ -3, 0, -11.25 ], "axis": "y", "angle": 45 },
    "faces": {
        "down":  { "uv": [ 0.5, 5.75, 1, 6.25 ], "texture": "#texture", "cullface": "west" },
        "up":    { "uv": [ 0.5, 5.25, 1, 5.75 ], "texture": "#texture", "cullface": "west" },
        "north": { "uv": [ 0, 5.75, 0.5, 6.25 ], "texture": "#texture", "cullface": "west" },
        "south": { "uv": [ 0, 5.75, 0.5, 6.25 ], "texture": "#texture", "cullface": "west" }
    }
},
{
    "from": [ -3, 0, -11.25 ],
    "to": [ 0.25, 3.5, -5.75 ],
    "faces": {
        "down":  { "uv": [ 0.5, 5.75, 1, 6.25 ], "texture": "#texture", "cullface": "west" },
        "up":    { "uv": [ 0.5, 5.25, 1, 5.75 ], "texture": "#texture", "cullface": "west" },
        "south": { "uv": [ 0, 5.75, 0.5, 6.25 ], "texture": "#texture", "cullface": "west" },
        "west":  { "uv": [ 0, 5.75, 0.5, 6.25 ], "texture": "#texture", "cullface": "west" },
        "east":  { "uv": [ 0, 5.75, 0.5, 6.25 ], "texture": "#texture", "cullface": "west" }
    }
},
{
    "from": [ -1, 1, -12.5 ],
    "to": [ 17, 3.5, 30 ],
    "faces": {
        "down":  { "uv": [ 3, 4.75, 3.5, 5.25 ], "texture": "#texture" },
        "up":    { "uv": [ 0.5, 5.75, 1, 6.25 ], "texture": "#texture" },
        "south": { "uv": [ 0.25, 4.75, 0.75, 5.25 ], "texture": "#texture" },
        "west":  { "uv": [ 0.25, 4.75, 0.75, 5.25 ], "texture": "#texture" },
        "east":  { "uv": [ 0.25, 4.75, 0.75, 5.25 ], "texture": "#texture" }
    }
},
{
    "from": [ -6, 3.5, 14.25 ],
    "to": [ 22, 5.5, 28.75 ],
    "faces": {
        "down":  { "uv": [ 8.5, 7, 9.25, 7.75 ], "texture": "#texture", "cullface": "south" },
        "north": { "uv": [ 9, 5.75, 9.75, 6.5 ], "texture": "#texture", "cullface": "south" },
        "south": { "uv": [ 9, 5.75, 9.75, 6.5 ], "texture": "#texture", "cullface": "south" }
    }
},
{
    "__comment": "MotorBack*",
    "from": [ 22, 17, 22 ],
    "to": [ 25, 19, 32 ],
    "rotation": { "origin": [ 22, 19, 22 ], "axis": "z", "angle": -22.5 },
    "faces": {
        "down":  { "uv": [ 4, 4.5, 6.5, 3.75 ], "rotation": 270, "texture": "#texture", "cullface": "east" },
        "up":    { "uv": [ 4, 3.75, 6.5, 4.5 ], "rotation": 90, "texture": "#texture", "cullface": "east" },
        "north": { "uv": [ 4.5, 9.25, 5, 9.75 ], "texture": "#texture", "cullface": "east" },
        "south": { "uv": [ 6, 4.5, 6.5, 5.25 ], "rotation": 270, "texture": "#texture", "cullface": "east" },
        "east":  { "uv": [ 6.5, 10.25, 4, 10.75 ], "texture": "#texture", "cullface": "east" }
    }
},
{
    "__comment": "MotorBack*",
    "from": [ -8.75, 15.875, 22 ],
    "to": [ -5.75, 17.875, 32 ],
    "rotation": { "origin": [ -8.75, 17.875, 22 ], "axis": "z", "angle": 22.5 },
    "faces": {
        "down":  { "uv": [ 4, 11, 6.5, 10.25 ], "rotation": 270, "texture": "#texture", "cullface": "west" },
        "up":    { "uv": [ 4, 10.25, 6.5, 11 ], "rotation": 90, "texture": "#texture", "cullface": "west" },
        "north": { "uv": [ 4.5, 9.25, 5, 9.75 ], "texture": "#texture", "cullface": "west" },
        "south": { "uv": [ 6, 9.5, 6.5, 10.25 ], "rotation": 270, "texture": "#texture", "cullface": "west" },
        "west":  { "uv": [ 4, 10.25, 6.5, 10.75 ], "texture": "#texture", "cullface": "west" }
    }
},
{
    "from": [ -1.5, 3.75, 2.5 ],
    "to": [ -1, 11.75, 8.5 ],
    "faces": {
        "up":    { "uv": [ 0.5, 5.75, 1, 6.25 ], "texture": "#texture", "cullface": "west" },
        "north": { "uv": [ 0.5, 5.75, 1, 6.25 ], "texture": "#texture", "cullface": "west" },
        "south": { "uv": [ 0.5, 5.75, 1, 6.25 ], "texture": "#texture", "cullface": "west" },
        "west":  { "uv": [ 4.25, 2.25, 5.25, 3.75 ], "texture": "#texture", "cullface": "west" }
    }
},
{
    "from": [ 17, 3.75, 2.5 ],
    "to": [ 17.5, 11.75, 8.5 ],
    "faces": {
        "up":    { "uv": [ 0.5, 5.75, 1, 6.25 ], "texture": "#texture", "cullface": "east" },
        "north": { "uv": [ 0.5, 5.75, 1, 6.25 ], "texture": "#texture", "cullface": "east" },
        "south": { "uv": [ 0.5, 5.75, 1, 6.25 ], "texture": "#texture", "cullface": "east" },
        "east":  { "uv": [ 5.25, 2.25, 4.25, 3.75 ], "texture": "#texture", "cullface": "east" }
    }
},
{
    "from": [ -2, 1.25, 1 ],
    "to": [ 18, 3.75, 9.75 ],
    "faces": {
        "down":  { "uv": [ 0.5, 5.75, 1, 6.25 ], "texture": "#texture" },
        "up":    { "uv": [ 0.5, 5.75, 1, 6.25 ], "texture": "#texture" },
        "north": { "uv": [ 0.5, 5.75, 1, 6.25 ], "texture": "#texture" },
        "south": { "uv": [ 0.5, 5.75, 1, 6.25 ], "texture": "#texture" },
        "west":  { "uv": [ 1, 5.25, 2.5, 5.75 ], "texture": "#texture" },
        "east":  { "uv": [ 1, 5.25, 2.5, 5.75 ], "texture": "#texture" }
    }
},
{
    "from": [ 17, 6.5, 29.75 ],
    "to": [ 25.5, 9.75, 30.75 ],
    "rotation": { "origin": [ 17, 9.75, 29.75 ], "axis": "z", "angle": -22.5 },
    "faces": {
        "down":  { "uv": [ 0.5, 5.75, 1, 6.25 ], "texture": "#texture", "cullface": "east" },
        "up":    { "uv": [ 0.5, 5.75, 1, 6.25 ], "texture": "#texture", "cullface": "east" },
        "south": { "uv": [ 2.75, 2, 13.25, 14 ], "texture": "#reactor2", "cullface": "east" },
        "west":  { "uv": [ 0.5, 5.75, 1, 6.25 ], "texture": "#texture", "cullface": "east" },
        "east":  { "uv": [ 0.5, 5.75, 1, 6.25 ], "texture": "#texture", "cullface": "east" }
    }
},
{
    "from": [ -10.75, 1.25, 12.75 ],
    "to": [ -1.25, 7, 13.75 ],
    "rotation": { "origin": [ -10.75, 7, 12.75 ], "axis": "z", "angle": 22.5 },
    "faces": {
        "north": { "uv": [ 0.25, 7.25, 4, 9.75 ], "texture": "#texture", "cullface": "west" }
    }
},
{
    "from": [ 18, 5, 12.75 ],
    "to": [ 27.5, 10.75, 13.75 ],
    "rotation": { "origin": [ 18, 10.75, 12.75 ], "axis": "z", "angle": -22.5 },
    "faces": {
        "north": { "uv": [ 4, 7.25, 0.25, 9.75 ], "texture": "#texture", "cullface": "east" }
    }
}
],
"display": {
    "thirdperson": {
        "rotation": [ 180, 180, 0 ],
        "translation": [ 0, 1.5, -1 ],
        "scale": [ 0.5, 0.5, 0.5 ]
    },
    "head": {
        "rotation": [ 0, 0, 0 ],
        "translation": [ 0, 1, -2.5 ],
        "scale": [ 1.8, 1.8, 1.8 ]
    },
    "gui": {
        "rotation": [ 30, -45, 0 ],
        "translation": [ 0, -1.1, 0 ],
        "scale": [ 0.7, 0.7, 0.7 ]
    }
}
}