{
"__comment": "Designed by Hypixel minecraft server with BDcraft Cubik PRO 0.93 Beta - http://bdcraft.net",
"textures": {
    "texture": "blocks/JumpPad"
},
"elements": [ 
{
    "from": [ 0, 16, 0 ],
    "to": [ 0.5, 16.5, 15.5 ],
    "faces": {
        "up":    { "uv": [ 0, 0, 0.5, 15.5 ], "texture": "#texture", "cullface": "up" },
        "north": { "uv": [ 15.5, 15, 16, 16 ], "texture": "#texture", "cullface": "up" },
        "west":  { "uv": [ 0, 15.5, 0.5, 0 ], "rotation": 90, "texture": "#texture", "cullface": "up" },
        "east":  { "uv": [ 0.5, 0, 0, 15.5 ], "rotation": 90, "texture": "#texture", "cullface": "up" }
    }
},
{
    "from": [ 0.5, 16, 0 ],
    "to": [ 16, 16.5, 0.5 ],
    "faces": {
        "up":    { "uv": [ 0.5, 0, 16, 0.5 ], "texture": "#texture", "cullface": "up" },
        "north": { "uv": [ 16, 0, 0.5, 0.5 ], "texture": "#texture", "cullface": "up" },
        "south": { "uv": [ 0.5, 0, 16, 0.5 ], "texture": "#texture", "cullface": "up" },
        "east":  { "uv": [ 15.5, 15, 16, 16 ], "texture": "#texture", "cullface": "up" }
    }
},
{
    "from": [ 15.5, 16, 0.5 ],
    "to": [ 16, 16.5, 16 ],
    "faces": {
        "up":    { "uv": [ 15.5, 0.5, 16, 16 ], "texture": "#texture", "cullface": "up" },
        "south": { "uv": [ 15.5, 15, 16, 16 ], "texture": "#texture", "cullface": "up" },
        "west":  { "uv": [ 15.5, 16, 16, 0.5 ], "rotation": 90, "texture": "#texture", "cullface": "up" },
        "east":  { "uv": [ 15.5, 0.5, 16, 16 ], "rotation": 90, "texture": "#texture", "cullface": "up" }
    }
},
{
    "from": [ 0, 16, 15.5 ],
    "to": [ 15.5, 16.5, 16 ],
    "faces": {
        "up":    { "uv": [ 0, 15.5, 15.5, 16 ], "texture": "#texture", "cullface": "up" },
        "north": { "uv": [ 15.5, 15.5, 0, 16 ], "texture": "#texture", "cullface": "up" },
        "south": { "uv": [ 0, 15.5, 15.5, 16 ], "texture": "#texture", "cullface": "up" },
        "west":  { "uv": [ 15.5, 15, 16, 16 ], "texture": "#texture", "cullface": "up" }
    }
},
{
    "from": [ 0.5, 16, 0.5 ],
    "to": [ 15.5, 16.5, 15.5 ],
    "faces": {
        "up":    { "uv": [ 0.5, 0.5, 15.5, 15.5 ], "texture": "#texture", "cullface": "up" }
    }
},
{
    "from": [ 0.5, 16.25, 3 ],
    "to": [ 1, 16.75, 6 ],
    "faces": {
        "down":  { "uv": [ 15.5, 6, 15, 3 ], "texture": "#texture", "cullface": "up" },
        "up":    { "uv": [ 0.5, 3, 1, 6 ], "texture": "#texture", "cullface": "up" },
        "north": { "uv": [ 12.5, 15, 13, 15.5 ], "texture": "#texture", "cullface": "up" },
        "south": { "uv": [ 12.5, 15, 13, 15.5 ], "texture": "#texture", "cullface": "up" },
        "west":  { "uv": [ 3, 15, 6, 15.5 ], "texture": "#texture", "cullface": "up" },
        "east":  { "uv": [ 3, 15, 6, 15.5 ], "texture": "#texture", "cullface": "up" }
    }
},
{
    "from": [ 1, 16.25, 2.5 ],
    "to": [ 1.5, 16.75, 4.5 ],
    "faces": {
        "down":  { "uv": [ 15, 4.5, 14.5, 2.5 ], "texture": "#texture", "cullface": "up" },
        "up":    { "uv": [ 1, 2.5, 1.5, 4.5 ], "texture": "#texture", "cullface": "up" },
        "north": { "uv": [ 13, 14.5, 13.5, 15 ], "texture": "#texture", "cullface": "up" },
        "south": { "uv": [ 13, 14.5, 13.5, 15 ], "texture": "#texture", "cullface": "up" },
        "west":  { "uv": [ 3, 15, 5, 15.5 ], "texture": "#texture", "cullface": "up" },
        "east":  { "uv": [ 3, 15, 5, 15.5 ], "texture": "#texture", "cullface": "up" }
    }
},
{
    "from": [ 1.5, 16.25, 2 ],
    "to": [ 2, 16.75, 4 ],
    "faces": {
        "down":  { "uv": [ 14.5, 4, 14, 2 ], "texture": "#texture", "cullface": "up" },
        "up":    { "uv": [ 1.5, 2, 2, 4 ], "texture": "#texture", "cullface": "up" },
        "north": { "uv": [ 12.5, 15, 13, 15.5 ], "texture": "#texture", "cullface": "up" },
        "south": { "uv": [ 12.5, 15, 13, 15.5 ], "texture": "#texture", "cullface": "up" },
        "west":  { "uv": [ 3, 15, 5, 15.5 ], "texture": "#texture", "cullface": "up" },
        "east":  { "uv": [ 3, 15, 5, 15.5 ], "texture": "#texture", "cullface": "up" }
    }
},
{
    "from": [ 2, 16.25, 1.5 ],
    "to": [ 2.5, 16.75, 3 ],
    "faces": {
        "down":  { "uv": [ 14, 3, 13.5, 1.5 ], "texture": "#texture", "cullface": "up" },
        "up":    { "uv": [ 2, 1.5, 2.5, 3 ], "texture": "#texture", "cullface": "up" },
        "north": { "uv": [ 12.5, 15, 13, 15.5 ], "texture": "#texture", "cullface": "up" },
        "south": { "uv": [ 12.5, 15, 13, 15.5 ], "texture": "#texture", "cullface": "up" },
        "west":  { "uv": [ 3, 15, 4.5, 15.5 ], "texture": "#texture", "cullface": "up" },
        "east":  { "uv": [ 3, 15, 4.5, 15.5 ], "texture": "#texture", "cullface": "up" }
    }
},
{
    "from": [ 2.5, 16.25, 1 ],
    "to": [ 3, 16.75, 2.5 ],
    "faces": {
        "down":  { "uv": [ 13.5, 2.5, 13, 1 ], "texture": "#texture", "cullface": "up" },
        "up":    { "uv": [ 2.5, 1, 3, 2.5 ], "texture": "#texture", "cullface": "up" },
        "north": { "uv": [ 12.5, 15, 13, 15.5 ], "texture": "#texture", "cullface": "up" },
        "south": { "uv": [ 12.5, 15, 13, 15.5 ], "texture": "#texture", "cullface": "up" },
        "west":  { "uv": [ 3, 15, 4.5, 15.5 ], "texture": "#texture", "cullface": "up" },
        "east":  { "uv": [ 3, 15, 4.5, 15.5 ], "texture": "#texture", "cullface": "up" }
    }
},
{
    "from": [ 3, 16.25, 0.5 ],
    "to": [ 4, 16.75, 2 ],
    "faces": {
        "down":  { "uv": [ 13, 2, 12, 0.5 ], "texture": "#texture", "cullface": "up" },
        "up":    { "uv": [ 3, 0.5, 4, 2 ], "texture": "#texture", "cullface": "up" },
        "north": { "uv": [ 12, 15, 13, 15.5 ], "texture": "#texture", "cullface": "up" },
        "south": { "uv": [ 12, 15, 13, 15.5 ], "texture": "#texture", "cullface": "up" },
        "west":  { "uv": [ 3, 15, 4.5, 15.5 ], "texture": "#texture", "cullface": "up" },
        "east":  { "uv": [ 3, 15, 4.5, 15.5 ], "texture": "#texture", "cullface": "up" }
    }
},
{
    "from": [ 4, 16.25, 0.5 ],
    "to": [ 4.5, 16.75, 1.5 ],
    "faces": {
        "down":  { "uv": [ 12, 1.5, 11.5, 0.5 ], "texture": "#texture", "cullface": "up" },
        "up":    { "uv": [ 4, 0.5, 4.5, 1.5 ], "texture": "#texture", "cullface": "up" },
        "north": { "uv": [ 11.5, 15, 12, 15.5 ], "texture": "#texture", "cullface": "up" },
        "south": { "uv": [ 11.5, 15, 12, 15.5 ], "texture": "#texture", "cullface": "up" },
        "east":  { "uv": [ 3.25, 14.5, 4.25, 15 ], "texture": "#texture", "cullface": "up" }
    }
},
{
    "from": [ 4.5, 16.25, 0.5 ],
    "to": [ 6, 16.75, 1 ],
    "faces": {
        "down":  { "uv": [ 11.5, 1, 10, 0.5 ], "texture": "#texture", "cullface": "up" },
        "up":    { "uv": [ 4.5, 0.5, 6, 1 ], "texture": "#texture", "cullface": "up" },
        "north": { "uv": [ 10, 15, 11.5, 15.5 ], "texture": "#texture", "cullface": "up" },
        "south": { "uv": [ 10, 15, 11.5, 15.5 ], "texture": "#texture", "cullface": "up" },
        "east":  { "uv": [ 2.5, 14.5, 3, 15 ], "texture": "#texture", "cullface": "up" }
    }
},
{
    "from": [ 15, 16.25, 3 ],
    "to": [ 15.5, 16.75, 6 ],
    "faces": {
        "down":  { "uv": [ 15.5, 6, 15, 3 ], "texture": "#texture", "cullface": "up" },
        "up":    { "uv": [ 0.5, 3, 1, 6 ], "texture": "#texture", "cullface": "up" },
        "north": { "uv": [ 12.5, 15, 13, 15.5 ], "texture": "#texture", "cullface": "up" },
        "south": { "uv": [ 12.5, 15, 13, 15.5 ], "texture": "#texture", "cullface": "up" },
        "west":  { "uv": [ 3, 15, 6, 15.5 ], "texture": "#texture", "cullface": "up" },
        "east":  { "uv": [ 3, 15, 6, 15.5 ], "texture": "#texture", "cullface": "up" }
    }
},
{
    "from": [ 14.5, 16.25, 2.5 ],
    "to": [ 15, 16.75, 4.5 ],
    "faces": {
        "down":  { "uv": [ 15, 4.5, 14.5, 2.5 ], "texture": "#texture", "cullface": "up" },
        "up":    { "uv": [ 1, 2.5, 1.5, 4.5 ], "texture": "#texture", "cullface": "up" },
        "north": { "uv": [ 13, 14.5, 13.5, 15 ], "texture": "#texture", "cullface": "up" },
        "south": { "uv": [ 13, 14.5, 13.5, 15 ], "texture": "#texture", "cullface": "up" },
        "west":  { "uv": [ 3, 15, 5, 15.5 ], "texture": "#texture", "cullface": "up" },
        "east":  { "uv": [ 3, 15, 5, 15.5 ], "texture": "#texture", "cullface": "up" }
    }
},
{
    "from": [ 14, 16.25, 2 ],
    "to": [ 14.5, 16.75, 4 ],
    "faces": {
        "down":  { "uv": [ 14.5, 4, 14, 2 ], "texture": "#texture", "cullface": "up" },
        "up":    { "uv": [ 1.5, 2, 2, 4 ], "texture": "#texture", "cullface": "up" },
        "north": { "uv": [ 12.5, 15, 13, 15.5 ], "texture": "#texture", "cullface": "up" },
        "south": { "uv": [ 12.5, 15, 13, 15.5 ], "texture": "#texture", "cullface": "up" },
        "west":  { "uv": [ 3, 15, 5, 15.5 ], "texture": "#texture", "cullface": "up" },
        "east":  { "uv": [ 3, 15, 5, 15.5 ], "texture": "#texture", "cullface": "up" }
    }
},
{
    "from": [ 13.5, 16.25, 1.5 ],
    "to": [ 14, 16.75, 3 ],
    "faces": {
        "down":  { "uv": [ 14, 3, 13.5, 1.5 ], "texture": "#texture", "cullface": "up" },
        "up":    { "uv": [ 2, 1.5, 2.5, 3 ], "texture": "#texture", "cullface": "up" },
        "north": { "uv": [ 12.5, 15, 13, 15.5 ], "texture": "#texture", "cullface": "up" },
        "south": { "uv": [ 12.5, 15, 13, 15.5 ], "texture": "#texture", "cullface": "up" },
        "west":  { "uv": [ 3, 15, 4.5, 15.5 ], "texture": "#texture", "cullface": "up" },
        "east":  { "uv": [ 3, 15, 4.5, 15.5 ], "texture": "#texture", "cullface": "up" }
    }
},
{
    "from": [ 13, 16.25, 1 ],
    "to": [ 13.5, 16.75, 2.5 ],
    "faces": {
        "down":  { "uv": [ 13.5, 2.5, 13, 1 ], "texture": "#texture", "cullface": "up" },
        "up":    { "uv": [ 2.5, 1, 3, 2.5 ], "texture": "#texture", "cullface": "up" },
        "north": { "uv": [ 12.5, 15, 13, 15.5 ], "texture": "#texture", "cullface": "up" },
        "south": { "uv": [ 12.5, 15, 13, 15.5 ], "texture": "#texture", "cullface": "up" },
        "west":  { "uv": [ 3, 15, 4.5, 15.5 ], "texture": "#texture", "cullface": "up" },
        "east":  { "uv": [ 3, 15, 4.5, 15.5 ], "texture": "#texture", "cullface": "up" }
    }
},
{
    "from": [ 12, 16.25, 0.5 ],
    "to": [ 13, 16.75, 2 ],
    "faces": {
        "down":  { "uv": [ 13, 2, 12, 0.5 ], "texture": "#texture", "cullface": "up" },
        "up":    { "uv": [ 3, 0.5, 4, 2 ], "texture": "#texture", "cullface": "up" },
        "north": { "uv": [ 12, 15, 13, 15.5 ], "texture": "#texture", "cullface": "up" },
        "south": { "uv": [ 12, 15, 13, 15.5 ], "texture": "#texture", "cullface": "up" },
        "west":  { "uv": [ 3, 15, 4.5, 15.5 ], "texture": "#texture", "cullface": "up" },
        "east":  { "uv": [ 3, 15, 4.5, 15.5 ], "texture": "#texture", "cullface": "up" }
    }
},
{
    "from": [ 11.5, 16.25, 0.5 ],
    "to": [ 12, 16.75, 1.5 ],
    "faces": {
        "down":  { "uv": [ 12, 1.5, 11.5, 0.5 ], "texture": "#texture", "cullface": "up" },
        "up":    { "uv": [ 4, 0.5, 4.5, 1.5 ], "texture": "#texture", "cullface": "up" },
        "north": { "uv": [ 11.5, 15, 12, 15.5 ], "texture": "#texture", "cullface": "up" },
        "south": { "uv": [ 11.5, 15, 12, 15.5 ], "texture": "#texture", "cullface": "up" },
        "west":  { "uv": [ 3.25, 14.5, 4.25, 15 ], "texture": "#texture", "cullface": "up" }
    }
},
{
    "from": [ 10, 16.25, 0.5 ],
    "to": [ 11.5, 16.75, 1 ],
    "faces": {
        "down":  { "uv": [ 11.5, 1, 10, 0.5 ], "texture": "#texture", "cullface": "up" },
        "up":    { "uv": [ 4.5, 0.5, 6, 1 ], "texture": "#texture", "cullface": "up" },
        "north": { "uv": [ 10, 15, 11.5, 15.5 ], "texture": "#texture", "cullface": "up" },
        "south": { "uv": [ 10, 15, 11.5, 15.5 ], "texture": "#texture", "cullface": "up" },
        "west":  { "uv": [ 2.5, 14.5, 3, 15 ], "texture": "#texture", "cullface": "up" }
    }
},
{
    "from": [ 3, 16.25, 14 ],
    "to": [ 4, 16.75, 15.5 ],
    "faces": {
        "down":  { "uv": [ 13, 2, 12, 0.5 ], "texture": "#texture", "cullface": "up" },
        "up":    { "uv": [ 3, 0.5, 4, 2 ], "texture": "#texture", "cullface": "up" },
        "north": { "uv": [ 12, 15, 13, 15.5 ], "texture": "#texture", "cullface": "up" },
        "south": { "uv": [ 12, 15, 13, 15.5 ], "texture": "#texture", "cullface": "up" },
        "west":  { "uv": [ 3, 15, 4.5, 15.5 ], "texture": "#texture", "cullface": "up" },
        "east":  { "uv": [ 3, 15, 4.5, 15.5 ], "texture": "#texture", "cullface": "up" }
    }
},
{
    "from": [ 12, 16.25, 14 ],
    "to": [ 13, 16.75, 15.5 ],
    "faces": {
        "down":  { "uv": [ 13, 2, 12, 0.5 ], "texture": "#texture", "cullface": "up" },
        "up":    { "uv": [ 3, 0.5, 4, 2 ], "texture": "#texture", "cullface": "up" },
        "north": { "uv": [ 12, 15, 13, 15.5 ], "texture": "#texture", "cullface": "up" },
        "south": { "uv": [ 12, 15, 13, 15.5 ], "texture": "#texture", "cullface": "up" },
        "west":  { "uv": [ 3, 15, 4.5, 15.5 ], "texture": "#texture", "cullface": "up" },
        "east":  { "uv": [ 3, 15, 4.5, 15.5 ], "texture": "#texture", "cullface": "up" }
    }
},
{
    "from": [ 13, 16.25, 13.5 ],
    "to": [ 13.5, 16.75, 15 ],
    "faces": {
        "down":  { "uv": [ 13.5, 2.5, 13, 1 ], "texture": "#texture", "cullface": "up" },
        "up":    { "uv": [ 2.5, 1, 3, 2.5 ], "texture": "#texture", "cullface": "up" },
        "north": { "uv": [ 12.5, 15, 13, 15.5 ], "texture": "#texture", "cullface": "up" },
        "south": { "uv": [ 12.5, 15, 13, 15.5 ], "texture": "#texture", "cullface": "up" },
        "west":  { "uv": [ 3, 15, 4.5, 15.5 ], "texture": "#texture", "cullface": "up" },
        "east":  { "uv": [ 3, 15, 4.5, 15.5 ], "texture": "#texture", "cullface": "up" }
    }
},
{
    "from": [ 13.5, 16.25, 13 ],
    "to": [ 14, 16.75, 14.5 ],
    "faces": {
        "down":  { "uv": [ 14, 3, 13.5, 1.5 ], "texture": "#texture", "cullface": "up" },
        "up":    { "uv": [ 2, 1.5, 2.5, 3 ], "texture": "#texture", "cullface": "up" },
        "north": { "uv": [ 12.5, 15, 13, 15.5 ], "texture": "#texture", "cullface": "up" },
        "south": { "uv": [ 12.5, 15, 13, 15.5 ], "texture": "#texture", "cullface": "up" },
        "west":  { "uv": [ 3, 15, 4.5, 15.5 ], "texture": "#texture", "cullface": "up" },
        "east":  { "uv": [ 3, 15, 4.5, 15.5 ], "texture": "#texture", "cullface": "up" }
    }
},
{
    "from": [ 14, 16.25, 12 ],
    "to": [ 14.5, 16.75, 14 ],
    "faces": {
        "down":  { "uv": [ 14.5, 4, 14, 2 ], "texture": "#texture", "cullface": "up" },
        "up":    { "uv": [ 1.5, 2, 2, 4 ], "texture": "#texture", "cullface": "up" },
        "north": { "uv": [ 12.5, 15, 13, 15.5 ], "texture": "#texture", "cullface": "up" },
        "south": { "uv": [ 12.5, 15, 13, 15.5 ], "texture": "#texture", "cullface": "up" },
        "west":  { "uv": [ 3, 15, 5, 15.5 ], "texture": "#texture", "cullface": "up" },
        "east":  { "uv": [ 3, 15, 5, 15.5 ], "texture": "#texture", "cullface": "up" }
    }
},
{
    "from": [ 14.5, 16.25, 11.5 ],
    "to": [ 15, 16.75, 13.5 ],
    "faces": {
        "down":  { "uv": [ 15, 4.5, 14.5, 2.5 ], "texture": "#texture", "cullface": "up" },
        "up":    { "uv": [ 1, 2.5, 1.5, 4.5 ], "texture": "#texture", "cullface": "up" },
        "north": { "uv": [ 13, 14.5, 13.5, 15 ], "texture": "#texture", "cullface": "up" },
        "south": { "uv": [ 13, 14.5, 13.5, 15 ], "texture": "#texture", "cullface": "up" },
        "west":  { "uv": [ 3, 15, 5, 15.5 ], "texture": "#texture", "cullface": "up" },
        "east":  { "uv": [ 3, 15, 5, 15.5 ], "texture": "#texture", "cullface": "up" }
    }
},
{
    "from": [ 15, 16.25, 10 ],
    "to": [ 15.5, 16.75, 13 ],
    "faces": {
        "down":  { "uv": [ 15.5, 6, 15, 3 ], "texture": "#texture", "cullface": "up" },
        "up":    { "uv": [ 0.5, 3, 1, 6 ], "texture": "#texture", "cullface": "up" },
        "north": { "uv": [ 12.5, 15, 13, 15.5 ], "texture": "#texture", "cullface": "up" },
        "south": { "uv": [ 12.5, 15, 13, 15.5 ], "texture": "#texture", "cullface": "up" },
        "west":  { "uv": [ 3, 15, 6, 15.5 ], "texture": "#texture", "cullface": "up" },
        "east":  { "uv": [ 3, 15, 6, 15.5 ], "texture": "#texture", "cullface": "up" }
    }
},
{
    "from": [ 11.5, 16.25, 14.5 ],
    "to": [ 12, 16.75, 15.5 ],
    "faces": {
        "down":  { "uv": [ 12, 1.5, 11.5, 0.5 ], "texture": "#texture", "cullface": "up" },
        "up":    { "uv": [ 4, 0.5, 4.5, 1.5 ], "texture": "#texture", "cullface": "up" },
        "north": { "uv": [ 11.5, 15, 12, 15.5 ], "texture": "#texture", "cullface": "up" },
        "south": { "uv": [ 11.5, 15, 12, 15.5 ], "texture": "#texture", "cullface": "up" },
        "west":  { "uv": [ 3.25, 14.5, 4.25, 15 ], "texture": "#texture", "cullface": "up" }
    }
},
{
    "from": [ 10, 16.25, 15 ],
    "to": [ 11.5, 16.75, 15.5 ],
    "faces": {
        "down":  { "uv": [ 11.5, 1, 10, 0.5 ], "texture": "#texture", "cullface": "up" },
        "up":    { "uv": [ 4.5, 0.5, 6, 1 ], "texture": "#texture", "cullface": "up" },
        "north": { "uv": [ 10, 15, 11.5, 15.5 ], "texture": "#texture", "cullface": "up" },
        "south": { "uv": [ 10, 15, 11.5, 15.5 ], "texture": "#texture", "cullface": "up" },
        "west":  { "uv": [ 2.5, 14.5, 3, 15 ], "texture": "#texture", "cullface": "up" }
    }
},
{
    "from": [ 4.5, 16.25, 15 ],
    "to": [ 6, 16.75, 15.5 ],
    "faces": {
        "down":  { "uv": [ 11.5, 1, 10, 0.5 ], "texture": "#texture", "cullface": "up" },
        "up":    { "uv": [ 4.5, 0.5, 6, 1 ], "texture": "#texture", "cullface": "up" },
        "north": { "uv": [ 10, 15, 11.5, 15.5 ], "texture": "#texture", "cullface": "up" },
        "south": { "uv": [ 10, 15, 11.5, 15.5 ], "texture": "#texture", "cullface": "up" },
        "east":  { "uv": [ 2.5, 14.5, 3, 15 ], "texture": "#texture", "cullface": "up" }
    }
},
{
    "from": [ 4, 16.25, 14.5 ],
    "to": [ 4.5, 16.75, 15.5 ],
    "faces": {
        "down":  { "uv": [ 12, 1.5, 11.5, 0.5 ], "texture": "#texture", "cullface": "up" },
        "up":    { "uv": [ 4, 0.5, 4.5, 1.5 ], "texture": "#texture", "cullface": "up" },
        "north": { "uv": [ 11.5, 15, 12, 15.5 ], "texture": "#texture", "cullface": "up" },
        "south": { "uv": [ 11.5, 15, 12, 15.5 ], "texture": "#texture", "cullface": "up" },
        "east":  { "uv": [ 3.25, 14.5, 4.25, 15 ], "texture": "#texture", "cullface": "up" }
    }
},
{
    "from": [ 2.5, 16.25, 13.5 ],
    "to": [ 3, 16.75, 15 ],
    "faces": {
        "down":  { "uv": [ 13.5, 2.5, 13, 1 ], "texture": "#texture", "cullface": "up" },
        "up":    { "uv": [ 2.5, 1, 3, 2.5 ], "texture": "#texture", "cullface": "up" },
        "north": { "uv": [ 12.5, 15, 13, 15.5 ], "texture": "#texture", "cullface": "up" },
        "south": { "uv": [ 12.5, 15, 13, 15.5 ], "texture": "#texture", "cullface": "up" },
        "west":  { "uv": [ 3, 15, 4.5, 15.5 ], "texture": "#texture", "cullface": "up" },
        "east":  { "uv": [ 3, 15, 4.5, 15.5 ], "texture": "#texture", "cullface": "up" }
    }
},
{
    "from": [ 2, 16.25, 13 ],
    "to": [ 2.5, 16.75, 14.5 ],
    "faces": {
        "down":  { "uv": [ 14, 3, 13.5, 1.5 ], "texture": "#texture", "cullface": "up" },
        "up":    { "uv": [ 2, 1.5, 2.5, 3 ], "texture": "#texture", "cullface": "up" },
        "north": { "uv": [ 12.5, 15, 13, 15.5 ], "texture": "#texture", "cullface": "up" },
        "south": { "uv": [ 12.5, 15, 13, 15.5 ], "texture": "#texture", "cullface": "up" },
        "west":  { "uv": [ 3, 15, 4.5, 15.5 ], "texture": "#texture", "cullface": "up" },
        "east":  { "uv": [ 3, 15, 4.5, 15.5 ], "texture": "#texture", "cullface": "up" }
    }
},
{
    "from": [ 1.5, 16.25, 12 ],
    "to": [ 2, 16.75, 14 ],
    "faces": {
        "down":  { "uv": [ 14.5, 4, 14, 2 ], "texture": "#texture", "cullface": "up" },
        "up":    { "uv": [ 1.5, 2, 2, 4 ], "texture": "#texture", "cullface": "up" },
        "north": { "uv": [ 12.5, 15, 13, 15.5 ], "texture": "#texture", "cullface": "up" },
        "south": { "uv": [ 12.5, 15, 13, 15.5 ], "texture": "#texture", "cullface": "up" },
        "west":  { "uv": [ 3, 15, 5, 15.5 ], "texture": "#texture", "cullface": "up" },
        "east":  { "uv": [ 3, 15, 5, 15.5 ], "texture": "#texture", "cullface": "up" }
    }
},
{
    "from": [ 1, 16.25, 11.5 ],
    "to": [ 1.5, 16.75, 13.5 ],
    "faces": {
        "down":  { "uv": [ 15, 4.5, 14.5, 2.5 ], "texture": "#texture", "cullface": "up" },
        "up":    { "uv": [ 1, 2.5, 1.5, 4.5 ], "texture": "#texture", "cullface": "up" },
        "north": { "uv": [ 13, 14.5, 13.5, 15 ], "texture": "#texture", "cullface": "up" },
        "south": { "uv": [ 13, 14.5, 13.5, 15 ], "texture": "#texture", "cullface": "up" },
        "west":  { "uv": [ 3, 15, 5, 15.5 ], "texture": "#texture", "cullface": "up" },
        "east":  { "uv": [ 3, 15, 5, 15.5 ], "texture": "#texture", "cullface": "up" }
    }
},
{
    "from": [ 0.5, 16.25, 10 ],
    "to": [ 1, 16.75, 13 ],
    "faces": {
        "down":  { "uv": [ 15.5, 6, 15, 3 ], "texture": "#texture", "cullface": "up" },
        "up":    { "uv": [ 0.5, 3, 1, 6 ], "texture": "#texture", "cullface": "up" },
        "north": { "uv": [ 12.5, 15, 13, 15.5 ], "texture": "#texture", "cullface": "up" },
        "south": { "uv": [ 12.5, 15, 13, 15.5 ], "texture": "#texture", "cullface": "up" },
        "west":  { "uv": [ 3, 15, 6, 15.5 ], "texture": "#texture", "cullface": "up" },
        "east":  { "uv": [ 3, 15, 6, 15.5 ], "texture": "#texture", "cullface": "up" }
    }
},
{
    "from": [ 6, 16.5, 0.5 ],
    "to": [ 10, 17, 15.5 ],
    "faces": {
        "up":    { "uv": [ 6, 0.5, 10, 15.5 ], "texture": "#texture", "cullface": "up" },
        "north": { "uv": [ 6, 0.5, 10, 1 ], "texture": "#texture", "cullface": "up" },
        "south": { "uv": [ 6, 15, 10, 15.5 ], "texture": "#texture", "cullface": "up" },
        "west":  { "uv": [ 6, 0.5, 6.5, 15.5 ], "rotation": 90, "texture": "#texture", "cullface": "up" },
        "east":  { "uv": [ 9.5, 0.5, 10, 15.5 ], "rotation": 90, "texture": "#texture", "cullface": "up" }
    }
},
{
    "from": [ 4.5, 16.5, 1 ],
    "to": [ 6, 17, 15 ],
    "faces": {
        "up":    { "uv": [ 4.5, 1, 6, 15 ], "texture": "#texture", "cullface": "up" },
        "north": { "uv": [ 8.5, 15, 10, 15.5 ], "texture": "#texture", "cullface": "up" },
        "south": { "uv": [ 8.5, 15, 10, 15.5 ], "texture": "#texture", "cullface": "up" },
        "west":  { "uv": [ 4.5, 1, 5, 15 ], "rotation": 90, "texture": "#texture", "cullface": "up" }
    }
},
{
    "from": [ 4, 16.5, 1.5 ],
    "to": [ 4.5, 17, 14.5 ],
    "faces": {
        "up":    { "uv": [ 4, 1.5, 4.5, 14.5 ], "texture": "#texture", "cullface": "up" },
        "north": { "uv": [ 9.25, 15, 9.75, 15.5 ], "texture": "#texture", "cullface": "up" },
        "south": { "uv": [ 4.75, 14.25, 5.25, 14.75 ], "texture": "#texture", "cullface": "up" },
        "west":  { "uv": [ 4, 1.5, 4.5, 14.5 ], "rotation": 90, "texture": "#texture", "cullface": "up" }
    }
},
{
    "from": [ 3, 16.5, 2 ],
    "to": [ 4, 17, 14 ],
    "faces": {
        "up":    { "uv": [ 3, 2, 4, 14 ], "texture": "#texture", "cullface": "up" },
        "north": { "uv": [ 3, 13.5, 4, 14 ], "texture": "#texture", "cullface": "up" },
        "south": { "uv": [ 3, 13.5, 4, 14 ], "texture": "#texture", "cullface": "up" },
        "west":  { "uv": [ 3, 2, 3.5, 14 ], "rotation": 90, "texture": "#texture", "cullface": "up" }
    }
},
{
    "from": [ 2.5, 16.5, 2.5 ],
    "to": [ 3, 17, 13.5 ],
    "faces": {
        "up":    { "uv": [ 2.5, 2.5, 3, 13.5 ], "texture": "#texture", "cullface": "up" },
        "north": { "uv": [ 2.5, 13, 3, 13.5 ], "texture": "#texture", "cullface": "up" },
        "south": { "uv": [ 2.5, 13, 3, 13.5 ], "texture": "#texture", "cullface": "up" },
        "west":  { "uv": [ 2.5, 2.5, 3, 13.5 ], "rotation": 90, "texture": "#texture", "cullface": "up" }
    }
},
{
    "from": [ 2, 16.5, 3 ],
    "to": [ 2.5, 17, 13 ],
    "faces": {
        "up":    { "uv": [ 2, 3, 2.5, 13 ], "texture": "#texture", "cullface": "up" },
        "north": { "uv": [ 3, 13.5, 3.5, 14 ], "texture": "#texture", "cullface": "up" },
        "south": { "uv": [ 3, 13.5, 3.5, 14 ], "texture": "#texture", "cullface": "up" },
        "west":  { "uv": [ 2, 3, 2.5, 13 ], "rotation": 90, "texture": "#texture", "cullface": "up" }
    }
},
{
    "from": [ 1.5, 16.5, 4 ],
    "to": [ 2, 17, 12 ],
    "faces": {
        "up":    { "uv": [ 1.5, 4, 2, 12 ], "texture": "#texture", "cullface": "up" },
        "north": { "uv": [ 4.5, 14.5, 5, 15 ], "texture": "#texture", "cullface": "up" },
        "south": { "uv": [ 4.5, 14.5, 5, 15 ], "texture": "#texture", "cullface": "up" },
        "west":  { "uv": [ 1.5, 4, 2, 12 ], "rotation": 90, "texture": "#texture", "cullface": "up" }
    }
},
{
    "from": [ 1, 16.5, 4.5 ],
    "to": [ 1.5, 17, 11.5 ],
    "faces": {
        "up":    { "uv": [ 1, 4.5, 1.5, 11.5 ], "texture": "#texture", "cullface": "up" },
        "north": { "uv": [ 2.5, 13, 3, 13.5 ], "texture": "#texture", "cullface": "up" },
        "south": { "uv": [ 2.5, 13, 3, 13.5 ], "texture": "#texture", "cullface": "up" },
        "west":  { "uv": [ 1, 4.5, 1.5, 11.5 ], "rotation": 90, "texture": "#texture", "cullface": "up" }
    }
},
{
    "from": [ 0.5, 16.5, 6 ],
    "to": [ 1, 17, 10 ],
    "faces": {
        "up":    { "uv": [ 0.5, 6, 1, 10 ], "texture": "#texture", "cullface": "up" },
        "north": { "uv": [ 4.5, 14.5, 5, 15 ], "texture": "#texture", "cullface": "up" },
        "south": { "uv": [ 4.5, 14.5, 5, 15 ], "texture": "#texture", "cullface": "up" },
        "west":  { "uv": [ 6, 15, 10, 15.5 ], "texture": "#texture", "cullface": "up" }
    }
},
{
    "from": [ 10, 16.5, 1 ],
    "to": [ 11.5, 17, 15 ],
    "faces": {
        "up":    { "uv": [ 6, 1, 4.5, 15 ], "texture": "#texture", "cullface": "up" },
        "north": { "uv": [ 8.5, 15, 10, 15.5 ], "texture": "#texture", "cullface": "up" },
        "south": { "uv": [ 8.5, 15, 10, 15.5 ], "texture": "#texture", "cullface": "up" },
        "east":  { "uv": [ 5.5, 1, 6, 15 ], "rotation": 90, "texture": "#texture", "cullface": "up" }
    }
},
{
    "from": [ 11.5, 16.5, 1.5 ],
    "to": [ 12, 17, 14.5 ],
    "faces": {
        "up":    { "uv": [ 4, 1.5, 4.5, 14.5 ], "texture": "#texture", "cullface": "up" },
        "north": { "uv": [ 9.25, 15, 9.75, 15.5 ], "texture": "#texture", "cullface": "up" },
        "south": { "uv": [ 4.75, 14.25, 5.25, 14.75 ], "texture": "#texture", "cullface": "up" },
        "east":  { "uv": [ 4, 1.5, 4.5, 14.5 ], "rotation": 90, "texture": "#texture", "cullface": "up" }
    }
},
{
    "from": [ 12, 16.5, 2 ],
    "to": [ 13, 17, 14 ],
    "faces": {
        "up":    { "uv": [ 4, 2, 3, 14 ], "texture": "#texture", "cullface": "up" },
        "north": { "uv": [ 3, 13.5, 4, 14 ], "texture": "#texture", "cullface": "up" },
        "south": { "uv": [ 3, 13.5, 4, 14 ], "texture": "#texture", "cullface": "up" },
        "east":  { "uv": [ 3.5, 2, 4, 14 ], "rotation": 90, "texture": "#texture", "cullface": "up" }
    }
},
{
    "from": [ 13, 16.5, 2.75 ],
    "to": [ 13.5, 17, 13.75 ],
    "faces": {
        "up":    { "uv": [ 2.5, 2.5, 3, 13.5 ], "texture": "#texture", "cullface": "up" },
        "north": { "uv": [ 2.5, 13, 3, 13.5 ], "texture": "#texture", "cullface": "up" },
        "south": { "uv": [ 2.5, 13, 3, 13.5 ], "texture": "#texture", "cullface": "up" },
        "east":  { "uv": [ 2.5, 2.5, 3, 13.5 ], "rotation": 90, "texture": "#texture", "cullface": "up" }
    }
},
{
    "from": [ 13.5, 16.5, 3 ],
    "to": [ 14, 17, 13 ],
    "faces": {
        "up":    { "uv": [ 2, 3, 2.5, 13 ], "texture": "#texture", "cullface": "up" },
        "north": { "uv": [ 3, 13.5, 3.5, 14 ], "texture": "#texture", "cullface": "up" },
        "south": { "uv": [ 3, 13.5, 3.5, 14 ], "texture": "#texture", "cullface": "up" },
        "east":  { "uv": [ 2, 3, 2.5, 13 ], "rotation": 90, "texture": "#texture", "cullface": "up" }
    }
},
{
    "from": [ 14, 16.5, 4 ],
    "to": [ 14.5, 17, 12 ],
    "faces": {
        "up":    { "uv": [ 1.5, 4, 2, 12 ], "texture": "#texture", "cullface": "up" },
        "north": { "uv": [ 4.5, 14.5, 5, 15 ], "texture": "#texture", "cullface": "up" },
        "south": { "uv": [ 4.5, 14.5, 5, 15 ], "texture": "#texture", "cullface": "up" },
        "east":  { "uv": [ 1.5, 4, 2, 12 ], "texture": "#texture", "cullface": "up" }
    }
},
{
    "from": [ 14.5, 16.5, 4.5 ],
    "to": [ 15, 17, 11.5 ],
    "faces": {
        "up":    { "uv": [ 1, 4.5, 1.5, 11.5 ], "texture": "#texture", "cullface": "up" },
        "north": { "uv": [ 2.5, 13, 3, 13.5 ], "texture": "#texture", "cullface": "up" },
        "south": { "uv": [ 2.5, 13, 3, 13.5 ], "texture": "#texture", "cullface": "up" },
        "east":  { "uv": [ 1, 4.5, 1.5, 11.5 ], "rotation": 90, "texture": "#texture", "cullface": "up" }
    }
},
{
    "from": [ 15, 16.5, 6 ],
    "to": [ 15.5, 17, 10 ],
    "faces": {
        "up":    { "uv": [ 0.5, 6, 1, 10 ], "texture": "#texture", "cullface": "up" },
        "north": { "uv": [ 4.5, 14.5, 5, 15 ], "texture": "#texture", "cullface": "up" },
        "south": { "uv": [ 4.5, 14.5, 5, 15 ], "texture": "#texture", "cullface": "up" },
        "east":  { "uv": [ 6, 15, 10, 15.5 ], "texture": "#texture", "cullface": "up" }
    }
},
{
    "from": [ 6.5, 16.75, 1.5 ],
    "to": [ 9.5, 17.25, 14.5 ],
    "faces": {
        "down":  { "uv": [ 9.5, 14.5, 6.5, 1.5 ], "texture": "#texture", "cullface": "up" },
        "up":    { "uv": [ 6.5, 1.5, 9.5, 14.5 ], "texture": "#texture", "cullface": "up" },
        "north": { "uv": [ 6.5, 14, 9.5, 14.5 ], "texture": "#texture", "cullface": "up" },
        "south": { "uv": [ 6.5, 14, 9.5, 14.5 ], "texture": "#texture", "cullface": "up" },
        "west":  { "uv": [ 6.5, 1.5, 7, 14.5 ], "rotation": 90, "texture": "#texture", "cullface": "up" },
        "east":  { "uv": [ 6.5, 1.5, 7, 14.5 ], "rotation": 90, "texture": "#texture", "cullface": "up" }
    }
},
{
    "from": [ 9.5, 16.75, 2 ],
    "to": [ 11, 17.25, 14 ],
    "faces": {
        "down":  { "uv": [ 6.5, 14, 5, 2 ], "texture": "#texture", "cullface": "up" },
        "up":    { "uv": [ 9.5, 2, 11, 14 ], "texture": "#texture", "cullface": "up" },
        "north": { "uv": [ 5, 13.5, 6.5, 14 ], "texture": "#texture", "cullface": "up" },
        "south": { "uv": [ 5, 13.5, 6.5, 14 ], "texture": "#texture", "cullface": "up" },
        "east":  { "uv": [ 9.5, 2, 10, 14 ], "rotation": 90, "texture": "#texture", "cullface": "up" }
    }
},
{
    "from": [ 11, 16.75, 2.5 ],
    "to": [ 11.5, 17.25, 13.5 ],
    "faces": {
        "down":  { "uv": [ 5, 13.5, 4.5, 2.5 ], "texture": "#texture", "cullface": "up" },
        "up":    { "uv": [ 11, 2.5, 11.5, 13.5 ], "texture": "#texture", "cullface": "up" },
        "north": { "uv": [ 6, 13.5, 6.5, 14 ], "texture": "#texture", "cullface": "up" },
        "south": { "uv": [ 6, 13.5, 6.5, 14 ], "texture": "#texture", "cullface": "up" },
        "east":  { "uv": [ 11, 2.5, 11.5, 13.5 ], "rotation": 90, "texture": "#texture", "cullface": "up" }
    }
},
{
    "from": [ 11.5, 16.75, 3 ],
    "to": [ 12, 17.25, 13 ],
    "faces": {
        "down":  { "uv": [ 4.5, 13, 4, 3 ], "texture": "#texture", "cullface": "up" },
        "up":    { "uv": [ 11.5, 3, 12, 13 ], "texture": "#texture", "cullface": "up" },
        "north": { "uv": [ 6, 13.5, 6.5, 14 ], "texture": "#texture", "cullface": "up" },
        "south": { "uv": [ 6, 13.5, 6.5, 14 ], "texture": "#texture", "cullface": "up" },
        "east":  { "uv": [ 11.5, 3, 12, 13 ], "rotation": 90, "texture": "#texture", "cullface": "up" }
    }
},
{
    "from": [ 12, 16.75, 3.5 ],
    "to": [ 12.5, 17.25, 12.5 ],
    "faces": {
        "down":  { "uv": [ 4, 12.5, 3.5, 3.5 ], "texture": "#texture", "cullface": "up" },
        "up":    { "uv": [ 12, 3.5, 12.5, 12.5 ], "texture": "#texture", "cullface": "up" },
        "north": { "uv": [ 3.5, 12, 4, 12.5 ], "texture": "#texture", "cullface": "up" },
        "south": { "uv": [ 3.5, 12, 4, 12.5 ], "texture": "#texture", "cullface": "up" },
        "east":  { "uv": [ 3.5, 12, 12.5, 12.5 ], "texture": "#texture", "cullface": "up" }
    }
},
{
    "from": [ 12.5, 16.75, 4 ],
    "to": [ 13, 17.25, 12 ],
    "faces": {
        "down":  { "uv": [ 3.5, 12, 3, 4 ], "texture": "#texture", "cullface": "up" },
        "up":    { "uv": [ 12.5, 4, 13, 12 ], "texture": "#texture", "cullface": "up" },
        "north": { "uv": [ 4.5, 13, 5, 13.5 ], "texture": "#texture", "cullface": "up" },
        "south": { "uv": [ 4.5, 13, 5, 13.5 ], "texture": "#texture", "cullface": "up" },
        "east":  { "uv": [ 4, 12.5, 12, 13 ], "texture": "#texture", "cullface": "up" }
    }
},
{
    "from": [ 13, 16.75, 4.5 ],
    "to": [ 13.5, 17.25, 11.5 ],
    "faces": {
        "down":  { "uv": [ 3, 11.5, 2.5, 4.5 ], "texture": "#texture", "cullface": "up" },
        "up":    { "uv": [ 13, 4.5, 13.5, 11.5 ], "texture": "#texture", "cullface": "up" },
        "north": { "uv": [ 5, 13.5, 5.5, 14 ], "texture": "#texture", "cullface": "up" },
        "south": { "uv": [ 5, 13.5, 5.5, 14 ], "texture": "#texture", "cullface": "up" },
        "east":  { "uv": [ 4.5, 13, 11.5, 13.5 ], "texture": "#texture", "cullface": "up" }
    }
},
{
    "from": [ 13.5, 16.75, 5 ],
    "to": [ 14, 17.25, 11 ],
    "faces": {
        "down":  { "uv": [ 2.5, 11, 2, 5 ], "texture": "#texture", "cullface": "up" },
        "up":    { "uv": [ 13.5, 5, 14, 11 ], "texture": "#texture", "cullface": "up" },
        "north": { "uv": [ 5, 13.5, 5.5, 14 ], "texture": "#texture", "cullface": "up" },
        "south": { "uv": [ 5, 13.5, 5.5, 14 ], "texture": "#texture", "cullface": "up" },
        "east":  { "uv": [ 5, 2, 11, 2.5 ], "texture": "#texture", "cullface": "up" }
    }
},
{
    "from": [ 14, 16.75, 6.5 ],
    "to": [ 14.5, 17.25, 9.5 ],
    "faces": {
        "down":  { "uv": [ 2, 9.5, 1.5, 6.5 ], "texture": "#texture", "cullface": "up" },
        "up":    { "uv": [ 14, 6.5, 14.5, 9.5 ], "texture": "#texture", "cullface": "up" },
        "north": { "uv": [ 6.5, 14, 7, 14.5 ], "texture": "#texture", "cullface": "up" },
        "south": { "uv": [ 6.5, 14, 7, 14.5 ], "texture": "#texture", "cullface": "up" },
        "east":  { "uv": [ 6.5, 14, 9.5, 14.5 ], "texture": "#texture", "cullface": "up" }
    }
},
{
    "from": [ 5, 16.75, 2 ],
    "to": [ 6.5, 17.25, 14 ],
    "faces": {
        "down":  { "uv": [ 6.5, 14, 5, 2 ], "texture": "#texture", "cullface": "up" },
        "up":    { "uv": [ 5, 2, 6.5, 14 ], "texture": "#texture", "cullface": "up" },
        "north": { "uv": [ 5, 13.5, 6.5, 14 ], "texture": "#texture", "cullface": "up" },
        "south": { "uv": [ 5, 13.5, 6.5, 14 ], "texture": "#texture", "cullface": "up" },
        "west":  { "uv": [ 9.5, 2, 10, 14 ], "rotation": 90, "texture": "#texture", "cullface": "up" }
    }
},
{
    "from": [ 4.5, 16.75, 2.5 ],
    "to": [ 5, 17.25, 13.5 ],
    "faces": {
        "down":  { "uv": [ 5, 13.5, 4.5, 2.5 ], "texture": "#texture", "cullface": "up" },
        "up":    { "uv": [ 11, 2.5, 11.5, 13.5 ], "texture": "#texture", "cullface": "up" },
        "north": { "uv": [ 6, 13.5, 6.5, 14 ], "texture": "#texture", "cullface": "up" },
        "south": { "uv": [ 6, 13.5, 6.5, 14 ], "texture": "#texture", "cullface": "up" },
        "west":  { "uv": [ 11, 2.5, 11.5, 13.5 ], "rotation": 90, "texture": "#texture", "cullface": "up" }
    }
},
{
    "from": [ 4, 16.75, 3 ],
    "to": [ 4.5, 17.25, 13 ],
    "faces": {
        "down":  { "uv": [ 4.5, 13, 4, 3 ], "texture": "#texture", "cullface": "up" },
        "up":    { "uv": [ 11.5, 3, 12, 13 ], "texture": "#texture", "cullface": "up" },
        "north": { "uv": [ 6, 13.5, 6.5, 14 ], "texture": "#texture", "cullface": "up" },
        "south": { "uv": [ 6, 13.5, 6.5, 14 ], "texture": "#texture", "cullface": "up" },
        "west":  { "uv": [ 11.5, 3, 12, 13 ], "rotation": 90, "texture": "#texture", "cullface": "up" }
    }
},
{
    "from": [ 3.5, 16.75, 3.5 ],
    "to": [ 4, 17.25, 12.5 ],
    "faces": {
        "down":  { "uv": [ 4, 12.5, 3.5, 3.5 ], "texture": "#texture", "cullface": "up" },
        "up":    { "uv": [ 12, 3.5, 12.5, 12.5 ], "texture": "#texture", "cullface": "up" },
        "north": { "uv": [ 3.5, 12, 4, 12.5 ], "texture": "#texture", "cullface": "up" },
        "south": { "uv": [ 3.5, 12, 4, 12.5 ], "texture": "#texture", "cullface": "up" },
        "west":  { "uv": [ 3.5, 12, 12.5, 12.5 ], "texture": "#texture", "cullface": "up" }
    }
},
{
    "from": [ 3, 16.75, 4 ],
    "to": [ 3.5, 17.25, 12 ],
    "faces": {
        "down":  { "uv": [ 3.5, 12, 3, 4 ], "texture": "#texture", "cullface": "up" },
        "up":    { "uv": [ 12.5, 4, 13, 12 ], "texture": "#texture", "cullface": "up" },
        "north": { "uv": [ 4.5, 13, 5, 13.5 ], "texture": "#texture", "cullface": "up" },
        "south": { "uv": [ 4.5, 13, 5, 13.5 ], "texture": "#texture", "cullface": "up" },
        "west":  { "uv": [ 4, 12.5, 12, 13 ], "texture": "#texture", "cullface": "up" }
    }
},
{
    "from": [ 2.5, 16.75, 4.5 ],
    "to": [ 3, 17.25, 11.5 ],
    "faces": {
        "down":  { "uv": [ 3, 11.5, 2.5, 4.5 ], "texture": "#texture", "cullface": "up" },
        "up":    { "uv": [ 13, 4.5, 13.5, 11.5 ], "texture": "#texture", "cullface": "up" },
        "north": { "uv": [ 5, 13.5, 5.5, 14 ], "texture": "#texture", "cullface": "up" },
        "south": { "uv": [ 5, 13.5, 5.5, 14 ], "texture": "#texture", "cullface": "up" },
        "west":  { "uv": [ 4.5, 13, 11.5, 13.5 ], "texture": "#texture", "cullface": "up" }
    }
},
{
    "from": [ 2, 16.75, 5 ],
    "to": [ 2.5, 17.25, 11 ],
    "faces": {
        "down":  { "uv": [ 2.5, 11, 2, 5 ], "texture": "#texture", "cullface": "up" },
        "up":    { "uv": [ 13.5, 5, 14, 11 ], "texture": "#texture", "cullface": "up" },
        "north": { "uv": [ 5, 13.5, 5.5, 14 ], "texture": "#texture", "cullface": "up" },
        "south": { "uv": [ 5, 13.5, 5.5, 14 ], "texture": "#texture", "cullface": "up" },
        "west":  { "uv": [ 5, 2, 11, 2.5 ], "texture": "#texture", "cullface": "up" }
    }
},
{
    "from": [ 1.5, 16.75, 6.5 ],
    "to": [ 2, 17.25, 9.5 ],
    "faces": {
        "down":  { "uv": [ 2, 9.5, 1.5, 6.5 ], "texture": "#texture", "cullface": "up" },
        "up":    { "uv": [ 14, 6.5, 14.5, 9.5 ], "texture": "#texture", "cullface": "up" },
        "north": { "uv": [ 6.5, 14, 7, 14.5 ], "texture": "#texture", "cullface": "up" },
        "south": { "uv": [ 6.5, 14, 7, 14.5 ], "texture": "#texture", "cullface": "up" },
        "west":  { "uv": [ 6.5, 14, 9.5, 14.5 ], "texture": "#texture", "cullface": "up" }
    }
},
{
    "from": [ 6.5, 17, 2 ],
    "to": [ 9.5, 17.5, 14 ],
    "faces": {
        "up":    { "uv": [ 6.5, 2, 9.5, 14 ], "texture": "#texture", "cullface": "up" },
        "north": { "uv": [ 6.5, 13.5, 9.5, 14 ], "texture": "#texture", "cullface": "up" },
        "south": { "uv": [ 6.5, 13.5, 9.5, 14 ], "texture": "#texture", "cullface": "up" },
        "west":  { "uv": [ 2, 9, 14, 9.5 ], "texture": "#texture", "cullface": "up" },
        "east":  { "uv": [ 2, 9, 14, 9.5 ], "texture": "#texture", "cullface": "up" }
    }
},
{
    "from": [ 9.5, 17, 2.5 ],
    "to": [ 11, 17.5, 13.5 ],
    "faces": {
        "down":  { "uv": [ 6.5, 13.5, 5, 2.5 ], "texture": "#texture", "cullface": "up" },
        "up":    { "uv": [ 9.5, 2.5, 11, 13.5 ], "texture": "#texture", "cullface": "up" },
        "north": { "uv": [ 5, 13, 6.5, 13.5 ], "texture": "#texture", "cullface": "up" },
        "south": { "uv": [ 5, 13, 6.5, 13.5 ], "texture": "#texture", "cullface": "up" },
        "east":  { "uv": [ 2.5, 9.5, 13.5, 10 ], "texture": "#texture", "cullface": "up" }
    }
},
{
    "from": [ 11, 17, 3 ],
    "to": [ 11.5, 17.5, 13 ],
    "faces": {
        "up":    { "uv": [ 11, 3, 11.5, 13 ], "texture": "#texture", "cullface": "up" },
        "north": { "uv": [ 5, 13, 5.5, 13.5 ], "texture": "#texture", "cullface": "up" },
        "south": { "uv": [ 5, 13, 5.5, 13.5 ], "texture": "#texture", "cullface": "up" },
        "east":  { "uv": [ 3, 11, 13, 11.5 ], "texture": "#texture", "cullface": "up" }
    }
},
{
    "from": [ 11.5, 17, 3.5 ],
    "to": [ 12, 17.5, 12.5 ],
    "faces": {
        "up":    { "uv": [ 11.5, 3.5, 12, 12.5 ], "texture": "#texture", "cullface": "up" },
        "north": { "uv": [ 4.5, 12.5, 5, 13 ], "texture": "#texture", "cullface": "up" },
        "south": { "uv": [ 4.5, 12.5, 5, 13 ], "texture": "#texture", "cullface": "up" },
        "east":  { "uv": [ 3.5, 11.5, 12.5, 12 ], "texture": "#texture", "cullface": "up" }
    }
},
{
    "from": [ 12, 17, 4 ],
    "to": [ 12.5, 17.5, 12 ],
    "faces": {
        "up":    { "uv": [ 12, 4, 12.5, 12 ], "texture": "#texture", "cullface": "up" },
        "north": { "uv": [ 5, 13, 5.5, 13.5 ], "texture": "#texture", "cullface": "up" },
        "south": { "uv": [ 5, 13, 5.5, 13.5 ], "texture": "#texture", "cullface": "up" },
        "east":  { "uv": [ 4, 12, 12, 12.5 ], "texture": "#texture", "cullface": "up" }
    }
},
{
    "from": [ 12.5, 17, 4.5 ],
    "to": [ 13, 17.5, 11.5 ],
    "faces": {
        "up":    { "uv": [ 12.5, 4.5, 13, 11.5 ], "texture": "#texture", "cullface": "up" },
        "north": { "uv": [ 4.5, 12.5, 5, 13 ], "texture": "#texture", "cullface": "up" },
        "south": { "uv": [ 4.5, 12.5, 5, 13 ], "texture": "#texture", "cullface": "up" },
        "east":  { "uv": [ 4.5, 12.5, 11.5, 13 ], "texture": "#texture", "cullface": "up" }
    }
},
{
    "from": [ 13, 17, 5 ],
    "to": [ 13.5, 17.5, 11 ],
    "faces": {
        "up":    { "uv": [ 13, 5, 13.5, 11 ], "texture": "#texture", "cullface": "up" },
        "north": { "uv": [ 5, 13, 5.5, 13.5 ], "texture": "#texture", "cullface": "up" },
        "south": { "uv": [ 5, 13, 5.5, 13.5 ], "texture": "#texture", "cullface": "up" },
        "east":  { "uv": [ 5, 13, 11, 13.5 ], "texture": "#texture", "cullface": "up" }
    }
},
{
    "from": [ 13.5, 17, 6.5 ],
    "to": [ 14, 17.5, 9.5 ],
    "faces": {
        "up":    { "uv": [ 13.5, 6.5, 14, 9.5 ], "texture": "#texture", "cullface": "up" },
        "north": { "uv": [ 6.5, 13.5, 7, 14 ], "texture": "#texture", "cullface": "up" },
        "south": { "uv": [ 6.5, 13.5, 7, 14 ], "texture": "#texture", "cullface": "up" },
        "east":  { "uv": [ 6.5, 13.5, 9.5, 14 ], "texture": "#texture", "cullface": "up" }
    }
},
{
    "from": [ 5, 17, 2.5 ],
    "to": [ 6.5, 17.5, 13.5 ],
    "faces": {
        "down":  { "uv": [ 6.5, 13.5, 5, 2.5 ], "texture": "#texture", "cullface": "up" },
        "up":    { "uv": [ 9.5, 2.5, 11, 13.5 ], "texture": "#texture", "cullface": "up" },
        "north": { "uv": [ 5, 13, 6.5, 13.5 ], "texture": "#texture", "cullface": "up" },
        "south": { "uv": [ 5, 13, 6.5, 13.5 ], "texture": "#texture", "cullface": "up" },
        "west":  { "uv": [ 2.5, 9.5, 13.5, 10 ], "texture": "#texture", "cullface": "up" }
    }
},
{
    "from": [ 4.5, 17, 3 ],
    "to": [ 5, 17.5, 13 ],
    "faces": {
        "up":    { "uv": [ 11, 3, 11.5, 13 ], "texture": "#texture", "cullface": "up" },
        "north": { "uv": [ 5, 13, 5.5, 13.5 ], "texture": "#texture", "cullface": "up" },
        "south": { "uv": [ 5, 13, 5.5, 13.5 ], "texture": "#texture", "cullface": "up" },
        "west":  { "uv": [ 3, 11, 13, 11.5 ], "texture": "#texture", "cullface": "up" }
    }
},
{
    "from": [ 4, 17, 3.5 ],
    "to": [ 4.5, 17.5, 12.5 ],
    "faces": {
        "up":    { "uv": [ 11.5, 3.5, 12, 12.5 ], "texture": "#texture", "cullface": "up" },
        "north": { "uv": [ 4.5, 12.5, 5, 13 ], "texture": "#texture", "cullface": "up" },
        "south": { "uv": [ 4.5, 12.5, 5, 13 ], "texture": "#texture", "cullface": "up" },
        "west":  { "uv": [ 3.5, 11.5, 12.5, 12 ], "texture": "#texture", "cullface": "up" }
    }
},
{
    "from": [ 3.5, 17, 4 ],
    "to": [ 4, 17.5, 12 ],
    "faces": {
        "up":    { "uv": [ 12, 4, 12.5, 12 ], "texture": "#texture", "cullface": "up" },
        "north": { "uv": [ 5, 13, 5.5, 13.5 ], "texture": "#texture", "cullface": "up" },
        "south": { "uv": [ 5, 13, 5.5, 13.5 ], "texture": "#texture", "cullface": "up" },
        "west":  { "uv": [ 4, 12, 12, 12.5 ], "texture": "#texture", "cullface": "up" }
    }
},
{
    "from": [ 3, 17, 4.5 ],
    "to": [ 3.5, 17.5, 11.5 ],
    "faces": {
        "up":    { "uv": [ 12.5, 4.5, 13, 11.5 ], "texture": "#texture", "cullface": "up" },
        "north": { "uv": [ 4.5, 12.5, 5, 13 ], "texture": "#texture", "cullface": "up" },
        "south": { "uv": [ 4.5, 12.5, 5, 13 ], "texture": "#texture", "cullface": "up" },
        "west":  { "uv": [ 4.5, 12.5, 11.5, 13 ], "texture": "#texture", "cullface": "up" }
    }
},
{
    "from": [ 2.5, 17, 5 ],
    "to": [ 3, 17.5, 11 ],
    "faces": {
        "up":    { "uv": [ 13, 5, 13.5, 11 ], "texture": "#texture", "cullface": "up" },
        "north": { "uv": [ 5, 13, 5.5, 13.5 ], "texture": "#texture", "cullface": "up" },
        "south": { "uv": [ 5, 13, 5.5, 13.5 ], "texture": "#texture", "cullface": "up" },
        "west":  { "uv": [ 5, 13, 11, 13.5 ], "texture": "#texture", "cullface": "up" }
    }
},
{
    "from": [ 2, 17, 6.5 ],
    "to": [ 2.5, 17.5, 9.5 ],
    "faces": {
        "up":    { "uv": [ 13.5, 6.5, 14, 9.5 ], "texture": "#texture", "cullface": "up" },
        "north": { "uv": [ 6.5, 13.5, 7, 14 ], "texture": "#texture", "cullface": "up" },
        "south": { "uv": [ 6.5, 13.5, 7, 14 ], "texture": "#texture", "cullface": "up" },
        "west":  { "uv": [ 6.5, 13.5, 9.5, 14 ], "texture": "#texture", "cullface": "up" }
    }
},
{
    "from": [ 7, 17.25, 3 ],
    "to": [ 9, 17.75, 13 ],
    "faces": {
        "up":    { "uv": [ 6.5, 2.5, 7, 3 ], "texture": "#texture", "cullface": "up" },
        "north": { "uv": [ 6.5, 2.5, 7, 3 ], "texture": "#texture", "cullface": "up" },
        "south": { "uv": [ 6.5, 2.5, 7, 3 ], "texture": "#texture", "cullface": "up" },
        "west":  { "uv": [ 6.5, 2.5, 7, 3 ], "texture": "#texture", "cullface": "up" },
        "east":  { "uv": [ 6.5, 2.5, 7, 3 ], "texture": "#texture", "cullface": "up" }
    }
},
{
    "from": [ 9, 17.25, 3.5 ],
    "to": [ 10.5, 17.75, 12.5 ],
    "faces": {
        "down":  { "uv": [ 6.5, 2.5, 7, 3 ], "texture": "#texture", "cullface": "up" },
        "up":    { "uv": [ 6.5, 2.5, 7, 3 ], "texture": "#texture", "cullface": "up" },
        "north": { "uv": [ 6.5, 2.5, 7, 3 ], "texture": "#texture", "cullface": "up" },
        "south": { "uv": [ 6.5, 2.5, 7, 3 ], "texture": "#texture", "cullface": "up" },
        "east":  { "uv": [ 6.5, 2.5, 7, 3 ], "texture": "#texture", "cullface": "up" }
    }
},
{
    "from": [ 10.5, 17.25, 4 ],
    "to": [ 11, 17.75, 12 ],
    "faces": {
        "up":    { "uv": [ 6.5, 2.5, 7, 3 ], "texture": "#texture", "cullface": "up" },
        "north": { "uv": [ 6.5, 2.5, 7, 3 ], "texture": "#texture", "cullface": "up" },
        "south": { "uv": [ 6.5, 2.5, 7, 3 ], "texture": "#texture", "cullface": "up" },
        "east":  { "uv": [ 6.5, 2.5, 7, 3 ], "texture": "#texture", "cullface": "up" }
    }
},
{
    "from": [ 11, 17.25, 4.5 ],
    "to": [ 11.5, 17.75, 11.5 ],
    "faces": {
        "up":    { "uv": [ 6.5, 2.5, 7, 3 ], "texture": "#texture", "cullface": "up" },
        "north": { "uv": [ 6.5, 2.5, 7, 3 ], "texture": "#texture", "cullface": "up" },
        "south": { "uv": [ 6.5, 2.5, 7, 3 ], "texture": "#texture", "cullface": "up" },
        "east":  { "uv": [ 6.5, 2.5, 7, 3 ], "texture": "#texture", "cullface": "up" }
    }
},
{
    "from": [ 11.5, 17.25, 5 ],
    "to": [ 12, 17.75, 11 ],
    "faces": {
        "up":    { "uv": [ 6.5, 2.5, 7, 3 ], "texture": "#texture", "cullface": "up" },
        "north": { "uv": [ 6.5, 2.5, 7, 3 ], "texture": "#texture", "cullface": "up" },
        "south": { "uv": [ 6.5, 2.5, 7, 3 ], "texture": "#texture", "cullface": "up" },
        "east":  { "uv": [ 6.5, 2.5, 7, 3 ], "texture": "#texture", "cullface": "up" }
    }
},
{
    "from": [ 12, 17.25, 5.5 ],
    "to": [ 12.5, 17.75, 10.5 ],
    "faces": {
        "up":    { "uv": [ 6.5, 2.5, 7, 3 ], "texture": "#texture", "cullface": "up" },
        "north": { "uv": [ 6.5, 2.5, 7, 3 ], "texture": "#texture", "cullface": "up" },
        "south": { "uv": [ 6.5, 2.5, 7, 3 ], "texture": "#texture", "cullface": "up" },
        "east":  { "uv": [ 6.5, 2.5, 7, 3 ], "texture": "#texture", "cullface": "up" }
    }
},
{
    "from": [ 12.5, 17.25, 7 ],
    "to": [ 13, 17.75, 9 ],
    "faces": {
        "up":    { "uv": [ 6.5, 2.5, 7, 3 ], "texture": "#texture", "cullface": "up" },
        "north": { "uv": [ 6.5, 2.5, 7, 3 ], "texture": "#texture", "cullface": "up" },
        "south": { "uv": [ 6.5, 2.5, 7, 3 ], "texture": "#texture", "cullface": "up" },
        "east":  { "uv": [ 6.5, 2.5, 7, 3 ], "texture": "#texture", "cullface": "up" }
    }
},
{
    "from": [ 5.5, 17.25, 3.5 ],
    "to": [ 7, 17.75, 12.5 ],
    "faces": {
        "down":  { "uv": [ 6.5, 2.5, 7, 3 ], "texture": "#texture", "cullface": "up" },
        "up":    { "uv": [ 6.5, 2.5, 7, 3 ], "texture": "#texture", "cullface": "up" },
        "north": { "uv": [ 6.5, 2.5, 7, 3 ], "texture": "#texture", "cullface": "up" },
        "south": { "uv": [ 6.5, 2.5, 7, 3 ], "texture": "#texture", "cullface": "up" },
        "west":  { "uv": [ 6.5, 2.5, 7, 3 ], "texture": "#texture", "cullface": "up" }
    }
},
{
    "from": [ 5, 17.25, 4 ],
    "to": [ 5.5, 17.75, 12 ],
    "faces": {
        "up":    { "uv": [ 6.5, 2.5, 7, 3 ], "texture": "#texture", "cullface": "up" },
        "north": { "uv": [ 6.5, 2.5, 7, 3 ], "texture": "#texture", "cullface": "up" },
        "south": { "uv": [ 6.5, 2.5, 7, 3 ], "texture": "#texture", "cullface": "up" },
        "west":  { "uv": [ 6.5, 2.5, 7, 3 ], "texture": "#texture", "cullface": "up" }
    }
},
{
    "from": [ 4.5, 17.25, 4.5 ],
    "to": [ 5, 17.75, 11.5 ],
    "faces": {
        "up":    { "uv": [ 6.5, 2.5, 7, 3 ], "texture": "#texture", "cullface": "up" },
        "north": { "uv": [ 6.5, 2.5, 7, 3 ], "texture": "#texture", "cullface": "up" },
        "south": { "uv": [ 6.5, 2.5, 7, 3 ], "texture": "#texture", "cullface": "up" },
        "west":  { "uv": [ 6.5, 2.5, 7, 3 ], "texture": "#texture", "cullface": "up" }
    }
},
{
    "from": [ 4, 17.25, 5 ],
    "to": [ 4.5, 17.75, 11 ],
    "faces": {
        "up":    { "uv": [ 6.5, 2.5, 7, 3 ], "texture": "#texture", "cullface": "up" },
        "north": { "uv": [ 6.5, 2.5, 7, 3 ], "texture": "#texture", "cullface": "up" },
        "south": { "uv": [ 6.5, 2.5, 7, 3 ], "texture": "#texture", "cullface": "up" },
        "west":  { "uv": [ 6.5, 2.5, 7, 3 ], "texture": "#texture", "cullface": "up" }
    }
},
{
    "from": [ 3.5, 17.25, 5.5 ],
    "to": [ 4, 17.75, 10.5 ],
    "faces": {
        "up":    { "uv": [ 6.5, 2.5, 7, 3 ], "texture": "#texture", "cullface": "up" },
        "north": { "uv": [ 6.5, 2.5, 7, 3 ], "texture": "#texture", "cullface": "up" },
        "south": { "uv": [ 6.5, 2.5, 7, 3 ], "texture": "#texture", "cullface": "up" },
        "west":  { "uv": [ 6.5, 2.5, 7, 3 ], "texture": "#texture", "cullface": "up" }
    }
},
{
    "from": [ 3, 17.25, 7 ],
    "to": [ 3.5, 17.75, 9 ],
    "faces": {
        "up":    { "uv": [ 6.5, 2.5, 7, 3 ], "texture": "#texture", "cullface": "up" },
        "north": { "uv": [ 6.5, 2.5, 7, 3 ], "texture": "#texture", "cullface": "up" },
        "south": { "uv": [ 6.5, 2.5, 7, 3 ], "texture": "#texture", "cullface": "up" },
        "west":  { "uv": [ 6.5, 2.5, 7, 3 ], "texture": "#texture", "cullface": "up" }
    }
},
{
    "from": [ 0, 0, 0 ],
    "to": [ 16, 16, 16 ],
    "faces": {
        "down":  { "uv": [ 16, 16, 0, 0 ], "texture": "#texture", "cullface": "down" },
        "up":    { "uv": [ 0, 0, 16, 15.75 ], "texture": "#texture", "cullface": "up" },
        "north": { "uv": [ 0, 0, 16, 16 ], "texture": "#texture", "cullface": "north" },
        "south": { "uv": [ 0, 0, 16, 16 ], "texture": "#texture", "cullface": "south" },
        "west":  { "uv": [ 0, 0, 16, 16 ], "texture": "#texture", "cullface": "west" },
        "east":  { "uv": [ 0, 0, 16, 16 ], "texture": "#texture", "cullface": "east" }
    }
}
]
}