{
"__comment": "Designed by Hypixel minecraft server with BDcraft Cubik PRO 0.93 Beta - http://bdcraft.net",
"textures": {
    "texture": "items/bananapeel_Texture"
},
"elements": [ 
{
    "from": [ 10.5, 12, 8 ],
    "to": [ 11, 12.5, 8.5 ],
    "faces": {
        "up":    { "uv": [ 1.5, 1, 2, 1.5 ], "texture": "#texture" },
        "north": { "uv": [ 3, 0.5, 3.5, 1 ], "texture": "#texture" },
        "south": { "uv": [ 3, 0.5, 3.5, 1 ], "texture": "#texture" },
        "west":  { "uv": [ 1.5, 0, 2, 0.5 ], "texture": "#texture" },
        "east":  { "uv": [ 1.5, 0, 2, 0.5 ], "texture": "#texture" }
    }
},
{
    "from": [ 10, 10, 7.5 ],
    "to": [ 11.5, 12, 9 ],
    "faces": {
        "down":  { "uv": [ 9.5, 6.5, 11, 6 ], "texture": "#texture" },
        "up":    { "uv": [ 9.5, 4.5, 11, 5 ], "texture": "#texture" },
        "north": { "uv": [ 11, 4.5, 9.5, 6.5 ], "texture": "#texture" },
        "south": { "uv": [ 9.5, 4.5, 11, 6.5 ], "texture": "#texture" },
        "west":  { "uv": [ 9.5, 4.5, 10, 6.5 ], "texture": "#texture" },
        "east":  { "uv": [ 10.5, 4.5, 11, 6.5 ], "texture": "#texture" }
    }
},
{
    "from": [ 8.5, 10, 7.5 ],
    "to": [ 10, 10.5, 9 ],
    "faces": {
        "up":    { "uv": [ 2.5, 6.5, 4, 8 ], "texture": "#texture" },
        "north": { "uv": [ 9.5, 6, 8, 6.5 ], "texture": "#texture" },
        "south": { "uv": [ 8, 6, 9.5, 6.5 ], "texture": "#texture" },
        "west":  { "uv": [ 8, 6, 9.5, 6.5 ], "texture": "#texture" }
    }
},
{
    "from": [ 7.5, 9.5, 7 ],
    "to": [ 10.5, 10, 9.5 ],
    "faces": {
        "up":    { "uv": [ 6.5, 8, 9, 10.5 ], "texture": "#texture" },
        "north": { "uv": [ 10, 6.5, 7, 7 ], "texture": "#texture" },
        "south": { "uv": [ 7, 6.5, 10, 7 ], "texture": "#texture" },
        "west":  { "uv": [ 0.5, 5.5, 3, 6 ], "texture": "#texture" },
        "east":  { "uv": [ 0.5, 5.5, 3, 6 ], "texture": "#texture" }
    }
},
{
    "from": [ 10.5, 9.5, 7.25 ],
    "to": [ 11, 10, 9.25 ],
    "faces": {
        "down":  { "uv": [ 13.5, 6.5, 14, 8.5 ], "texture": "#texture" },
        "up":    { "uv": [ 13.5, 6.5, 14, 8.5 ], "texture": "#texture" },
        "north": { "uv": [ 13.5, 7, 14, 7.5 ], "texture": "#texture" },
        "south": { "uv": [ 13.5, 7, 14, 7.5 ], "texture": "#texture" },
        "east":  { "uv": [ 5.5, 4, 7.5, 4.5 ], "texture": "#texture" }
    }
},
{
    "from": [ 7, 9, 7 ],
    "to": [ 10.5, 9.5, 9.5 ],
    "faces": {
        "down":  { "uv": [ 9, 10.5, 5.5, 8 ], "texture": "#texture" },
        "up":    { "uv": [ 9, 10.5, 5.5, 8 ], "texture": "#texture" },
        "north": { "uv": [ 10, 7, 6.5, 7.5 ], "texture": "#texture" },
        "south": { "uv": [ 6.5, 7, 10, 7.5 ], "texture": "#texture" },
        "west":  { "uv": [ 0.5, 5.5, 3, 6 ], "texture": "#texture" },
        "east":  { "uv": [ 1, 3.5, 3.5, 4 ], "texture": "#texture" }
    }
},
{
    "from": [ 6.5, 8.5, 6.75 ],
    "to": [ 10, 9, 9.75 ],
    "faces": {
        "up":    { "uv": [ 9.5, 10.5, 6, 7.5 ], "texture": "#texture" },
        "north": { "uv": [ 9.5, 7.5, 6, 8 ], "texture": "#texture" },
        "south": { "uv": [ 6, 7.5, 9.5, 8 ], "texture": "#texture" },
        "west":  { "uv": [ 0.5, 5.5, 3.5, 6 ], "texture": "#texture" },
        "east":  { "uv": [ 6.5, 9.5, 9.5, 10 ], "texture": "#texture" }
    }
},
{
    "from": [ 6, 8, 6.75 ],
    "to": [ 10, 8.5, 9.75 ],
    "faces": {
        "up":    { "uv": [ 9.5, 8, 5.5, 11 ], "texture": "#texture" },
        "north": { "uv": [ 9.5, 8, 5.5, 8.5 ], "texture": "#texture" },
        "south": { "uv": [ 5.5, 8, 9.5, 8.5 ], "texture": "#texture" },
        "west":  { "uv": [ 3.5, 5.5, 0.5, 6 ], "texture": "#texture" },
        "east":  { "uv": [ 0.5, 7.5, 3.5, 8 ], "texture": "#texture" }
    }
},
{
    "from": [ 5.5, 7.5, 6.5 ],
    "to": [ 10, 8, 10 ],
    "faces": {
        "up":    { "uv": [ 12.5, 3, 14.5, 5.5 ], "texture": "#texture" },
        "north": { "uv": [ 9.5, 8.5, 5, 9 ], "texture": "#texture" },
        "south": { "uv": [ 5, 8.5, 9.5, 9 ], "texture": "#texture" },
        "west":  { "uv": [ 5, 9, 8.5, 9.5 ], "texture": "#texture" },
        "east":  { "uv": [ 4, 5.5, 0.5, 6 ], "texture": "#texture" }
    }
},
{
    "from": [ 5, 6.5, 6.5 ],
    "to": [ 5.5, 7, 10 ],
    "faces": {
        "up":    { "uv": [ 5.5, 9, 6, 12.5 ], "texture": "#texture" },
        "north": { "uv": [ 5, 8.5, 5.5, 9.5 ], "texture": "#texture" },
        "south": { "uv": [ 5, 8.5, 5.5, 9.5 ], "texture": "#texture" },
        "west":  { "uv": [ 9, 9, 5.5, 9.5 ], "texture": "#texture" }
    }
},
{
    "from": [ 5, 4.5, 6.5 ],
    "to": [ 10, 6.5, 10 ],
    "faces": {
        "down":  { "uv": [ 2, 0, 4, 1.5 ], "texture": "#texture" },
        "up":    { "uv": [ 12.5, 3, 14.5, 5.5 ], "texture": "#texture" },
        "north": { "uv": [ 9.5, 9.5, 4.5, 11.5 ], "texture": "#texture" },
        "south": { "uv": [ 4.5, 9.5, 9.5, 11.5 ], "texture": "#texture" },
        "west":  { "uv": [ 8.5, 9, 5, 11 ], "texture": "#texture" },
        "east":  { "uv": [ 5, 9, 8.5, 11 ], "texture": "#texture" }
    }
},
{
    "from": [ 7.5, 4, 9.5 ],
    "to": [ 10.5, 4.5, 10 ],
    "faces": {
        "up":    { "uv": [ 16, 1, 13, 0.5 ], "texture": "#texture" },
        "north": { "uv": [ 2, 1.5, 5, 2 ], "texture": "#texture" },
        "south": { "uv": [ 7, 11.5, 10, 12 ], "texture": "#texture" },
        "west":  { "uv": [ 7, 11.5, 7.5, 12 ], "texture": "#texture" },
        "east":  { "uv": [ 9.5, 11.5, 10, 12 ], "texture": "#texture" }
    }
},
{
    "from": [ 10, 4, 8.5 ],
    "to": [ 10.5, 4.5, 9.5 ],
    "faces": {
        "down":  { "uv": [ 2.5, 1, 2, 0 ], "texture": "#texture" },
        "up":    { "uv": [ 13.5, 4.5, 14, 5.5 ], "texture": "#texture" },
        "north": { "uv": [ 12.5, 7.5, 13, 8 ], "texture": "#texture" },
        "west":  { "uv": [ 1, 1.5, 2, 2 ], "texture": "#texture" },
        "east":  { "uv": [ 8.5, 13, 9.5, 13.5 ], "texture": "#texture" }
    }
},
{
    "from": [ 7.5, 3.5, 9.5 ],
    "to": [ 11, 4, 10.5 ],
    "faces": {
        "down":  { "uv": [ 4, 1.5, 0.5, 0.5 ], "texture": "#texture" },
        "up":    { "uv": [ 7, 13, 10.5, 12 ], "texture": "#texture" },
        "north": { "uv": [ 1.5, 1, 5, 1.5 ], "texture": "#texture" },
        "south": { "uv": [ 7, 12, 10.5, 12.5 ], "texture": "#texture" },
        "west":  { "uv": [ 12, 7.5, 13, 8 ], "texture": "#texture" },
        "east":  { "uv": [ 5.5, 9.5, 6.5, 10 ], "texture": "#texture" }
    }
},
{
    "from": [ 10.5, 3.5, 8.5 ],
    "to": [ 11, 4, 9.5 ],
    "faces": {
        "down":  { "uv": [ 2, 1, 1.5, 0 ], "texture": "#texture" },
        "up":    { "uv": [ 8.5, 9, 9, 10 ], "texture": "#texture" },
        "north": { "uv": [ 10, 13, 10.5, 13.5 ], "texture": "#texture" },
        "west":  { "uv": [ 1, 0.5, 2, 1 ], "texture": "#texture" },
        "east":  { "uv": [ 9, 12.5, 10, 13 ], "texture": "#texture" }
    }
},
{
    "from": [ 7.5, 3, 10 ],
    "to": [ 11.5, 3.5, 10.5 ],
    "faces": {
        "down":  { "uv": [ 4, 0.5, 0, 0 ], "texture": "#texture" },
        "up":    { "uv": [ 5.5, 10.5, 9.5, 11 ], "texture": "#texture" },
        "north": { "uv": [ 1, 0.5, 5, 1 ], "texture": "#texture" },
        "south": { "uv": [ 7, 12.5, 11, 13 ], "texture": "#texture" },
        "west":  { "uv": [ 13.5, 6.5, 14, 7 ], "texture": "#texture" },
        "east":  { "uv": [ 14, 1, 14.5, 1.5 ], "texture": "#texture" }
    }
},
{
    "from": [ 8, 2.5, 10.5 ],
    "to": [ 12, 3, 11 ],
    "faces": {
        "down":  { "uv": [ 4, 1.5, 0, 1 ], "texture": "#texture" },
        "up":    { "uv": [ 7.5, 13, 11.5, 13.5 ], "texture": "#texture" },
        "north": { "uv": [ 1, 1, 5, 1.5 ], "texture": "#texture" },
        "south": { "uv": [ 7.5, 13, 11.5, 13.5 ], "texture": "#texture" },
        "west":  { "uv": [ 13.5, 7, 14, 7.5 ], "texture": "#texture" },
        "east":  { "uv": [ 10.5, 12.5, 11, 13 ], "texture": "#texture" }
    }
},
{
    "from": [ 8, 2, 11 ],
    "to": [ 12, 2.5, 11.5 ],
    "faces": {
        "down":  { "uv": [ 4, 1, 0, 0.5 ], "texture": "#texture" },
        "up":    { "uv": [ 7.5, 13.5, 11.5, 14 ], "texture": "#texture" },
        "north": { "uv": [ 1, 0.5, 5, 1 ], "texture": "#texture" },
        "south": { "uv": [ 7.5, 13.5, 11.5, 14 ], "texture": "#texture" },
        "west":  { "uv": [ 13, 7.5, 13.5, 8 ], "texture": "#texture" },
        "east":  { "uv": [ 4.5, 10, 5, 10.5 ], "texture": "#texture" }
    }
},
{
    "from": [ 8.5, 1.5, 11.5 ],
    "to": [ 12.5, 2, 12 ],
    "faces": {
        "up":    { "uv": [ 8, 14, 12, 14.5 ], "texture": "#texture" },
        "north": { "uv": [ 1, 1, 5, 1.5 ], "texture": "#texture" },
        "south": { "uv": [ 8, 14, 12, 14.5 ], "texture": "#texture" },
        "west":  { "uv": [ 13, 7.5, 13.5, 8 ], "texture": "#texture" },
        "east":  { "uv": [ 11.5, 14, 12, 14.5 ], "texture": "#texture" }
    }
},
{
    "from": [ 9, 0.5, 12 ],
    "to": [ 12.5, 1, 12.5 ],
    "faces": {
        "down":  { "uv": [ 5, 1, 1.5, 1.5 ], "texture": "#texture" },
        "up":    { "uv": [ 8.5, 15, 12, 15.5 ], "texture": "#texture" },
        "north": { "uv": [ 1.5, 0.5, 5, 1 ], "texture": "#texture" },
        "south": { "uv": [ 8.5, 15, 12, 15.5 ], "texture": "#texture" },
        "west":  { "uv": [ 8.5, 15, 9, 15.5 ], "texture": "#texture" }
    }
},
{
    "from": [ 11, 3, 8.5 ],
    "to": [ 11.5, 3.5, 10 ],
    "faces": {
        "down":  { "uv": [ 6, 13.5, 6.5, 12 ], "texture": "#texture" },
        "up":    { "uv": [ 9, 9, 9.5, 10.5 ], "texture": "#texture" },
        "north": { "uv": [ 6.5, 9, 7, 9.5 ], "texture": "#texture" },
        "west":  { "uv": [ 1, 1, 2.5, 1.5 ], "texture": "#texture" },
        "east":  { "uv": [ 5.5, 9, 7, 9.5 ], "texture": "#texture" }
    }
},
{
    "from": [ 11.5, 2.5, 9 ],
    "to": [ 12, 3, 10.5 ],
    "faces": {
        "down":  { "uv": [ 6.5, 11, 6, 9.5 ], "texture": "#texture" },
        "up":    { "uv": [ 13, 4, 13.5, 5.5 ], "texture": "#texture" },
        "north": { "uv": [ 6, 9.5, 6.5, 10 ], "texture": "#texture" },
        "west":  { "uv": [ 2.5, 1, 4, 1.5 ], "texture": "#texture" },
        "east":  { "uv": [ 5, 9.5, 6.5, 10 ], "texture": "#texture" }
    }
},
{
    "from": [ 11.5, 2, 9.5 ],
    "to": [ 12, 2.5, 11 ],
    "faces": {
        "down":  { "uv": [ 6.5, 13.5, 6, 12 ], "texture": "#texture" },
        "up":    { "uv": [ 9.5, 10, 10, 11.5 ], "texture": "#texture" },
        "north": { "uv": [ 6, 10, 6.5, 10.5 ], "texture": "#texture" },
        "west":  { "uv": [ 1.5, 0.5, 3, 1 ], "texture": "#texture" },
        "east":  { "uv": [ 4.5, 10, 6, 10.5 ], "texture": "#texture" }
    }
},
{
    "from": [ 12, 1.5, 10 ],
    "to": [ 12.5, 2, 11.5 ],
    "faces": {
        "down":  { "uv": [ 2, 1.5, 1.5, 0 ], "texture": "#texture" },
        "up":    { "uv": [ 8.5, 9, 9, 10.5 ], "texture": "#texture" },
        "north": { "uv": [ 13, 4, 13.5, 4.5 ], "texture": "#texture" },
        "west":  { "uv": [ 1.5, 1.5, 3, 2 ], "texture": "#texture" },
        "east":  { "uv": [ 9, 14, 10.5, 14.5 ], "texture": "#texture" }
    }
},
{
    "from": [ 12, 1, 10.5 ],
    "to": [ 12.5, 1.5, 11.5 ],
    "faces": {
        "down":  { "uv": [ 1, 1.5, 0.5, 0.5 ], "texture": "#texture" },
        "north": { "uv": [ 13.5, 7, 14, 7.5 ], "texture": "#texture" },
        "west":  { "uv": [ 1.5, 1.5, 2.5, 2 ], "texture": "#texture" },
        "east":  { "uv": [ 13, 7.5, 14, 8 ], "texture": "#texture" }
    }
},
{
    "from": [ 12.5, 0.5, 10.5 ],
    "to": [ 13.5, 1, 12 ],
    "faces": {
        "down":  { "uv": [ 3, 1.5, 2, 0 ], "texture": "#texture" },
        "up":    { "uv": [ 3, 6.5, 4, 8 ], "texture": "#texture" },
        "north": { "uv": [ 6, 11, 7, 11.5 ], "texture": "#texture" },
        "west":  { "uv": [ 1.5, 1, 3, 1.5 ], "texture": "#texture" },
        "east":  { "uv": [ 0.5, 5.5, 2, 6 ], "texture": "#texture" }
    }
},
{
    "from": [ 8.5, 1, 11.5 ],
    "to": [ 12.5, 1.5, 12 ],
    "faces": {
        "down":  { "uv": [ 4, 1.5, 0, 1 ], "texture": "#texture" },
        "north": { "uv": [ 1, 1, 5, 1.5 ], "texture": "#texture" },
        "south": { "uv": [ 8, 14.5, 12, 15 ], "texture": "#texture" },
        "west":  { "uv": [ 13, 7.5, 13.5, 8 ], "texture": "#texture" },
        "east":  { "uv": [ 11.5, 14.5, 12, 15 ], "texture": "#texture" }
    }
},
{
    "from": [ 10, 0, 12.5 ],
    "to": [ 15, 0.5, 13 ],
    "faces": {
        "down":  { "uv": [ 15.5, 7.5, 12, 7 ], "texture": "#texture", "cullface": "down" },
        "up":    { "uv": [ 9.5, 15.5, 14.5, 16 ], "texture": "#texture" },
        "north": { "uv": [ 9.5, 15.5, 14.5, 16 ], "texture": "#texture" },
        "south": { "uv": [ 9.5, 15.5, 14.5, 16 ], "texture": "#texture" },
        "west":  { "uv": [ 14, 7.5, 14.5, 8 ], "texture": "#texture" },
        "east":  { "uv": [ 12.5, 6.5, 13, 7 ], "texture": "#texture" }
    }
},
{
    "from": [ 13.5, 0.5, 11.5 ],
    "to": [ 14.5, 1, 12.5 ],
    "faces": {
        "down":  { "uv": [ 3, 1, 1.5, 0 ], "texture": "#texture" },
        "up":    { "uv": [ 13.5, 15, 14.5, 15.5 ], "texture": "#texture" },
        "north": { "uv": [ 14.5, 15, 13.5, 15.5 ], "texture": "#texture" },
        "south": { "uv": [ 13.5, 15, 14.5, 15.5 ], "texture": "#texture" },
        "west":  { "uv": [ 9.5, 14, 10.5, 14.5 ], "texture": "#texture" },
        "east":  { "uv": [ 13.5, 15, 14.5, 15.5 ], "texture": "#texture" }
    }
},
{
    "from": [ 12.5, 0.5, 12 ],
    "to": [ 13.5, 1, 12.5 ],
    "faces": {
        "down":  { "uv": [ 0, 0.5, 4, 1 ], "texture": "#texture" },
        "up":    { "uv": [ 12, 15, 14.5, 15.5 ], "texture": "#texture" },
        "south": { "uv": [ 12, 15, 14.5, 15.5 ], "texture": "#texture" }
    }
},
{
    "from": [ 5.5, 4, 9.5 ],
    "to": [ 6.5, 4.5, 10 ],
    "faces": {
        "down":  { "uv": [ 3.5, 1, 1.5, 0.5 ], "texture": "#texture" },
        "north": { "uv": [ 3, 0.5, 1, 1 ], "texture": "#texture" },
        "south": { "uv": [ 5, 11.5, 6, 12 ], "texture": "#texture" }
    }
},
{
    "from": [ 5, 3, 10 ],
    "to": [ 6, 4, 10.5 ],
    "faces": {
        "down":  { "uv": [ 2.5, 1, 0, 0.5 ], "texture": "#texture" },
        "up":    { "uv": [ 4.5, 12, 5.5, 12.5 ], "texture": "#texture" },
        "north": { "uv": [ 2.5, 1, 0, 1.5 ], "texture": "#texture" },
        "south": { "uv": [ 4.5, 12, 5.5, 13 ], "texture": "#texture" }
    }
},
{
    "from": [ 4, 2.5, 10.5 ],
    "to": [ 6, 3, 11 ],
    "faces": {
        "down":  { "uv": [ 4, 2, 1.5, 1.5 ], "texture": "#texture" },
        "up":    { "uv": [ 4, 13, 5.5, 13.5 ], "texture": "#texture" },
        "north": { "uv": [ 3, 0.5, 0.5, 1 ], "texture": "#texture" },
        "south": { "uv": [ 3.5, 13, 5.5, 13.5 ], "texture": "#texture" },
        "west":  { "uv": [ 3.5, 13.5, 4, 14 ], "texture": "#texture" }
    }
},
{
    "from": [ 3, 1.5, 11 ],
    "to": [ 5.5, 2, 11.5 ],
    "faces": {
        "up":    { "uv": [ 2.5, 14, 5, 14.5 ], "texture": "#texture" },
        "north": { "uv": [ 0.5, 1, 3, 1.5 ], "texture": "#texture" },
        "south": { "uv": [ 2.5, 14, 5, 14.5 ], "texture": "#texture" },
        "west":  { "uv": [ 2.5, 14, 3, 14.5 ], "texture": "#texture" }
    }
},
{
    "from": [ 1, 1, 11 ],
    "to": [ 5.5, 1.5, 11.5 ],
    "faces": {
        "down":  { "uv": [ 0.5, 15, 5, 14.5 ], "texture": "#texture" },
        "up":    { "uv": [ 0.5, 14.5, 5, 15 ], "texture": "#texture" },
        "north": { "uv": [ 5.5, 12.5, 10, 13 ], "texture": "#texture" },
        "south": { "uv": [ 0.5, 14.5, 5, 15 ], "texture": "#texture" },
        "west":  { "uv": [ 0.5, 14.5, 1, 15 ], "texture": "#texture" },
        "east":  { "uv": [ 4.5, 14.5, 5, 15 ], "texture": "#texture" }
    }
},
{
    "from": [ 0.5, 0.5, 10.5 ],
    "to": [ 5, 1, 12 ],
    "faces": {
        "down":  { "uv": [ 5, 2, 0.5, 0 ], "texture": "#texture" },
        "up":    { "uv": [ 0, 15, 4.5, 15.5 ], "texture": "#texture" },
        "north": { "uv": [ 0.5, 1, 5, 1.5 ], "texture": "#texture" },
        "south": { "uv": [ 0, 15, 4.5, 15.5 ], "texture": "#texture" },
        "west":  { "uv": [ 2, 15, 0, 15.5 ], "texture": "#texture" },
        "east":  { "uv": [ 4.5, 15, 2.5, 15.5 ], "texture": "#texture" }
    }
},
{
    "from": [ 0.5, 0, 11 ],
    "to": [ 4, 0.5, 12.5 ],
    "faces": {
        "down":  { "uv": [ 6.5, 11, 7, 12.5 ], "texture": "#texture", "cullface": "down" },
        "up":    { "uv": [ 0, 15.5, 1.5, 16 ], "texture": "#texture" },
        "north": { "uv": [ 0.5, 0.5, 4, 1 ], "texture": "#texture" },
        "south": { "uv": [ 0, 15.5, 3.5, 16 ], "texture": "#texture" },
        "west":  { "uv": [ 0, 15.5, 1.5, 16 ], "texture": "#texture" },
        "east":  { "uv": [ 1, 15.5, 2.5, 16 ], "texture": "#texture" }
    }
},
{
    "from": [ 5, 4, 8.5 ],
    "to": [ 5.5, 4.5, 10 ],
    "faces": {
        "down":  { "uv": [ 6.5, 12.5, 7, 11 ], "texture": "#texture" },
        "north": { "uv": [ 15, 4, 13, 4.5 ], "texture": "#texture" },
        "south": { "uv": [ 4.5, 11.5, 5, 12 ], "texture": "#texture" },
        "west":  { "uv": [ 6.5, 9.5, 8, 10 ], "texture": "#texture" },
        "east":  { "uv": [ 14.5, 13, 16, 13.5 ], "texture": "#texture" }
    }
},
{
    "from": [ 6.5, 4, 9.5 ],
    "to": [ 7, 4.5, 10 ],
    "faces": {
        "down":  { "uv": [ 15.5, 4, 13.5, 3.5 ], "texture": "#texture" },
        "north": { "uv": [ 14.5, 4.5, 12.5, 5 ], "texture": "#texture" },
        "south": { "uv": [ 6, 11.5, 6.5, 12 ], "texture": "#texture" },
        "east":  { "uv": [ 6, 11.5, 6.5, 12 ], "texture": "#texture" }
    }
},
{
    "from": [ 4.5, 3, 8.5 ],
    "to": [ 5, 4, 10.5 ],
    "faces": {
        "up":    { "uv": [ 4, 12, 4.5, 12.5 ], "texture": "#texture" },
        "north": { "uv": [ 4.5, 12, 4, 13 ], "texture": "#texture" },
        "south": { "uv": [ 4, 12, 4.5, 13 ], "texture": "#texture" },
        "west":  { "uv": [ 4, 12.5, 6, 13.5 ], "texture": "#texture" },
        "east":  { "uv": [ 15.5, 12, 13.5, 13 ], "texture": "#texture" }
    }
},
{
    "from": [ 6.5, 3.5, 10 ],
    "to": [ 7, 4, 10.5 ],
    "faces": {
        "down":  { "uv": [ 6, 12, 6.5, 12.5 ], "texture": "#texture" },
        "up":    { "uv": [ 6, 12, 6.5, 12.5 ], "texture": "#texture" },
        "north": { "uv": [ 14.5, 4.5, 15, 5 ], "texture": "#texture" },
        "south": { "uv": [ 6, 12, 6.5, 12.5 ], "texture": "#texture" },
        "east":  { "uv": [ 6, 12, 6.5, 12.5 ], "texture": "#texture" }
    }
},
{
    "from": [ 6, 2.5, 10.5 ],
    "to": [ 6.5, 3, 11 ],
    "faces": {
        "down":  { "uv": [ 5.5, 13, 6, 13.5 ], "texture": "#texture" },
        "up":    { "uv": [ 5.5, 13, 6, 13.5 ], "texture": "#texture" },
        "north": { "uv": [ 5.5, 13, 6, 13.5 ], "texture": "#texture" },
        "south": { "uv": [ 5.5, 13, 6, 13.5 ], "texture": "#texture" },
        "east":  { "uv": [ 5.5, 13, 6, 13.5 ], "texture": "#texture" }
    }
},
{
    "from": [ 4.5, 2.5, 8.5 ],
    "to": [ 5, 3, 10.5 ],
    "faces": {
        "down":  { "uv": [ 6.5, 13, 7, 11 ], "texture": "#texture" },
        "north": { "uv": [ 13.5, 7.5, 14, 8 ], "texture": "#texture" },
        "east":  { "uv": [ 14, 12.5, 16, 13 ], "texture": "#texture" }
    }
},
{
    "from": [ 4, 2, 11 ],
    "to": [ 6, 2.5, 11.5 ],
    "faces": {
        "down":  { "uv": [ 4, 2, 1.5, 1.5 ], "texture": "#texture" },
        "up":    { "uv": [ 4, 13, 5.5, 13.5 ], "texture": "#texture" },
        "north": { "uv": [ 3, 0.5, 0.5, 1 ], "texture": "#texture" },
        "south": { "uv": [ 4, 13, 5.5, 13.5 ], "texture": "#texture" },
        "east":  { "uv": [ 5.5, 13, 6, 13.5 ], "texture": "#texture" }
    }
},
{
    "from": [ 5.5, 2, 10.5 ],
    "to": [ 6, 2.5, 11 ],
    "faces": {
        "down":  { "uv": [ 4.5, 13, 5, 13.5 ], "texture": "#texture" },
        "north": { "uv": [ 4.5, 13, 5, 13.5 ], "texture": "#texture" },
        "west":  { "uv": [ 3.5, 13.5, 4, 14 ], "texture": "#texture" },
        "east":  { "uv": [ 5.5, 13, 6, 13.5 ], "texture": "#texture" }
    }
},
{
    "from": [ 3, 1.5, 8.5 ],
    "to": [ 3.5, 2, 11 ],
    "faces": {
        "down":  { "uv": [ 2, 14, 2.5, 14.5 ], "texture": "#texture" },
        "up":    { "uv": [ 2, 14, 2.5, 14.5 ], "texture": "#texture" },
        "north": { "uv": [ 2, 14, 2.5, 14.5 ], "texture": "#texture" },
        "west":  { "uv": [ 3, 13.5, 3.5, 14 ], "texture": "#texture" }
    }
},
{
    "from": [ 5.5, 1.5, 11 ],
    "to": [ 6, 2, 11.5 ],
    "faces": {
        "down":  { "uv": [ 12.5, 7.5, 13, 8 ], "texture": "#texture" },
        "north": { "uv": [ 13, 7.5, 13.5, 8 ], "texture": "#texture" },
        "south": { "uv": [ 13, 7.5, 13.5, 8 ], "texture": "#texture" },
        "east":  { "uv": [ 13.5, 8.5, 14, 9 ], "texture": "#texture" }
    }
},
{
    "from": [ 6, 3, 10 ],
    "to": [ 6.5, 4, 10.5 ],
    "faces": {
        "down":  { "uv": [ 15, 5.5, 12.5, 5 ], "texture": "#texture" },
        "up":    { "uv": [ 5.5, 12, 6, 12.5 ], "texture": "#texture" },
        "north": { "uv": [ 5, 11.5, 5.5, 10.5 ], "texture": "#texture" },
        "south": { "uv": [ 5.5, 12, 6, 13 ], "texture": "#texture" },
        "east":  { "uv": [ 6, 12, 6.5, 12.5 ], "texture": "#texture" }
    }
},
{
    "from": [ 5.5, 6.5, 6.5 ],
    "to": [ 10, 7.5, 10 ],
    "faces": {
        "north": { "uv": [ 9.5, 9, 5, 10 ], "texture": "#texture" },
        "south": { "uv": [ 5, 9, 9.5, 10 ], "texture": "#texture" },
        "west":  { "uv": [ 9.5, 9, 6, 10 ], "texture": "#texture" },
        "east":  { "uv": [ 6, 9, 9.5, 10 ], "texture": "#texture" }
    }
},
{
    "from": [ 3.5, 2, 8.5 ],
    "to": [ 4, 2.5, 11.5 ],
    "faces": {
        "down":  { "uv": [ 3.5, 13, 4, 13.5 ], "texture": "#texture" },
        "up":    { "uv": [ 3.5, 13, 4, 13.5 ], "texture": "#texture" },
        "north": { "uv": [ 13.5, 7.5, 14, 8 ], "texture": "#texture" },
        "south": { "uv": [ 3.5, 13, 4, 13.5 ], "texture": "#texture" },
        "west":  { "uv": [ 3.5, 13.5, 5.5, 14 ], "texture": "#texture" },
        "east":  { "uv": [ 2, 0.5, 5, 1 ], "texture": "#texture" }
    }
},
{
    "from": [ 3.5, 1.5, 8.5 ],
    "to": [ 4, 2, 11 ],
    "faces": {
        "down":  { "uv": [ 6.5, 13.5, 7, 11 ], "texture": "#texture" },
        "north": { "uv": [ 13.5, 7.5, 14, 8 ], "texture": "#texture" },
        "east":  { "uv": [ 2.5, 1, 5, 1.5 ], "texture": "#texture" }
    }
},
{
    "from": [ 1.5, 1, 9.5 ],
    "to": [ 4, 1.5, 11 ],
    "faces": {
        "down":  { "uv": [ 5, 0.5, 2, 1 ], "texture": "#texture" },
        "up":    { "uv": [ 3.5, 13, 4, 13.5 ], "texture": "#texture" },
        "north": { "uv": [ 13.5, 7.5, 14, 8 ], "texture": "#texture" },
        "west":  { "uv": [ 3, 13.5, 5.5, 14 ], "texture": "#texture" },
        "east":  { "uv": [ 14, 12.5, 16, 13 ], "texture": "#texture" }
    }
},
{
    "from": [ 4, 2.5, 8.5 ],
    "to": [ 4.5, 3, 10.5 ],
    "faces": {
        "down":  { "uv": [ 6.5, 13, 7, 11 ], "texture": "#texture" },
        "up":    { "uv": [ 4, 13, 4.5, 14.5 ], "texture": "#texture" },
        "north": { "uv": [ 4.5, 13.5, 5, 14 ], "texture": "#texture" },
        "west":  { "uv": [ 1.5, 14.5, 3.5, 15 ], "texture": "#texture" }
    }
},
{
    "from": [ 5, 4, 6.5 ],
    "to": [ 5.5, 4.5, 8 ],
    "faces": {
        "down":  { "uv": [ 6.5, 11, 7, 12.5 ], "texture": "#texture" },
        "north": { "uv": [ 15, 4, 13, 4.5 ], "texture": "#texture" },
        "south": { "uv": [ 4.5, 11.5, 5, 12 ], "texture": "#texture" },
        "west":  { "uv": [ 6.5, 9.5, 8, 10 ], "texture": "#texture" },
        "east":  { "uv": [ 16, 13, 14.5, 13.5 ], "texture": "#texture" }
    }
},
{
    "from": [ 4.5, 3, 6 ],
    "to": [ 5, 4, 8 ],
    "faces": {
        "down":  { "uv": [ 6.5, 11, 7, 13 ], "texture": "#texture" },
        "up":    { "uv": [ 4, 12, 4.5, 12.5 ], "texture": "#texture" },
        "north": { "uv": [ 4.5, 12, 4, 13 ], "texture": "#texture" },
        "south": { "uv": [ 4, 12, 4.5, 13 ], "texture": "#texture" },
        "west":  { "uv": [ 4, 12.5, 6, 13.5 ], "texture": "#texture" },
        "east":  { "uv": [ 13.5, 12, 15.5, 13 ], "texture": "#texture" }
    }
},
{
    "from": [ 4, 2.5, 6 ],
    "to": [ 4.5, 3, 8 ],
    "faces": {
        "down":  { "uv": [ 6.5, 11, 7, 13 ], "texture": "#texture" },
        "up":    { "uv": [ 4, 13, 4.5, 14.5 ], "texture": "#texture" },
        "south": { "uv": [ 4, 13, 5.5, 13.5 ], "texture": "#texture" },
        "west":  { "uv": [ 1.5, 14.5, 3.5, 15 ], "texture": "#texture" },
        "east":  { "uv": [ 5, 1, 3, 1.5 ], "texture": "#texture" }
    }
},
{
    "from": [ 4, 2.5, 5.5 ],
    "to": [ 6, 3, 6 ],
    "faces": {
        "down":  { "uv": [ 4, 2, 1.5, 1.5 ], "texture": "#texture" },
        "up":    { "uv": [ 4, 13, 5.5, 13.5 ], "texture": "#texture" },
        "north": { "uv": [ 5.5, 13, 3.5, 13.5 ], "texture": "#texture" },
        "south": { "uv": [ 3, 0.5, 0.5, 1 ], "texture": "#texture" },
        "west":  { "uv": [ 3.5, 13.5, 4, 14 ], "texture": "#texture" },
        "east":  { "uv": [ 5.5, 13, 6, 13.5 ], "texture": "#texture" }
    }
},
{
    "from": [ 3.5, 2, 5 ],
    "to": [ 4, 2.5, 8 ],
    "faces": {
        "down":  { "uv": [ 6.5, 11, 7, 14 ], "texture": "#texture" },
        "up":    { "uv": [ 3.5, 13, 4, 13.5 ], "texture": "#texture" },
        "north": { "uv": [ 3.5, 13, 4, 13.5 ], "texture": "#texture" },
        "south": { "uv": [ 13.5, 7.5, 14, 8 ], "texture": "#texture" },
        "west":  { "uv": [ 3.5, 13.5, 5.5, 14 ], "texture": "#texture" },
        "east":  { "uv": [ 5, 1, 2, 1.5 ], "texture": "#texture" }
    }
},
{
    "from": [ 3, 1.5, 5.5 ],
    "to": [ 3.5, 2, 8 ],
    "faces": {
        "down":  { "uv": [ 2, 14, 2.5, 14.5 ], "texture": "#texture" },
        "up":    { "uv": [ 2, 14, 2.5, 14.5 ], "texture": "#texture" },
        "south": { "uv": [ 2, 14, 2.5, 14.5 ], "texture": "#texture" },
        "west":  { "uv": [ 3, 13.5, 3.5, 14 ], "texture": "#texture" },
        "east":  { "uv": [ 5, 1.5, 2.5, 2 ], "texture": "#texture" }
    }
},
{
    "from": [ 3, 1.5, 5 ],
    "to": [ 5.5, 2, 5.5 ],
    "faces": {
        "up":    { "uv": [ 5, 14, 2.5, 14.5 ], "texture": "#texture" },
        "north": { "uv": [ 2.5, 14, 5, 14.5 ], "texture": "#texture" },
        "south": { "uv": [ 2.5, 1, 5, 1.5 ], "texture": "#texture" },
        "west":  { "uv": [ 2.5, 14, 3, 14.5 ], "texture": "#texture" },
        "east":  { "uv": [ 2.5, 14, 3, 14.5 ], "texture": "#texture" }
    }
},
{
    "from": [ 1.5, 1, 5.5 ],
    "to": [ 4, 1.5, 7 ],
    "faces": {
        "down":  { "uv": [ 5, 0.5, 2, 1 ], "texture": "#texture" },
        "up":    { "uv": [ 3.5, 13, 4, 13.5 ], "texture": "#texture" },
        "south": { "uv": [ 13.5, 7.5, 14, 8 ], "texture": "#texture" },
        "west":  { "uv": [ 3, 13.5, 5.5, 14 ], "texture": "#texture" },
        "east":  { "uv": [ 1.5, 0, 3.5, 0.5 ], "texture": "#texture" }
    }
},
{
    "from": [ 1, 1, 5 ],
    "to": [ 5.5, 1.5, 5.5 ],
    "faces": {
        "down":  { "uv": [ 0.5, 15, 5, 14.5 ], "texture": "#texture" },
        "up":    { "uv": [ 0.5, 14.5, 5, 15 ], "texture": "#texture" },
        "north": { "uv": [ 5, 14.5, 0.5, 15 ], "texture": "#texture" },
        "south": { "uv": [ 10, 12.5, 5.5, 13 ], "texture": "#texture" },
        "west":  { "uv": [ 0.5, 14.5, 1, 15 ], "texture": "#texture" },
        "east":  { "uv": [ 4.5, 14.5, 5, 15 ], "texture": "#texture" }
    }
},
{
    "from": [ 0.5, 0.5, 4.5 ],
    "to": [ 5, 1, 6 ],
    "faces": {
        "down":  { "uv": [ 5, 0, 0.5, 2 ], "texture": "#texture" },
        "up":    { "uv": [ 0, 15, 4.5, 15.5 ], "texture": "#texture" },
        "north": { "uv": [ 4.5, 15, 0, 15.5 ], "texture": "#texture" },
        "south": { "uv": [ 5, 1, 0.5, 1.5 ], "texture": "#texture" },
        "west":  { "uv": [ 0, 15, 2, 15.5 ], "texture": "#texture" },
        "east":  { "uv": [ 2.5, 15, 4.5, 15.5 ], "texture": "#texture" }
    }
},
{
    "from": [ 0.5, 0, 4 ],
    "to": [ 4, 0.5, 5.5 ],
    "faces": {
        "down":  { "uv": [ 6.5, 12.5, 7, 11 ], "texture": "#texture", "cullface": "down" },
        "up":    { "uv": [ 0, 15.5, 1.5, 16 ], "texture": "#texture" },
        "north": { "uv": [ 0, 15.5, 3.5, 16 ], "texture": "#texture" },
        "south": { "uv": [ 0.5, 0.5, 4, 1 ], "texture": "#texture" },
        "west":  { "uv": [ 0, 15.5, 1.5, 16 ], "texture": "#texture" },
        "east":  { "uv": [ 1, 15.5, 2.5, 16 ], "texture": "#texture" }
    }
},
{
    "from": [ 4, 2, 5 ],
    "to": [ 6, 2.5, 5.5 ],
    "faces": {
        "down":  { "uv": [ 16, 13.5, 13.5, 13 ], "texture": "#texture" },
        "up":    { "uv": [ 4, 13, 5.5, 13.5 ], "texture": "#texture" },
        "north": { "uv": [ 6, 13, 4, 13.5 ], "texture": "#texture" },
        "south": { "uv": [ 3, 0.5, 0.5, 1 ], "texture": "#texture" },
        "east":  { "uv": [ 5.5, 13, 6, 13.5 ], "texture": "#texture" }
    }
},
{
    "from": [ 5, 3, 6 ],
    "to": [ 7, 4, 6.5 ],
    "faces": {
        "down":  { "uv": [ 6.5, 14, 8.5, 13.5 ], "texture": "#texture" },
        "up":    { "uv": [ 4, 12, 6, 12.5 ], "texture": "#texture" },
        "north": { "uv": [ 4, 12, 6, 13 ], "texture": "#texture" },
        "south": { "uv": [ 15.5, 12.5, 13.5, 13 ], "texture": "#texture" },
        "east":  { "uv": [ 6, 12, 6.5, 12.5 ], "texture": "#texture" }
    }
},
{
    "from": [ 5.5, 4, 6.5 ],
    "to": [ 7.5, 4.5, 7 ],
    "faces": {
        "down":  { "uv": [ 15.5, 14, 13.5, 13.5 ], "texture": "#texture" },
        "north": { "uv": [ 7, 11.5, 9, 12 ], "texture": "#texture" },
        "south": { "uv": [ 15.5, 12.5, 13.5, 13 ], "texture": "#texture" }
    }
},
{
    "from": [ 7.5, 4, 6.5 ],
    "to": [ 10.5, 4.5, 7 ],
    "faces": {
        "up":    { "uv": [ 4, 1.5, 1, 1 ], "texture": "#texture" },
        "north": { "uv": [ 10, 11.5, 7, 12 ], "texture": "#texture" },
        "south": { "uv": [ 2, 1.5, 5, 2 ], "texture": "#texture" },
        "east":  { "uv": [ 7, 11.5, 7.5, 12 ], "texture": "#texture" }
    }
},
{
    "from": [ 10, 4, 7 ],
    "to": [ 10.5, 4.5, 8 ],
    "faces": {
        "down":  { "uv": [ 2.5, 1, 2, 0 ], "texture": "#texture" },
        "up":    { "uv": [ 13.5, 4.5, 14, 5.5 ], "texture": "#texture" },
        "south": { "uv": [ 12.5, 7.5, 13, 8 ], "texture": "#texture" },
        "west":  { "uv": [ 1, 1.5, 2, 2 ], "texture": "#texture" },
        "east":  { "uv": [ 8.5, 13, 9.5, 13.5 ], "texture": "#texture" }
    }
},
{
    "from": [ 10.5, 3.5, 7 ],
    "to": [ 11, 4, 8 ],
    "faces": {
        "down":  { "uv": [ 2, 1, 1.5, 0 ], "texture": "#texture" },
        "up":    { "uv": [ 8.5, 9, 9, 10 ], "texture": "#texture" },
        "south": { "uv": [ 9.5, 12.5, 10, 13 ], "texture": "#texture" },
        "west":  { "uv": [ 1, 0.5, 2, 1 ], "texture": "#texture" },
        "east":  { "uv": [ 9, 12.5, 10, 13 ], "texture": "#texture" }
    }
},
{
    "from": [ 7.5, 3.5, 6 ],
    "to": [ 11, 4, 7 ],
    "faces": {
        "down":  { "uv": [ 5, 1.5, 1.5, 0.5 ], "texture": "#texture" },
        "up":    { "uv": [ 7, 13, 10.5, 12 ], "texture": "#texture" },
        "north": { "uv": [ 10.5, 12, 7, 12.5 ], "texture": "#texture" },
        "south": { "uv": [ 5, 1, 1.5, 1.5 ], "texture": "#texture" },
        "west":  { "uv": [ 5.5, 9.5, 6.5, 10 ], "texture": "#texture" },
        "east":  { "uv": [ 12, 7.5, 13, 8 ], "texture": "#texture" }
    }
},
{
    "from": [ 11, 3, 6.5 ],
    "to": [ 11.5, 3.5, 8 ],
    "faces": {
        "down":  { "uv": [ 6, 13.5, 6.5, 12 ], "texture": "#texture" },
        "up":    { "uv": [ 9, 9, 9.5, 10.5 ], "texture": "#texture" },
        "south": { "uv": [ 9, 9, 9.5, 9.5 ], "texture": "#texture" },
        "west":  { "uv": [ 1, 1, 2.5, 1.5 ], "texture": "#texture" },
        "east":  { "uv": [ 5.5, 9, 7, 9.5 ], "texture": "#texture" }
    }
},
{
    "from": [ 7.5, 3, 6 ],
    "to": [ 11.5, 3.5, 6.5 ],
    "faces": {
        "down":  { "uv": [ 5, 0.5, 1, 0 ], "texture": "#texture" },
        "up":    { "uv": [ 5.5, 10.5, 9.5, 11 ], "texture": "#texture" },
        "north": { "uv": [ 11, 12.5, 7, 13 ], "texture": "#texture" },
        "south": { "uv": [ 5, 0.5, 1, 1 ], "texture": "#texture" },
        "west":  { "uv": [ 14, 1, 14.5, 1.5 ], "texture": "#texture" },
        "east":  { "uv": [ 13.5, 6.5, 14, 7 ], "texture": "#texture" }
    }
},
{
    "from": [ 11.5, 2.5, 6 ],
    "to": [ 12, 3, 7.5 ],
    "faces": {
        "down":  { "uv": [ 6.5, 11, 6, 9.5 ], "texture": "#texture" },
        "up":    { "uv": [ 13, 4, 13.5, 5.5 ], "texture": "#texture" },
        "south": { "uv": [ 9, 9.5, 9.5, 10 ], "texture": "#texture" },
        "west":  { "uv": [ 2.5, 1, 4, 1.5 ], "texture": "#texture" },
        "east":  { "uv": [ 5, 9.5, 6.5, 10 ], "texture": "#texture" }
    }
},
{
    "from": [ 8, 2.5, 5.5 ],
    "to": [ 12, 3, 6 ],
    "faces": {
        "down":  { "uv": [ 5, 1.5, 1, 1 ], "texture": "#texture" },
        "up":    { "uv": [ 7.5, 13, 11.5, 13.5 ], "texture": "#texture" },
        "north": { "uv": [ 11.5, 13, 7.5, 13.5 ], "texture": "#texture" },
        "south": { "uv": [ 5, 1, 1, 1.5 ], "texture": "#texture" },
        "west":  { "uv": [ 10.5, 12.5, 11, 13 ], "texture": "#texture" },
        "east":  { "uv": [ 13.5, 7, 14, 7.5 ], "texture": "#texture" }
    }
},
{
    "from": [ 11.5, 2, 5.5 ],
    "to": [ 12, 2.5, 7 ],
    "faces": {
        "down":  { "uv": [ 6.5, 13.5, 6, 12 ], "texture": "#texture" },
        "up":    { "uv": [ 9.5, 10, 10, 11.5 ], "texture": "#texture" },
        "south": { "uv": [ 6, 10, 6.5, 10.5 ], "texture": "#texture" },
        "west":  { "uv": [ 1.5, 0.5, 3, 1 ], "texture": "#texture" },
        "east":  { "uv": [ 4.5, 10, 6, 10.5 ], "texture": "#texture" }
    }
},
{
    "from": [ 8, 2, 5 ],
    "to": [ 12, 2.5, 5.5 ],
    "faces": {
        "down":  { "uv": [ 5, 1, 1, 0.5 ], "texture": "#texture" },
        "up":    { "uv": [ 7.5, 13.5, 11.5, 14 ], "texture": "#texture" },
        "north": { "uv": [ 11.5, 13.5, 7.5, 14 ], "texture": "#texture" },
        "south": { "uv": [ 5, 0.5, 1, 1 ], "texture": "#texture" },
        "west":  { "uv": [ 13, 7.5, 13.5, 8 ], "texture": "#texture" },
        "east":  { "uv": [ 4.5, 10, 5, 10.5 ], "texture": "#texture" }
    }
},
{
    "from": [ 12, 1.5, 5 ],
    "to": [ 12.5, 2, 6.5 ],
    "faces": {
        "down":  { "uv": [ 2, 1.5, 1.5, 0 ], "texture": "#texture" },
        "up":    { "uv": [ 8.5, 9, 9, 10.5 ], "texture": "#texture" },
        "south": { "uv": [ 7.5, 10.5, 8, 11 ], "texture": "#texture" },
        "west":  { "uv": [ 1.5, 1.5, 3, 2 ], "texture": "#texture" },
        "east":  { "uv": [ 9, 14, 10.5, 14.5 ], "texture": "#texture" }
    }
},
{
    "from": [ 8.5, 1.5, 4.5 ],
    "to": [ 12.5, 2, 5 ],
    "faces": {
        "up":    { "uv": [ 8, 14, 12, 14.5 ], "texture": "#texture" },
        "north": { "uv": [ 12, 14, 8, 14.5 ], "texture": "#texture" },
        "south": { "uv": [ 5, 1, 1, 1.5 ], "texture": "#texture" },
        "west":  { "uv": [ 13, 7.5, 13.5, 8 ], "texture": "#texture" },
        "east":  { "uv": [ 11.5, 14, 12, 14.5 ], "texture": "#texture" }
    }
},
{
    "from": [ 12, 1, 5 ],
    "to": [ 12.5, 1.5, 6 ],
    "faces": {
        "down":  { "uv": [ 1, 1.5, 0.5, 0.5 ], "texture": "#texture" },
        "south": { "uv": [ 8.5, 13, 9, 13.5 ], "texture": "#texture" },
        "west":  { "uv": [ 1.5, 1.5, 2.5, 2 ], "texture": "#texture" },
        "east":  { "uv": [ 13, 7.5, 14, 8 ], "texture": "#texture" }
    }
},
{
    "from": [ 8.5, 1, 4.5 ],
    "to": [ 12.5, 1.5, 5 ],
    "faces": {
        "down":  { "uv": [ 5, 1.5, 1, 1 ], "texture": "#texture" },
        "north": { "uv": [ 12, 14.5, 8, 15 ], "texture": "#texture" },
        "south": { "uv": [ 5, 1, 1, 1.5 ], "texture": "#texture" },
        "west":  { "uv": [ 13, 7.5, 13.5, 8 ], "texture": "#texture" },
        "east":  { "uv": [ 11.5, 14.5, 12, 15 ], "texture": "#texture" }
    }
},
{
    "from": [ 12.5, 0.5, 4.5 ],
    "to": [ 13.5, 1, 6 ],
    "faces": {
        "down":  { "uv": [ 3, 1.5, 2, 0 ], "texture": "#texture" },
        "up":    { "uv": [ 3, 6.5, 4, 8 ], "texture": "#texture" },
        "south": { "uv": [ 13.5, 4, 14.5, 4.5 ], "texture": "#texture" },
        "west":  { "uv": [ 1.5, 1, 3, 1.5 ], "texture": "#texture" },
        "east":  { "uv": [ 0.5, 5.5, 2, 6 ], "texture": "#texture" }
    }
},
{
    "from": [ 9, 0.5, 4 ],
    "to": [ 12.5, 1, 4.5 ],
    "faces": {
        "down":  { "uv": [ 5, 1, 1.5, 1.5 ], "texture": "#texture" },
        "up":    { "uv": [ 8.5, 15, 12, 15.5 ], "texture": "#texture" },
        "north": { "uv": [ 12, 15, 8.5, 15.5 ], "texture": "#texture" },
        "south": { "uv": [ 5, 0.5, 1.5, 1 ], "texture": "#texture" },
        "west":  { "uv": [ 8.5, 15, 9, 15.5 ], "texture": "#texture" }
    }
},
{
    "from": [ 10, 0, 3.5 ],
    "to": [ 15, 0.5, 4 ],
    "faces": {
        "down":  { "uv": [ 15.5, 7.5, 12, 7 ], "texture": "#texture", "cullface": "down" },
        "up":    { "uv": [ 9.5, 15.5, 14.5, 16 ], "texture": "#texture" },
        "north": { "uv": [ 9.5, 15.5, 14.5, 16 ], "texture": "#texture" },
        "south": { "uv": [ 9.5, 15.5, 14.5, 16 ], "texture": "#texture" },
        "west":  { "uv": [ 14, 7.5, 14.5, 8 ], "texture": "#texture" },
        "east":  { "uv": [ 12.5, 6.5, 13, 7 ], "texture": "#texture" }
    }
},
{
    "from": [ 12.5, 0.5, 4 ],
    "to": [ 13.5, 1, 4.5 ],
    "faces": {
        "down":  { "uv": [ 0, 0.5, 4, 1 ], "texture": "#texture" },
        "up":    { "uv": [ 13, 15, 14, 15.5 ], "texture": "#texture" },
        "north": { "uv": [ 14, 15, 13, 15.5 ], "texture": "#texture" }
    }
},
{
    "from": [ 13.5, 0.5, 4 ],
    "to": [ 14.5, 1, 5 ],
    "faces": {
        "down":  { "uv": [ 3, 1, 1.5, 0 ], "texture": "#texture" },
        "up":    { "uv": [ 13.5, 15, 14.5, 15.5 ], "texture": "#texture" },
        "north": { "uv": [ 14.5, 15, 13.5, 15.5 ], "texture": "#texture" },
        "south": { "uv": [ 13.5, 15, 14.5, 15.5 ], "texture": "#texture" },
        "west":  { "uv": [ 9.5, 14, 10.5, 14.5 ], "texture": "#texture" },
        "east":  { "uv": [ 13.5, 15, 14.5, 15.5 ], "texture": "#texture" }
    }
}
],
"display": {
    "thirdperson": {
        "rotation": [ -102, 0, 0 ],
        "translation": [ 0.2, 1.3, -2.4 ],
        "scale": [ 1, 1, 1 ]
    },
    "head": {
        "rotation": [ 0, 0, 0 ],
        "translation": [ 0, -11.5, 0 ],
        "scale": [ 2.5, 2.5, 2.5 ]
    },
    "fixed": {
        "rotation": [ 0, 0, 0 ],
        "translation": [ 0, 2.5, 0 ],
        "scale": [ 2, 2, 2 ]
    },
    "firstperson": {
        "rotation": [ 18, 111, -18 ],
        "translation": [ -7, 6.9, 1.4 ],
        "scale": [ 1, 1, 1 ]
    },
    "gui": {
        "rotation": [ -30, 135, 0 ],
        "translation": [ 0, 1.9, 0 ],
        "scale": [ 1.4, 1.4, 1.4 ]
    }
}
}