{
"__comment": "Designed by Hypixel minecraft server with BDcraft Cubik PRO 0.93 Beta - http://bdcraft.net",
"textures": {
    "texture": "items/ShellFlames",
    "BlueMissile": "items/GreenMissile"
},
"elements": [ 
{
    "from": [ 7.5, 10.5, 15.5 ],
    "to": [ 8.5, 12.5, 16 ],
    "faces": {
        "down":  { "uv": [ 16, 5.5, 15, 5 ], "texture": "#BlueMissile" },
        "up":    { "uv": [ 15, 3.5, 16, 4 ], "texture": "#BlueMissile" },
        "south": { "uv": [ 11.5, 12, 12.5, 14 ], "texture": "#BlueMissile", "cullface": "south" },
        "west":  { "uv": [ 15.5, 3.5, 16, 5.5 ], "texture": "#BlueMissile" },
        "east":  { "uv": [ 15.5, 3.5, 16, 5.5 ], "texture": "#BlueMissile" }
    }
},
{
    "from": [ 7, 10, 15 ],
    "to": [ 9, 13, 15.5 ],
    "faces": {
        "down":  { "uv": [ 13, 14, 11, 13.5 ], "texture": "#BlueMissile" },
        "up":    { "uv": [ 11, 11, 13, 11.5 ], "texture": "#BlueMissile" },
        "south": { "uv": [ 11, 11, 13, 14 ], "texture": "#BlueMissile" },
        "west":  { "uv": [ 15, 3, 15.5, 6 ], "texture": "#BlueMissile" },
        "east":  { "uv": [ 15, 3, 15.5, 6 ], "texture": "#BlueMissile" }
    }
},
{
    "from": [ 6.5, 9.5, 14.5 ],
    "to": [ 9.5, 13.5, 15 ],
    "faces": {
        "down":  { "uv": [ 13.5, 14.5, 10.5, 14 ], "texture": "#BlueMissile" },
        "up":    { "uv": [ 10.5, 10.5, 13.5, 11 ], "texture": "#BlueMissile" },
        "south": { "uv": [ 10.5, 10.5, 13.5, 14.5 ], "texture": "#BlueMissile" },
        "west":  { "uv": [ 14.5, 2.5, 15, 6.5 ], "texture": "#BlueMissile" },
        "east":  { "uv": [ 14.5, 2.5, 15, 6.5 ], "texture": "#BlueMissile" }
    }
},
{
    "from": [ 6.5, 8.5, 13.5 ],
    "to": [ 9.5, 14.5, 14 ],
    "faces": {
        "down":  { "uv": [ 14, 7.5, 11, 7 ], "texture": "#BlueMissile" },
        "up":    { "uv": [ 10, 0.5, 13, 1 ], "texture": "#BlueMissile" },
        "south": { "uv": [ 13.5, 1.5, 14, 7.5 ], "texture": "#BlueMissile" },
        "west":  { "uv": [ 13.5, 1.5, 14, 7.5 ], "texture": "#BlueMissile" },
        "east":  { "uv": [ 13.5, 1.5, 14, 7.5 ], "texture": "#BlueMissile" }
    }
},
{
    "from": [ 7, 11, 15.5 ],
    "to": [ 9, 12, 16 ],
    "faces": {
        "down":  { "uv": [ 13, 13.5, 11, 13 ], "texture": "#BlueMissile" },
        "up":    { "uv": [ 11, 12.5, 13, 13 ], "texture": "#BlueMissile" },
        "south": { "uv": [ 11, 12.5, 13, 13.5 ], "texture": "#BlueMissile", "cullface": "south" },
        "west":  { "uv": [ 15.5, 4, 16, 5 ], "texture": "#BlueMissile" },
        "east":  { "uv": [ 15.5, 4, 16, 5 ], "texture": "#BlueMissile" }
    }
},
{
    "from": [ 6.5, 10.5, 15 ],
    "to": [ 9.5, 12.5, 15.5 ],
    "faces": {
        "down":  { "uv": [ 13.5, 14, 10.5, 13.5 ], "texture": "#BlueMissile" },
        "up":    { "uv": [ 10.5, 11.5, 13.5, 12 ], "texture": "#BlueMissile" },
        "south": { "uv": [ 15, 3.5, 15.5, 5.5 ], "texture": "#BlueMissile" },
        "west":  { "uv": [ 15, 3.5, 15.5, 5.5 ], "texture": "#BlueMissile" },
        "east":  { "uv": [ 15, 3.5, 15.5, 5.5 ], "texture": "#BlueMissile" }
    }
},
{
    "from": [ 6, 10, 14.5 ],
    "to": [ 10, 13, 15 ],
    "faces": {
        "down":  { "uv": [ 13.5, 14.5, 10.5, 14 ], "texture": "#BlueMissile" },
        "up":    { "uv": [ 10, 11, 14, 11.5 ], "texture": "#BlueMissile" },
        "south": { "uv": [ 14.5, 3, 15, 6 ], "texture": "#BlueMissile" },
        "west":  { "uv": [ 14.5, 3, 15, 6 ], "texture": "#BlueMissile" },
        "east":  { "uv": [ 14.5, 3, 15, 6 ], "texture": "#BlueMissile" }
    }
},
{
    "from": [ 6.5, 9, 14 ],
    "to": [ 9.5, 14, 14.5 ],
    "faces": {
        "down":  { "uv": [ 14.5, 7, 11.5, 6.5 ], "texture": "#BlueMissile" },
        "up":    { "uv": [ 10.5, 8.5, 13.5, 9 ], "texture": "#BlueMissile" },
        "south": { "uv": [ 14, 2, 14.5, 7 ], "texture": "#BlueMissile" },
        "west":  { "uv": [ 14, 2, 14.5, 7 ], "texture": "#BlueMissile" },
        "east":  { "uv": [ 14, 2, 14.5, 7 ], "texture": "#BlueMissile" }
    }
},
{
    "from": [ 5.5, 10, 14 ],
    "to": [ 10.5, 13, 14.5 ],
    "faces": {
        "down":  { "uv": [ 14.5, 6, 14, 5.5 ], "texture": "#BlueMissile" },
        "up":    { "uv": [ 9.5, 9.5, 14.5, 10 ], "texture": "#BlueMissile" },
        "south": { "uv": [ 14, 3, 14.5, 6 ], "texture": "#BlueMissile" },
        "west":  { "uv": [ 14, 3, 14.5, 6 ], "texture": "#BlueMissile" },
        "east":  { "uv": [ 14, 3, 14.5, 6 ], "texture": "#BlueMissile" }
    }
},
{
    "from": [ 6, 9.5, 14 ],
    "to": [ 10, 13.5, 14.5 ],
    "faces": {
        "down":  { "uv": [ 14.5, 6.5, 14, 6 ], "texture": "#BlueMissile" },
        "up":    { "uv": [ 10, 9.5, 14, 10 ], "texture": "#BlueMissile" },
        "south": { "uv": [ 14, 2.5, 14.5, 6.5 ], "texture": "#BlueMissile" },
        "west":  { "uv": [ 14, 2.5, 14.5, 6.5 ], "texture": "#BlueMissile" },
        "east":  { "uv": [ 14, 2.5, 14.5, 6.5 ], "texture": "#BlueMissile" }
    }
},
{
    "from": [ 6, 9, 13.5 ],
    "to": [ 10, 14, 14 ],
    "faces": {
        "down":  { "uv": [ 14.5, 7, 11.5, 6.5 ], "texture": "#BlueMissile" },
        "up":    { "uv": [ 10, 2, 14, 2.5 ], "texture": "#BlueMissile" },
        "south": { "uv": [ 13.5, 2, 14, 7 ], "texture": "#BlueMissile" },
        "west":  { "uv": [ 13.5, 2, 14, 7 ], "texture": "#BlueMissile" },
        "east":  { "uv": [ 13.5, 2, 14, 7 ], "texture": "#BlueMissile" }
    }
},
{
    "from": [ 5, 10, 13.5 ],
    "to": [ 11, 13, 14 ],
    "faces": {
        "down":  { "uv": [ 14, 13, 10, 12.5 ], "texture": "#BlueMissile" },
        "up":    { "uv": [ 11.5, 10.5, 12.5, 11 ], "texture": "#BlueMissile" },
        "south": { "uv": [ 9, 11.75, 9.5, 13.25 ], "texture": "#BlueMissile" },
        "west":  { "uv": [ 9, 11.75, 9.5, 13.25 ], "texture": "#BlueMissile" },
        "east":  { "uv": [ 9, 11.75, 9.5, 13.25 ], "texture": "#BlueMissile" }
    }
},
{
    "from": [ 5.5, 9.5, 13.5 ],
    "to": [ 10.5, 13.5, 14 ],
    "faces": {
        "down":  { "uv": [ 14.5, 6.5, 11.5, 6 ], "texture": "#BlueMissile" },
        "up":    { "uv": [ 9, 2, 14, 2.5 ], "texture": "#BlueMissile" },
        "south": { "uv": [ 13.5, 2.5, 14, 6.5 ], "texture": "#BlueMissile" },
        "west":  { "uv": [ 13.5, 2.5, 14, 6.5 ], "texture": "#BlueMissile" },
        "east":  { "uv": [ 13.5, 2.5, 14, 6.5 ], "texture": "#BlueMissile" }
    }
},
{
    "from": [ 7, 8, 13 ],
    "to": [ 9, 15, 13.5 ],
    "faces": {
        "down":  { "uv": [ 13.5, 8, 11.5, 7.5 ], "texture": "#BlueMissile" },
        "up":    { "uv": [ 11, 0.5, 13, 1 ], "texture": "#BlueMissile" },
        "south": { "uv": [ 13, 1, 13.5, 8 ], "texture": "#BlueMissile" },
        "west":  { "uv": [ 13, 1, 13.5, 8 ], "texture": "#BlueMissile" },
        "east":  { "uv": [ 13, 1, 13.5, 8 ], "texture": "#BlueMissile" }
    }
},
{
    "from": [ 4.5, 10.5, 13 ],
    "to": [ 11.5, 12.5, 13.5 ],
    "faces": {
        "down":  { "uv": [ 13.5, 5.5, 10.5, 5 ], "texture": "#BlueMissile" },
        "up":    { "uv": [ 13, 3.5, 13.5, 4 ], "texture": "#BlueMissile" },
        "south": { "uv": [ 13, 3.5, 13.5, 5.5 ], "texture": "#BlueMissile" },
        "west":  { "uv": [ 13, 3.5, 13.5, 5.5 ], "texture": "#BlueMissile" },
        "east":  { "uv": [ 13, 3.5, 13.5, 5.5 ], "texture": "#BlueMissile" }
    }
},
{
    "from": [ 5, 9.5, 12.5 ],
    "to": [ 11, 13.5, 13.5 ],
    "faces": {
        "down":  { "uv": [ 14, 6.5, 12, 6 ], "texture": "#BlueMissile" },
        "up":    { "uv": [ 12.5, 2.5, 13.5, 3 ], "rotation": 90, "texture": "#BlueMissile" },
        "south": { "uv": [ 13, 2.5, 13.5, 6.5 ], "texture": "#BlueMissile" },
        "west":  { "uv": [ 12.5, 2.5, 13.5, 6.5 ], "texture": "#BlueMissile" },
        "east":  { "uv": [ 13.5, 2.5, 12.5, 6.5 ], "texture": "#BlueMissile" }
    }
},
{
    "from": [ 6, 8.5, 12.5 ],
    "to": [ 10, 14.5, 13.5 ],
    "faces": {
        "down":  { "uv": [ 13.5, 8, 9.5, 7 ], "texture": "#BlueMissile" },
        "up":    { "uv": [ 12.5, 1.5, 13.5, 2 ], "rotation": 90, "texture": "#BlueMissile" },
        "south": { "uv": [ 13, 1.5, 13.5, 7.5 ], "texture": "#BlueMissile" },
        "west":  { "uv": [ 12.5, 1.5, 13.5, 7.5 ], "texture": "#BlueMissile" },
        "east":  { "uv": [ 13.5, 1.5, 12.5, 7.5 ], "texture": "#BlueMissile" }
    }
},
{
    "from": [ 5.5, 9, 13 ],
    "to": [ 10.5, 14, 13.5 ],
    "faces": {
        "down":  { "uv": [ 14.5, 7, 12, 6.5 ], "texture": "#BlueMissile" },
        "up":    { "uv": [ 9, 2, 14, 2.5 ], "texture": "#BlueMissile" },
        "south": { "uv": [ 13, 2, 13.5, 7 ], "texture": "#BlueMissile" },
        "west":  { "uv": [ 13, 2, 13.5, 7 ], "texture": "#BlueMissile" },
        "east":  { "uv": [ 13, 2, 13.5, 7 ], "texture": "#BlueMissile" }
    }
},
{
    "from": [ 6.5, 8, 12.5 ],
    "to": [ 9.5, 15, 13 ],
    "faces": {
        "down":  { "uv": [ 13, 8, 10, 7.5 ], "texture": "#BlueMissile" },
        "up":    { "uv": [ 10.5, 1, 13.5, 1.5 ], "texture": "#BlueMissile" },
        "south": { "uv": [ 12.5, 1, 13, 8 ], "texture": "#BlueMissile" },
        "west":  { "uv": [ 12.5, 1, 13, 8 ], "texture": "#BlueMissile" },
        "east":  { "uv": [ 12.5, 1, 13, 8 ], "texture": "#BlueMissile" }
    }
},
{
    "from": [ 7, 15, 12.5 ],
    "to": [ 9, 15.5, 13 ],
    "faces": {
        "up":    { "uv": [ 11, 0.5, 13, 1 ], "texture": "#BlueMissile" },
        "south": { "uv": [ 11, 0.5, 13, 1 ], "texture": "#BlueMissile" },
        "west":  { "uv": [ 12.5, 0.5, 13, 1 ], "texture": "#BlueMissile" },
        "east":  { "uv": [ 12.5, 0.5, 13, 1 ], "texture": "#BlueMissile" }
    }
},
{
    "from": [ 4.5, 10, 12.5 ],
    "to": [ 11.5, 13, 13 ],
    "faces": {
        "down":  { "uv": [ 13, 6, 12.5, 5.5 ], "texture": "#BlueMissile" },
        "up":    { "uv": [ 12.5, 3, 13, 3.5 ], "texture": "#BlueMissile" },
        "south": { "uv": [ 12.5, 3, 13, 6 ], "texture": "#BlueMissile" },
        "west":  { "uv": [ 12.5, 3, 13, 6 ], "texture": "#BlueMissile" },
        "east":  { "uv": [ 12.5, 3, 13, 6 ], "texture": "#BlueMissile" }
    }
},
{
    "from": [ 4.5, 9.5, 12 ],
    "to": [ 11.5, 13.5, 12.5 ],
    "faces": {
        "down":  { "uv": [ 13, 6.5, 12, 6 ], "texture": "#BlueMissile" },
        "up":    { "uv": [ 12.5, 2.5, 12, 3 ], "rotation": 90, "texture": "#BlueMissile" },
        "south": { "uv": [ 12, 2.5, 12.5, 6.5 ], "texture": "#BlueMissile" },
        "west":  { "uv": [ 12, 2.5, 12.5, 6.5 ], "texture": "#BlueMissile" },
        "east":  { "uv": [ 12, 2.5, 12.5, 6.5 ], "texture": "#BlueMissile" }
    }
},
{
    "from": [ 6, 8, 12 ],
    "to": [ 10, 15, 12.5 ],
    "faces": {
        "down":  { "uv": [ 13.5, 8, 9.5, 7.5 ], "texture": "#BlueMissile" },
        "up":    { "uv": [ 9.5, 1, 13.5, 1.5 ], "texture": "#BlueMissile" },
        "south": { "uv": [ 12, 1, 12.5, 8 ], "texture": "#BlueMissile" },
        "west":  { "uv": [ 12, 1, 12.5, 8 ], "texture": "#BlueMissile" },
        "east":  { "uv": [ 12, 1, 12.5, 8 ], "texture": "#BlueMissile" }
    }
},
{
    "from": [ 5, 9, 12 ],
    "to": [ 11, 14, 12.5 ],
    "faces": {
        "down":  { "uv": [ 13, 7, 12.5, 6.5 ], "texture": "#BlueMissile" },
        "up":    { "uv": [ 8, 2.5, 8.5, 3 ], "texture": "#BlueMissile" },
        "south": { "uv": [ 12, 2, 12.5, 7 ], "texture": "#BlueMissile" },
        "west":  { "uv": [ 12, 2, 12.5, 7 ], "texture": "#BlueMissile" },
        "east":  { "uv": [ 12, 2, 12.5, 7 ], "texture": "#BlueMissile" }
    }
},
{
    "from": [ 5.5, 8.5, 12 ],
    "to": [ 10.5, 14.5, 13 ],
    "faces": {
        "down":  { "uv": [ 14.5, 15.5, 9.5, 14.5 ], "texture": "#BlueMissile" },
        "up":    { "uv": [ 12, 1.5, 13, 2 ], "rotation": 90, "texture": "#BlueMissile" },
        "south": { "uv": [ 12.5, 1.5, 13, 7.5 ], "texture": "#BlueMissile" },
        "west":  { "uv": [ 12, 1.5, 13, 7.5 ], "texture": "#BlueMissile" },
        "east":  { "uv": [ 13, 1.5, 12, 7.5 ], "texture": "#BlueMissile" }
    }
},
{
    "from": [ 6.5, 15, 12 ],
    "to": [ 9.5, 15.5, 12.5 ],
    "faces": {
        "up":    { "uv": [ 10, 0.5, 13, 1 ], "texture": "#BlueMissile" },
        "south": { "uv": [ 10, 0.5, 13, 1 ], "texture": "#BlueMissile" },
        "west":  { "uv": [ 12, 0.5, 12.5, 1 ], "texture": "#BlueMissile" },
        "east":  { "uv": [ 12, 0.5, 12.5, 1 ], "texture": "#BlueMissile" }
    }
},
{
    "from": [ 5.5, 8, 11.5 ],
    "to": [ 10.5, 15, 12 ],
    "faces": {
        "down":  { "uv": [ 13.5, 7.5, 8.5, 7 ], "texture": "#BlueMissile" },
        "up":    { "uv": [ 8, 1, 13, 1.5 ], "texture": "#BlueMissile" },
        "south": { "uv": [ 11.5, 1, 12, 8 ], "texture": "#BlueMissile" },
        "west":  { "uv": [ 11.5, 1, 12, 8 ], "texture": "#BlueMissile" },
        "east":  { "uv": [ 11.5, 1, 12, 8 ], "texture": "#BlueMissile" }
    }
},
{
    "from": [ 6, 15, 11.5 ],
    "to": [ 10, 15.5, 12 ],
    "faces": {
        "up":    { "uv": [ 9, 0.5, 13, 1 ], "texture": "#BlueMissile" },
        "south": { "uv": [ 9, 0.5, 13, 1 ], "texture": "#BlueMissile" },
        "west":  { "uv": [ 11.5, 0.5, 12, 1 ], "texture": "#BlueMissile" },
        "east":  { "uv": [ 11.5, 0.5, 12, 1 ], "texture": "#BlueMissile" }
    }
},
{
    "from": [ 5, 8.5, 5.5 ],
    "to": [ 11, 14.5, 12 ],
    "faces": {
        "down":  { "uv": [ 5.5, 7.5, 12, 7 ], "rotation": 270, "texture": "#BlueMissile" },
        "up":    { "uv": [ 12, 1.5, 5.5, 2 ], "rotation": 270, "texture": "#BlueMissile" },
        "north": { "uv": [ 5.5, 1.5, 6, 7.5 ], "texture": "#BlueMissile" },
        "south": { "uv": [ 11.5, 1.5, 12, 7.5 ], "texture": "#BlueMissile" },
        "west":  { "uv": [ 5.5, 1.5, 12, 7.5 ], "texture": "#BlueMissile" },
        "east":  { "uv": [ 12, 1.5, 5.5, 7.5 ], "texture": "#BlueMissile" }
    }
},
{
    "from": [ 4.5, 9, 6 ],
    "to": [ 11.5, 14, 12 ],
    "faces": {
        "down":  { "uv": [ 12, 7, 6, 6.5 ], "rotation": 90, "texture": "#BlueMissile" },
        "up":    { "uv": [ 6, 2, 12, 2.5 ], "rotation": 90, "texture": "#BlueMissile" },
        "north": { "uv": [ 6, 2, 6.5, 7 ], "texture": "#BlueMissile" },
        "south": { "uv": [ 11.5, 2, 12, 7 ], "texture": "#BlueMissile" },
        "west":  { "uv": [ 6, 2, 12, 7 ], "texture": "#BlueMissile" },
        "east":  { "uv": [ 12, 2, 6, 7 ], "texture": "#BlueMissile" }
    }
},
{
    "from": [ 5.5, 8, 6.5 ],
    "to": [ 10.5, 15.5, 11.5 ],
    "faces": {
        "down":  { "uv": [ 11.5, 8, 6.5, 7.5 ], "rotation": 90, "texture": "#BlueMissile" },
        "up":    { "uv": [ 6.5, 0.5, 11.5, 1 ], "rotation": 90, "texture": "#BlueMissile" },
        "north": { "uv": [ 6.5, 0.5, 7, 8 ], "texture": "#BlueMissile" },
        "south": { "uv": [ 11, 0.5, 11.5, 8 ], "texture": "#BlueMissile" },
        "west":  { "uv": [ 6.5, 0.5, 11.5, 8 ], "texture": "#BlueMissile" },
        "east":  { "uv": [ 11.5, 0.5, 6.5, 8 ], "texture": "#BlueMissile" }
    }
},
{
    "from": [ 5, 14.5, 6 ],
    "to": [ 11, 15, 11.5 ],
    "faces": {
        "up":    { "uv": [ 6, 1, 11.5, 1.5 ], "rotation": 90, "texture": "#BlueMissile" },
        "north": { "uv": [ 6, 1, 6.5, 1.5 ], "texture": "#BlueMissile" },
        "south": { "uv": [ 8.5, 1, 13, 1.5 ], "texture": "#BlueMissile" },
        "west":  { "uv": [ 6, 1, 11.5, 1.5 ], "texture": "#BlueMissile" },
        "east":  { "uv": [ 11.5, 1, 6, 1.5 ], "texture": "#BlueMissile" }
    }
},
{
    "from": [ 6, 8, 5.5 ],
    "to": [ 10, 15.5, 6.5 ],
    "faces": {
        "down":  { "uv": [ 9.5, 8, 8.5, 7 ], "texture": "#BlueMissile" },
        "up":    { "uv": [ 8, 0.5, 9, 1 ], "texture": "#BlueMissile" },
        "north": { "uv": [ 5.5, 0.5, 6, 8 ], "texture": "#BlueMissile" },
        "west":  { "uv": [ 5.5, 0.5, 6.5, 8 ], "texture": "#BlueMissile" },
        "east":  { "uv": [ 6.5, 0.5, 5.5, 8 ], "texture": "#BlueMissile" }
    }
},
{
    "from": [ 6.5, 15, 4.5 ],
    "to": [ 9.5, 15.5, 5.5 ],
    "faces": {
        "down":  { "uv": [ 11, 1.5, 8, 0.5 ], "texture": "#BlueMissile" },
        "up":    { "uv": [ 8, 0.5, 11, 1 ], "texture": "#BlueMissile" },
        "north": { "uv": [ 8, 0.5, 11, 1 ], "texture": "#BlueMissile" },
        "west":  { "uv": [ 4.5, 0.5, 5.5, 1 ], "texture": "#BlueMissile" },
        "east":  { "uv": [ 4.5, 0.5, 5.5, 1 ], "texture": "#BlueMissile" }
    }
},
{
    "from": [ 7, 15, 3.5 ],
    "to": [ 9, 15.5, 4.5 ],
    "faces": {
        "down":  { "uv": [ 4.5, 1, 3.5, 0.5 ], "rotation": 90, "texture": "#BlueMissile" },
        "up":    { "uv": [ 3.5, 0.5, 4.5, 1 ], "rotation": 90, "texture": "#BlueMissile" },
        "north": { "uv": [ 3.5, 0.5, 4, 1 ], "texture": "#BlueMissile" },
        "west":  { "uv": [ 3.5, 0.5, 4.5, 1 ], "texture": "#BlueMissile" },
        "east":  { "uv": [ 4.5, 0.5, 3.5, 1 ], "texture": "#BlueMissile" }
    }
},
{
    "from": [ 5.5, 14, 5 ],
    "to": [ 10.5, 15, 6 ],
    "faces": {
        "down":  { "uv": [ 6, 2, 5, 1.5 ], "texture": "#BlueMissile" },
        "up":    { "uv": [ 5, 1, 6, 1.5 ], "rotation": 90, "texture": "#BlueMissile" },
        "north": { "uv": [ 5, 1, 5.5, 2 ], "texture": "#BlueMissile" },
        "south": { "uv": [ 5.5, 1, 6, 2 ], "texture": "#BlueMissile" },
        "west":  { "uv": [ 5, 1, 6, 2 ], "texture": "#BlueMissile" },
        "east":  { "uv": [ 6, 1, 5, 2 ], "texture": "#BlueMissile" }
    }
},
{
    "from": [ 6, 14, 4 ],
    "to": [ 10, 15, 5 ],
    "faces": {
        "up":    { "uv": [ 4, 1, 5, 1.5 ], "texture": "#BlueMissile" },
        "north": { "uv": [ 4, 1, 4.5, 2 ], "texture": "#BlueMissile" },
        "west":  { "uv": [ 4, 1, 5, 2 ], "texture": "#BlueMissile" },
        "east":  { "uv": [ 4, 1, 5, 2 ], "texture": "#BlueMissile" }
    }
},
{
    "from": [ 6.5, 14.5, 3 ],
    "to": [ 9.5, 15, 4 ],
    "faces": {
        "up":    { "uv": [ 3, 1, 4, 1.5 ], "texture": "#BlueMissile" },
        "north": { "uv": [ 3, 1, 4, 1.5 ], "texture": "#BlueMissile" },
        "west":  { "uv": [ 3, 1, 4, 1.5 ], "texture": "#BlueMissile" },
        "east":  { "uv": [ 3, 1, 4, 1.5 ], "texture": "#BlueMissile" }
    }
},
{
    "from": [ 5.5, 13.5, 4 ],
    "to": [ 10.5, 14, 5 ],
    "faces": {
        "up":    { "uv": [ 4, 2, 5, 2.5 ], "texture": "#BlueMissile" },
        "north": { "uv": [ 4, 2, 5, 2.5 ], "texture": "#BlueMissile" },
        "west":  { "uv": [ 4, 2, 5, 2.5 ], "texture": "#BlueMissile" },
        "east":  { "uv": [ 4, 2, 5, 2.5 ], "texture": "#BlueMissile" }
    }
},
{
    "from": [ 6, 12.5, 3 ],
    "to": [ 10, 14.5, 4 ],
    "faces": {
        "down":  { "uv": [ 4, 3.5, 3, 3 ], "rotation": 90, "texture": "#BlueMissile" },
        "up":    { "uv": [ 3, 1.5, 4, 2.5 ], "texture": "#BlueMissile" },
        "north": { "uv": [ 3, 1.5, 3.5, 3.5 ], "texture": "#BlueMissile" },
        "south": { "uv": [ 3.5, 1.5, 4, 3.5 ], "texture": "#BlueMissile" },
        "west":  { "uv": [ 3, 1.5, 4, 3.5 ], "texture": "#BlueMissile" },
        "east":  { "uv": [ 3, 1.5, 4, 3.5 ], "texture": "#BlueMissile" }
    }
},
{
    "from": [ 5, 10, 4 ],
    "to": [ 11, 13.5, 5 ],
    "faces": {
        "down":  { "uv": [ 5, 6, 4, 5.5 ], "rotation": 90, "texture": "#BlueMissile" },
        "up":    { "uv": [ 4, 2.5, 5, 3 ], "texture": "#BlueMissile" },
        "north": { "uv": [ 4, 2.5, 4.5, 6 ], "texture": "#BlueMissile" },
        "west":  { "uv": [ 4, 2.5, 5, 6 ], "texture": "#BlueMissile" },
        "east":  { "uv": [ 5, 2.5, 4, 6 ], "texture": "#BlueMissile" }
    }
},
{
    "from": [ 5.5, 9, 3.5 ],
    "to": [ 10.5, 13.5, 4 ],
    "faces": {
        "up":    { "uv": [ 3.5, 2.5, 4, 3 ], "texture": "#BlueMissile" },
        "north": { "uv": [ 3.5, 2.5, 4, 7 ], "texture": "#BlueMissile" },
        "south": { "uv": [ 3.5, 2.5, 4, 7 ], "texture": "#BlueMissile" },
        "west":  { "uv": [ 3.5, 2.5, 4, 7 ], "texture": "#BlueMissile" },
        "east":  { "uv": [ 3.5, 2.5, 4, 7 ], "texture": "#BlueMissile" }
    }
},
{
    "from": [ 5, 8, 4.5 ],
    "to": [ 11, 8.5, 6 ],
    "faces": {
        "down":  { "uv": [ 6, 8, 4.5, 7.5 ], "rotation": 90, "texture": "#BlueMissile" },
        "up":    { "uv": [ 4.5, 7.5, 6.5, 8 ], "rotation": 90, "texture": "#BlueMissile" },
        "north": { "uv": [ 4.5, 7.5, 5, 8 ], "texture": "#BlueMissile" },
        "south": { "uv": [ 5.5, 7.5, 6, 8 ], "texture": "#BlueMissile" },
        "west":  { "uv": [ 4.5, 7.5, 6, 8 ], "texture": "#BlueMissile" },
        "east":  { "uv": [ 6, 7.5, 4.5, 8 ], "texture": "#BlueMissile" }
    }
},
{
    "from": [ 5.5, 7.5, 5 ],
    "to": [ 10.5, 8, 6 ],
    "faces": {
        "down":  { "uv": [ 6, 8.5, 5, 8 ], "rotation": 90, "texture": "#BlueMissile" },
        "north": { "uv": [ 5, 8, 5.5, 8.5 ], "texture": "#BlueMissile" },
        "south": { "uv": [ 5.5, 8, 6, 8.5 ], "texture": "#BlueMissile" },
        "west":  { "uv": [ 5, 8, 6, 8.5 ], "texture": "#BlueMissile" },
        "east":  { "uv": [ 6, 8, 5, 8.5 ], "texture": "#BlueMissile" }
    }
},
{
    "from": [ 4.5, 8.5, 4.5 ],
    "to": [ 11.5, 9.5, 5.5 ],
    "faces": {
        "down":  { "uv": [ 5.5, 7, 4.5, 7.5 ], "rotation": 90, "texture": "#BlueMissile" },
        "north": { "uv": [ 4.5, 6.5, 5, 7.5 ], "texture": "#BlueMissile" },
        "south": { "uv": [ 5, 6.5, 5.5, 7.5 ], "texture": "#BlueMissile" },
        "west":  { "uv": [ 4.5, 6.5, 5.5, 7.5 ], "texture": "#BlueMissile" },
        "east":  { "uv": [ 5.5, 6.5, 4.5, 7.5 ], "texture": "#BlueMissile" }
    }
},
{
    "from": [ 4, 9.5, 4.5 ],
    "to": [ 12, 10, 5.5 ],
    "faces": {
        "down":  { "uv": [ 5.5, 6.5, 4.5, 6 ], "rotation": 90, "texture": "#BlueMissile" },
        "up":    { "uv": [ 4.5, 6, 5.5, 6.5 ], "rotation": 90, "texture": "#BlueMissile" },
        "north": { "uv": [ 4.5, 6, 5, 6.5 ], "texture": "#BlueMissile" },
        "south": { "uv": [ 5, 6, 5.5, 6.5 ], "texture": "#BlueMissile" },
        "west":  { "uv": [ 4.5, 6, 5.5, 6.5 ], "texture": "#BlueMissile" },
        "east":  { "uv": [ 5.5, 6, 4.5, 6.5 ], "texture": "#BlueMissile" }
    }
},
{
    "from": [ 4, 10, 4 ],
    "to": [ 12, 10.5, 5 ],
    "faces": {
        "down":  { "uv": [ 5, 6, 4, 5.5 ], "rotation": 90, "texture": "#BlueMissile" },
        "up":    { "uv": [ 4, 5.5, 5, 6 ], "rotation": 90, "texture": "#BlueMissile" },
        "north": { "uv": [ 4, 5.5, 4.5, 6 ], "texture": "#BlueMissile" },
        "south": { "uv": [ 4.5, 5.5, 5, 6 ], "texture": "#BlueMissile" },
        "west":  { "uv": [ 4, 5.5, 5, 6 ], "texture": "#BlueMissile" },
        "east":  { "uv": [ 5, 5.5, 4, 6 ], "texture": "#BlueMissile" }
    }
},
{
    "from": [ 4.5, 10, 4.5 ],
    "to": [ 11.5, 13, 5.5 ],
    "faces": {
        "up":    { "uv": [ 4.5, 3, 5.5, 3.5 ], "texture": "#BlueMissile" },
        "north": { "uv": [ 4.5, 3, 5, 6 ], "texture": "#BlueMissile" },
        "west":  { "uv": [ 4.5, 3, 5.5, 6 ], "texture": "#BlueMissile" },
        "east":  { "uv": [ 5.5, 3, 4.5, 6 ], "texture": "#BlueMissile" }
    }
},
{
    "from": [ 5, 9.5, 5 ],
    "to": [ 11, 14, 5.5 ],
    "faces": {
        "up":    { "uv": [ 5, 2, 5.5, 2.5 ], "texture": "#BlueMissile" },
        "north": { "uv": [ 5, 2, 5.5, 6.5 ], "texture": "#BlueMissile" },
        "west":  { "uv": [ 5, 2, 5.5, 6.5 ], "texture": "#BlueMissile" },
        "east":  { "uv": [ 5, 2, 5.5, 6.5 ], "texture": "#BlueMissile" }
    }
},
{
    "from": [ 4.5, 9.5, 5.5 ],
    "to": [ 11.5, 13.5, 6 ],
    "faces": {
        "down":  { "uv": [ 6, 6.5, 5.5, 6 ], "texture": "#BlueMissile" },
        "up":    { "uv": [ 5.5, 2.5, 6, 3 ], "texture": "#BlueMissile" },
        "north": { "uv": [ 5.5, 2.5, 6, 6.5 ], "texture": "#BlueMissile" },
        "west":  { "uv": [ 5.5, 2.5, 6, 6.5 ], "texture": "#BlueMissile" },
        "east":  { "uv": [ 5.5, 2.5, 6, 6.5 ], "texture": "#BlueMissile" }
    }
},
{
    "from": [ 5, 8.5, 3.5 ],
    "to": [ 11, 9.5, 4.5 ],
    "faces": {
        "down":  { "uv": [ 4.5, 7.5, 3.5, 6.5 ], "texture": "#BlueMissile" },
        "up":    { "uv": [ 3.5, 6.5, 4.5, 7.5 ], "texture": "#BlueMissile" },
        "north": { "uv": [ 3.5, 6.5, 4.5, 7.5 ], "texture": "#BlueMissile" },
        "west":  { "uv": [ 3.5, 6.5, 4.5, 7.5 ], "texture": "#BlueMissile" },
        "east":  { "uv": [ 3.5, 6.5, 4.5, 7.5 ], "texture": "#BlueMissile" }
    }
},
{
    "from": [ 4, 9, 5 ],
    "to": [ 12, 9.5, 5.5 ],
    "faces": {
        "down":  { "uv": [ 5.5, 7, 5, 6.5 ], "texture": "#BlueMissile" },
        "north": { "uv": [ 5, 6.5, 5.5, 7 ], "texture": "#BlueMissile" },
        "south": { "uv": [ 5, 6.5, 5.5, 7 ], "texture": "#BlueMissile" },
        "west":  { "uv": [ 5, 6.5, 5.5, 7 ], "texture": "#BlueMissile" },
        "east":  { "uv": [ 5, 6.5, 5.5, 7 ], "texture": "#BlueMissile" }
    }
},
{
    "from": [ 4.5, 10, 3 ],
    "to": [ 11.5, 10.5, 4.5 ],
    "faces": {
        "down":  { "uv": [ 4.5, 6, 3, 5.5 ], "rotation": 90, "texture": "#BlueMissile" },
        "up":    { "uv": [ 3, 5.5, 4.5, 6 ], "rotation": 90, "texture": "#BlueMissile" },
        "north": { "uv": [ 3, 5.5, 3.5, 6 ], "texture": "#BlueMissile" },
        "west":  { "uv": [ 3, 5.5, 4.5, 6 ], "texture": "#BlueMissile" },
        "east":  { "uv": [ 4.5, 5.5, 3, 6 ], "texture": "#BlueMissile" }
    }
},
{
    "from": [ 5.5, 8, 3.5 ],
    "to": [ 10.5, 9, 4.5 ],
    "faces": {
        "down":  { "uv": [ 4.5, 8, 3.5, 7.5 ], "texture": "#BlueMissile" },
        "up":    { "uv": [ 3.5, 7, 4.5, 7.5 ], "texture": "#BlueMissile" },
        "north": { "uv": [ 3.5, 7, 4, 8 ], "texture": "#BlueMissile" },
        "south": { "uv": [ 4, 7, 4.5, 8 ], "texture": "#BlueMissile" },
        "west":  { "uv": [ 3.5, 7, 4.5, 8 ], "texture": "#BlueMissile" },
        "east":  { "uv": [ 3.5, 7, 4.5, 8 ], "texture": "#BlueMissile" }
    }
},
{
    "from": [ 4.5, 11, 2.5 ],
    "to": [ 11.5, 11.5, 3.5 ],
    "faces": {
        "down":  { "uv": [ 3.5, 5, 2.5, 4.5 ], "rotation": 90, "texture": "#BlueMissile" },
        "up":    { "uv": [ 2.5, 4.5, 3.5, 5 ], "rotation": 90, "texture": "#BlueMissile" },
        "north": { "uv": [ 2.5, 4.5, 3, 5 ], "texture": "#BlueMissile" },
        "south": { "uv": [ 3, 4.5, 3.5, 5 ], "texture": "#BlueMissile" },
        "west":  { "uv": [ 2.5, 4.5, 3.5, 5 ], "texture": "#BlueMissile" },
        "east":  { "uv": [ 3.5, 4.5, 2.5, 5 ], "texture": "#BlueMissile" }
    }
},
{
    "from": [ 5, 10.5, 2.5 ],
    "to": [ 11, 12, 3 ],
    "faces": {
        "up":    { "uv": [ 2.5, 4, 3, 4.5 ], "texture": "#BlueMissile" },
        "north": { "uv": [ 2.5, 4, 3, 5.5 ], "texture": "#BlueMissile" },
        "south": { "uv": [ 2.5, 4, 3, 5.5 ], "texture": "#BlueMissile" },
        "west":  { "uv": [ 2.5, 4, 3, 5.5 ], "texture": "#BlueMissile" },
        "east":  { "uv": [ 2.5, 4, 3, 5.5 ], "texture": "#BlueMissile" }
    }
},
{
    "from": [ 6.5, 12, 2.5 ],
    "to": [ 9.5, 14.5, 3 ],
    "faces": {
        "up":    { "uv": [ 2.5, 1.5, 3, 2 ], "texture": "#BlueMissile" },
        "north": { "uv": [ 2.5, 1.5, 3, 4 ], "texture": "#BlueMissile" },
        "south": { "uv": [ 2.5, 1.5, 3, 4 ], "texture": "#BlueMissile" },
        "west":  { "uv": [ 2.5, 1.5, 3, 4 ], "texture": "#BlueMissile" },
        "east":  { "uv": [ 2.5, 1.5, 3, 4 ], "texture": "#BlueMissile" }
    }
},
{
    "from": [ 5.5, 11.5, 1.5 ],
    "to": [ 10.5, 14, 2.5 ],
    "faces": {
        "up":    { "uv": [ 1.5, 2, 2.5, 2.5 ], "rotation": 90, "texture": "#BlueMissile" },
        "north": { "uv": [ 1.5, 2, 2, 4.5 ], "texture": "#BlueMissile" },
        "south": { "uv": [ 2, 2, 2.5, 4.5 ], "texture": "#BlueMissile" },
        "west":  { "uv": [ 1.5, 2, 2.5, 4.5 ], "texture": "#BlueMissile" },
        "east":  { "uv": [ 2.5, 2, 1.5, 4.5 ], "texture": "#BlueMissile" }
    }
},
{
    "from": [ 6, 14, 1.5 ],
    "to": [ 10, 14.5, 2.5 ],
    "faces": {
        "up":    { "uv": [ 1.5, 1.5, 2.5, 2 ], "rotation": 90, "texture": "#BlueMissile" },
        "north": { "uv": [ 1.5, 1.5, 2, 2 ], "texture": "#BlueMissile" },
        "south": { "uv": [ 2, 1.5, 2.5, 2 ], "texture": "#BlueMissile" },
        "west":  { "uv": [ 1.5, 1.5, 2.5, 2 ], "texture": "#BlueMissile" },
        "east":  { "uv": [ 2.5, 1.5, 1.5, 2 ], "texture": "#BlueMissile" }
    }
},
{
    "from": [ 5.5, 11.5, 2.5 ],
    "to": [ 10.5, 12.5, 3.5 ],
    "faces": {
        "up":    { "uv": [ 2.5, 3.5, 3, 4 ], "texture": "#BlueMissile" },
        "west":  { "uv": [ 2.5, 3.5, 3.5, 4.5 ], "texture": "#BlueMissile" },
        "east":  { "uv": [ 3.5, 3.5, 2.5, 4.5 ], "texture": "#BlueMissile" }
    }
},
{
    "from": [ 5, 10.5, 3.5 ],
    "to": [ 11, 12, 4 ],
    "faces": {
        "up":    { "uv": [ 3.5, 4, 4, 4.5 ], "texture": "#BlueMissile" },
        "north": { "uv": [ 3.5, 4, 4, 5.5 ], "texture": "#BlueMissile" },
        "west":  { "uv": [ 3.5, 4, 4, 5.5 ], "texture": "#BlueMissile" },
        "east":  { "uv": [ 3.5, 4, 4, 5.5 ], "texture": "#BlueMissile" }
    }
},
{
    "from": [ 4.5, 10.5, 4 ],
    "to": [ 11.5, 11, 4.5 ],
    "faces": {
        "up":    { "uv": [ 4, 5, 4.5, 5.5 ], "texture": "#BlueMissile" },
        "north": { "uv": [ 4, 5, 4.5, 5.5 ], "texture": "#BlueMissile" },
        "west":  { "uv": [ 4, 5, 4.5, 5.5 ], "texture": "#BlueMissile" },
        "east":  { "uv": [ 4, 5, 4.5, 5.5 ], "texture": "#BlueMissile" }
    }
},
{
    "from": [ 6, 12, 2.5 ],
    "to": [ 10, 13.5, 3 ],
    "faces": {
        "up":    { "uv": [ 2.5, 2.5, 3, 3 ], "texture": "#BlueMissile" },
        "south": { "uv": [ 2.5, 2.5, 3, 4 ], "texture": "#BlueMissile" },
        "west":  { "uv": [ 2.5, 2.5, 3, 4 ], "texture": "#BlueMissile" },
        "east":  { "uv": [ 2.5, 2.5, 3, 4 ], "texture": "#BlueMissile" }
    }
},
{
    "from": [ 5.5, 14, 4.5 ],
    "to": [ 10.5, 14.5, 5 ],
    "faces": {
        "up":    { "uv": [ 4.5, 1.5, 5, 2 ], "texture": "#BlueMissile" },
        "north": { "uv": [ 4.5, 1.5, 5, 2 ], "texture": "#BlueMissile" },
        "west":  { "uv": [ 4.5, 1.5, 5, 2 ], "texture": "#BlueMissile" },
        "east":  { "uv": [ 4.5, 1.5, 5, 2 ], "texture": "#BlueMissile" }
    }
},
{
    "from": [ 5.5, 12.5, 3 ],
    "to": [ 10.5, 13, 3.5 ],
    "faces": {
        "up":    { "uv": [ 3, 3, 3.5, 3.5 ], "texture": "#BlueMissile" },
        "north": { "uv": [ 3, 3, 3.5, 3.5 ], "texture": "#BlueMissile" },
        "west":  { "uv": [ 3, 3, 3.5, 3.5 ], "texture": "#BlueMissile" },
        "east":  { "uv": [ 3, 3, 3.5, 3.5 ], "texture": "#BlueMissile" }
    }
},
{
    "from": [ 5, 11, 2 ],
    "to": [ 11, 13, 2.5 ],
    "faces": {
        "down":  { "uv": [ 2.5, 5, 2, 4.5 ], "texture": "#BlueMissile" },
        "up":    { "uv": [ 2, 3, 2.5, 3.5 ], "texture": "#BlueMissile" },
        "north": { "uv": [ 2, 3, 2.5, 5 ], "texture": "#BlueMissile" },
        "south": { "uv": [ 2, 3, 2.5, 5 ], "texture": "#BlueMissile" },
        "west":  { "uv": [ 2, 3, 2.5, 5 ], "texture": "#BlueMissile" },
        "east":  { "uv": [ 2, 3, 2.5, 5 ], "texture": "#BlueMissile" }
    }
},
{
    "from": [ 5.5, 10, 1.5 ],
    "to": [ 10.5, 11.5, 2.5 ],
    "faces": {
        "down":  { "uv": [ 2.5, 6, 1.5, 5.5 ], "rotation": 90, "texture": "#BlueMissile" },
        "south": { "uv": [ 2, 4.5, 2.5, 6 ], "texture": "#BlueMissile" },
        "west":  { "uv": [ 1.5, 4.5, 2.5, 6 ], "texture": "#BlueMissile" },
        "east":  { "uv": [ 2.5, 4.5, 1.5, 6 ], "texture": "#BlueMissile" }
    }
},
{
    "from": [ 4.5, 9.5, 4 ],
    "to": [ 11.5, 10, 4.5 ],
    "faces": {
        "down":  { "uv": [ 4.5, 6, 4, 6.5 ], "texture": "#BlueMissile" },
        "north": { "uv": [ 4, 6, 4.5, 6.5 ], "texture": "#BlueMissile" },
        "west":  { "uv": [ 4, 6, 4.5, 6.5 ], "texture": "#BlueMissile" },
        "east":  { "uv": [ 4, 6, 4.5, 6.5 ], "texture": "#BlueMissile" }
    }
},
{
    "from": [ 4.5, 10.5, 3 ],
    "to": [ 11.5, 11, 3.5 ],
    "faces": {
        "north": { "uv": [ 3, 5, 3.5, 5.5 ], "texture": "#BlueMissile" },
        "south": { "uv": [ 3, 5, 3.5, 5.5 ], "texture": "#BlueMissile" },
        "west":  { "uv": [ 3, 5, 3.5, 5.5 ], "texture": "#BlueMissile" },
        "east":  { "uv": [ 3, 5, 3.5, 5.5 ], "texture": "#BlueMissile" }
    }
},
{
    "from": [ 5.5, 8.5, 2.5 ],
    "to": [ 10.5, 9.5, 3.5 ],
    "faces": {
        "down":  { "uv": [ 3.5, 7.5, 2.5, 7 ], "texture": "#BlueMissile" },
        "north": { "uv": [ 2.5, 6.5, 3, 7.5 ], "texture": "#BlueMissile" },
        "west":  { "uv": [ 2.5, 6.5, 3.5, 7.5 ], "texture": "#BlueMissile" },
        "east":  { "uv": [ 3.5, 6.5, 2.5, 7.5 ], "texture": "#BlueMissile" }
    }
},
{
    "from": [ 5, 9.5, 2.5 ],
    "to": [ 11, 10.5, 4 ],
    "faces": {
        "down":  { "uv": [ 4, 6.5, 2.5, 6 ], "texture": "#BlueMissile" },
        "up":    { "uv": [ 2.5, 5.5, 4, 6 ], "rotation": 90, "texture": "#BlueMissile" },
        "north": { "uv": [ 2.5, 5.5, 3, 6.5 ], "texture": "#BlueMissile" },
        "south": { "uv": [ 3.5, 5.5, 4, 6.5 ], "texture": "#BlueMissile" },
        "west":  { "uv": [ 2.5, 5.5, 4, 6.5 ], "texture": "#BlueMissile" },
        "east":  { "uv": [ 4, 5.5, 2.5, 6.5 ], "texture": "#BlueMissile" }
    }
},
{
    "from": [ 6, 9, 1.5 ],
    "to": [ 10, 10, 2.5 ],
    "faces": {
        "down":  { "uv": [ 2.5, 7, 1.5, 6 ], "texture": "#BlueMissile" },
        "north": { "uv": [ 1.5, 6, 2.5, 7 ], "texture": "#BlueMissile" },
        "south": { "uv": [ 1.5, 6, 2.5, 7 ], "texture": "#BlueMissile" },
        "west":  { "uv": [ 1.5, 6, 2.5, 7 ], "texture": "#BlueMissile" },
        "east":  { "uv": [ 1.5, 6, 2.5, 7 ], "texture": "#BlueMissile" }
    }
},
{
    "from": [ 6.5, 9, 1 ],
    "to": [ 9.5, 13.5, 1.5 ],
    "faces": {
        "down":  { "uv": [ 1.5, 7, 1, 6.5 ], "texture": "#BlueMissile" },
        "up":    { "uv": [ 1, 2.5, 1.5, 3 ], "texture": "#BlueMissile" },
        "south": { "uv": [ 1, 2.5, 1.5, 7 ], "texture": "#BlueMissile" },
        "west":  { "uv": [ 1, 2.5, 1.5, 7 ], "texture": "#BlueMissile" },
        "east":  { "uv": [ 1, 2.5, 1.5, 7 ], "texture": "#BlueMissile" }
    }
},
{
    "from": [ 6, 9.5, 1 ],
    "to": [ 10, 13, 1.5 ],
    "faces": {
        "down":  { "uv": [ 1.5, 6.5, 1, 6 ], "texture": "#BlueMissile" },
        "up":    { "uv": [ 1, 3, 1.5, 3.5 ], "texture": "#BlueMissile" },
        "south": { "uv": [ 1, 3, 1.5, 6.5 ], "texture": "#BlueMissile" },
        "west":  { "uv": [ 1, 3, 1.5, 6.5 ], "texture": "#BlueMissile" },
        "east":  { "uv": [ 1, 3, 1.5, 6.5 ], "texture": "#BlueMissile" }
    }
},
{
    "from": [ 5.5, 10, 1 ],
    "to": [ 10.5, 12.5, 1.5 ],
    "faces": {
        "down":  { "uv": [ 1.5, 6, 1, 5.5 ], "texture": "#BlueMissile" },
        "up":    { "uv": [ 1, 3.5, 1.5, 4 ], "texture": "#BlueMissile" },
        "south": { "uv": [ 1, 3.5, 1.5, 6 ], "texture": "#BlueMissile" },
        "west":  { "uv": [ 1, 3.5, 1.5, 6 ], "texture": "#BlueMissile" },
        "east":  { "uv": [ 1, 3.5, 1.5, 6 ], "texture": "#BlueMissile" }
    }
},
{
    "from": [ 5, 11, 1 ],
    "to": [ 11, 11.5, 1.5 ],
    "faces": {
        "down":  { "uv": [ 1.5, 5, 1, 4.5 ], "texture": "#BlueMissile" },
        "up":    { "uv": [ 1, 4.5, 1.5, 5 ], "texture": "#BlueMissile" },
        "south": { "uv": [ 1, 4.5, 1.5, 5 ], "texture": "#BlueMissile" },
        "west":  { "uv": [ 1, 4.5, 1.5, 5 ], "texture": "#BlueMissile" },
        "east":  { "uv": [ 1, 4.5, 1.5, 5 ], "texture": "#BlueMissile" }
    }
},
{
    "from": [ 7.5, 8.5, 1 ],
    "to": [ 8.5, 14, 1.5 ],
    "faces": {
        "down":  { "uv": [ 1.5, 7.5, 1, 7 ], "texture": "#BlueMissile" },
        "up":    { "uv": [ 1, 2, 1.5, 2.5 ], "texture": "#BlueMissile" },
        "south": { "uv": [ 1, 2, 1.5, 7.5 ], "texture": "#BlueMissile" },
        "west":  { "uv": [ 1, 2, 1.5, 7.5 ], "texture": "#BlueMissile" },
        "east":  { "uv": [ 1, 2, 1.5, 7.5 ], "texture": "#BlueMissile" }
    }
},
{
    "from": [ 7, 8, 0.5 ],
    "to": [ 9, 14.5, 1 ],
    "faces": {
        "down":  { "uv": [ 1, 8, 0.5, 7.5 ], "texture": "#BlueMissile" },
        "up":    { "uv": [ 0.5, 1.5, 1, 2 ], "texture": "#BlueMissile" },
        "north": { "uv": [ 0.5, 1.5, 1, 8 ], "texture": "#BlueMissile" },
        "south": { "uv": [ 0.5, 1.5, 1, 8 ], "texture": "#BlueMissile" },
        "west":  { "uv": [ 0.5, 1.5, 1, 8 ], "texture": "#BlueMissile" },
        "east":  { "uv": [ 0.5, 1.5, 1, 8 ], "texture": "#BlueMissile" }
    }
},
{
    "from": [ 6.5, 8.5, 0.5 ],
    "to": [ 9.5, 14, 1 ],
    "faces": {
        "down":  { "uv": [ 1, 7.5, 0.5, 7 ], "texture": "#BlueMissile" },
        "up":    { "uv": [ 0.5, 2, 1, 2.5 ], "texture": "#BlueMissile" },
        "north": { "uv": [ 0.5, 2, 1, 7.5 ], "texture": "#BlueMissile" },
        "south": { "uv": [ 0.5, 2, 1, 7.5 ], "texture": "#BlueMissile" },
        "west":  { "uv": [ 0.5, 2, 1, 7.5 ], "texture": "#BlueMissile" },
        "east":  { "uv": [ 0.5, 2, 1, 7.5 ], "texture": "#BlueMissile" }
    }
},
{
    "from": [ 6, 9, 0.5 ],
    "to": [ 10, 13.5, 1 ],
    "faces": {
        "down":  { "uv": [ 1, 7, 0.5, 6.5 ], "texture": "#BlueMissile" },
        "up":    { "uv": [ 0.5, 2.5, 1, 3 ], "texture": "#BlueMissile" },
        "north": { "uv": [ 0.5, 2.5, 1, 7 ], "texture": "#BlueMissile" },
        "south": { "uv": [ 0.5, 2.5, 1, 7 ], "texture": "#BlueMissile" },
        "west":  { "uv": [ 0.5, 2.5, 1, 7 ], "texture": "#BlueMissile" },
        "east":  { "uv": [ 0.5, 2.5, 1, 7 ], "texture": "#BlueMissile" }
    }
},
{
    "from": [ 5.5, 9.5, 0.5 ],
    "to": [ 10.5, 13, 1 ],
    "faces": {
        "down":  { "uv": [ 1, 6.5, 0.5, 6 ], "texture": "#BlueMissile" },
        "up":    { "uv": [ 0.5, 3, 1, 3.5 ], "texture": "#BlueMissile" },
        "north": { "uv": [ 0.5, 3, 1, 6.5 ], "texture": "#BlueMissile" },
        "south": { "uv": [ 0.5, 3, 1, 6.5 ], "texture": "#BlueMissile" },
        "west":  { "uv": [ 0.5, 3, 1, 6.5 ], "texture": "#BlueMissile" },
        "east":  { "uv": [ 0.5, 3, 1, 6.5 ], "texture": "#BlueMissile" }
    }
},
{
    "from": [ 5, 10.5, 0.5 ],
    "to": [ 11, 12, 1 ],
    "faces": {
        "down":  { "uv": [ 1, 5.5, 0.5, 5 ], "texture": "#BlueMissile" },
        "up":    { "uv": [ 0.5, 4, 1, 4.5 ], "texture": "#BlueMissile" },
        "north": { "uv": [ 0.5, 4, 1, 5.5 ], "texture": "#BlueMissile" },
        "south": { "uv": [ 0.5, 4, 1, 5.5 ], "texture": "#BlueMissile" },
        "west":  { "uv": [ 0.5, 4, 1, 5.5 ], "texture": "#BlueMissile" },
        "east":  { "uv": [ 0.5, 4, 1, 5.5 ], "texture": "#BlueMissile" }
    }
},
{
    "from": [ 6.5, 14.5, 1.5 ],
    "to": [ 9.5, 15, 2.5 ],
    "faces": {
        "up":    { "uv": [ 1.5, 1, 2.5, 1.5 ], "rotation": 90, "texture": "#BlueMissile" },
        "north": { "uv": [ 1.5, 1, 2, 1.5 ], "texture": "#BlueMissile" },
        "south": { "uv": [ 2, 1, 2.5, 1.5 ], "texture": "#BlueMissile" },
        "west":  { "uv": [ 1.5, 1, 2.5, 1.5 ], "texture": "#BlueMissile" },
        "east":  { "uv": [ 2.5, 1, 1.5, 1.5 ], "texture": "#BlueMissile" }
    }
},
{
    "from": [ 6.5, 14, 0 ],
    "to": [ 9.5, 15, 0.5 ],
    "faces": {
        "down":  { "uv": [ 0.5, 2, 0, 1.5 ], "texture": "#BlueMissile" },
        "up":    { "uv": [ 0, 1, 0.5, 1.5 ], "texture": "#BlueMissile" },
        "north": { "uv": [ 0, 1, 0.5, 2 ], "texture": "#BlueMissile", "cullface": "north" },
        "south": { "uv": [ 0, 1, 0.5, 2 ], "texture": "#BlueMissile" },
        "west":  { "uv": [ 0, 1, 0.5, 2 ], "texture": "#BlueMissile" },
        "east":  { "uv": [ 0, 1, 0.5, 2 ], "texture": "#BlueMissile" }
    }
},
{
    "from": [ 6, 13.5, 0 ],
    "to": [ 7, 14.5, 0.5 ],
    "faces": {
        "down":  { "uv": [ 1, 2.5, 0, 2 ], "texture": "#BlueMissile" },
        "up":    { "uv": [ 0, 2, 1, 2.5 ], "texture": "#BlueMissile" },
        "north": { "uv": [ 0, 2, 1, 3 ], "texture": "#BlueMissile", "cullface": "north" },
        "south": { "uv": [ 0, 2, 1, 3 ], "texture": "#BlueMissile" },
        "west":  { "uv": [ 0, 1.5, 0.5, 2.5 ], "texture": "#BlueMissile" },
        "east":  { "uv": [ 0, 1.5, 0.5, 2.5 ], "texture": "#BlueMissile" }
    }
},
{
    "from": [ 5.5, 13, 0 ],
    "to": [ 6.5, 14, 0.5 ],
    "faces": {
        "down":  { "uv": [ 1, 2.5, 0, 2 ], "texture": "#BlueMissile" },
        "up":    { "uv": [ 0, 2, 1, 2.5 ], "texture": "#BlueMissile" },
        "north": { "uv": [ 0, 2, 1, 3 ], "texture": "#BlueMissile", "cullface": "north" },
        "south": { "uv": [ 0, 2, 1, 3 ], "texture": "#BlueMissile" },
        "west":  { "uv": [ 0, 2, 0.5, 3 ], "texture": "#BlueMissile" },
        "east":  { "uv": [ 0, 2, 0.5, 3 ], "texture": "#BlueMissile" }
    }
},
{
    "from": [ 5, 12, 0 ],
    "to": [ 6, 13.5, 0.5 ],
    "faces": {
        "down":  { "uv": [ 1, 4, 0, 3.5 ], "texture": "#BlueMissile" },
        "up":    { "uv": [ 0, 2.5, 1, 3 ], "texture": "#BlueMissile" },
        "north": { "uv": [ 0, 2.5, 1, 4 ], "texture": "#BlueMissile", "cullface": "north" },
        "south": { "uv": [ 0, 2.5, 1, 4 ], "texture": "#BlueMissile" },
        "west":  { "uv": [ 0, 2.5, 0.5, 4 ], "texture": "#BlueMissile" },
        "east":  { "uv": [ 0, 2.5, 0.5, 4 ], "texture": "#BlueMissile" }
    }
},
{
    "from": [ 4.5, 10, 0 ],
    "to": [ 5.5, 12.5, 0.5 ],
    "faces": {
        "down":  { "uv": [ 1, 6, 0, 5.5 ], "texture": "#BlueMissile" },
        "up":    { "uv": [ 0, 3.5, 1, 4 ], "texture": "#BlueMissile" },
        "north": { "uv": [ 1, 3.5, 0, 6 ], "texture": "#BlueMissile", "cullface": "north" },
        "south": { "uv": [ 0, 3.5, 1, 6 ], "texture": "#BlueMissile" },
        "west":  { "uv": [ 0, 3.5, 0.5, 6 ], "texture": "#BlueMissile" },
        "east":  { "uv": [ 0.5, 3.5, 1, 6 ], "texture": "#BlueMissile" }
    }
},
{
    "from": [ 9.5, 13, 0 ],
    "to": [ 10.5, 14, 0.5 ],
    "faces": {
        "down":  { "uv": [ 1, 2.5, 0, 2 ], "texture": "#BlueMissile" },
        "up":    { "uv": [ 0, 2, 1, 2.5 ], "texture": "#BlueMissile" },
        "north": { "uv": [ 0, 2, 1, 3 ], "texture": "#BlueMissile", "cullface": "north" },
        "south": { "uv": [ 0, 2, 1, 3 ], "texture": "#BlueMissile" },
        "west":  { "uv": [ 0, 2, 0.5, 3 ], "texture": "#BlueMissile" },
        "east":  { "uv": [ 0, 2, 0.5, 3 ], "texture": "#BlueMissile" }
    }
},
{
    "from": [ 9, 13.5, 0 ],
    "to": [ 10, 14.5, 0.5 ],
    "faces": {
        "down":  { "uv": [ 1, 2.5, 0, 2 ], "texture": "#BlueMissile" },
        "up":    { "uv": [ 0, 2, 1, 2.5 ], "texture": "#BlueMissile" },
        "north": { "uv": [ 0, 2, 1, 3 ], "texture": "#BlueMissile", "cullface": "north" },
        "south": { "uv": [ 0, 2, 1, 3 ], "texture": "#BlueMissile" },
        "west":  { "uv": [ 0, 1.5, 0.5, 2.5 ], "texture": "#BlueMissile" },
        "east":  { "uv": [ 0, 1.5, 0.5, 2.5 ], "texture": "#BlueMissile" }
    }
},
{
    "from": [ 10, 12, 0 ],
    "to": [ 11, 13.5, 0.5 ],
    "faces": {
        "down":  { "uv": [ 1, 4, 0, 3.5 ], "texture": "#BlueMissile" },
        "up":    { "uv": [ 0, 2.5, 1, 3 ], "texture": "#BlueMissile" },
        "north": { "uv": [ 0, 2.5, 1, 4 ], "texture": "#BlueMissile", "cullface": "north" },
        "south": { "uv": [ 0, 2.5, 1, 4 ], "texture": "#BlueMissile" },
        "west":  { "uv": [ 0, 2.5, 0.5, 4 ], "texture": "#BlueMissile" },
        "east":  { "uv": [ 0, 2.5, 0.5, 4 ], "texture": "#BlueMissile" }
    }
},
{
    "from": [ 10.5, 10, 0 ],
    "to": [ 11.5, 12.5, 0.5 ],
    "faces": {
        "down":  { "uv": [ 1, 6, 0, 5.5 ], "texture": "#BlueMissile" },
        "up":    { "uv": [ 0, 3.5, 1, 4 ], "texture": "#BlueMissile" },
        "north": { "uv": [ 0, 3.5, 1, 6 ], "texture": "#BlueMissile", "cullface": "north" },
        "south": { "uv": [ 1, 3.5, 0, 6 ], "texture": "#BlueMissile" },
        "west":  { "uv": [ 0.5, 3.5, 1, 6 ], "texture": "#BlueMissile" },
        "east":  { "uv": [ 0, 3.5, 0.5, 6 ], "texture": "#BlueMissile" }
    }
},
{
    "from": [ 5, 9, 0 ],
    "to": [ 6, 10.5, 0.5 ],
    "faces": {
        "down":  { "uv": [ 1, 7, 0, 6.5 ], "texture": "#BlueMissile" },
        "up":    { "uv": [ 0, 5.5, 1, 6 ], "texture": "#BlueMissile" },
        "north": { "uv": [ 0, 5.5, 1, 7 ], "texture": "#BlueMissile", "cullface": "north" },
        "south": { "uv": [ 0, 5.5, 1, 7 ], "texture": "#BlueMissile" },
        "west":  { "uv": [ 0, 5.5, 0.5, 7 ], "texture": "#BlueMissile" },
        "east":  { "uv": [ 0, 5.5, 0.5, 7 ], "texture": "#BlueMissile" }
    }
},
{
    "from": [ 9.5, 8.5, 0 ],
    "to": [ 10.5, 9.5, 0.5 ],
    "faces": {
        "down":  { "uv": [ 1, 7.5, 0, 7 ], "texture": "#BlueMissile" },
        "up":    { "uv": [ 0, 6.5, 1, 7 ], "texture": "#BlueMissile" },
        "north": { "uv": [ 0, 6.5, 1, 7.5 ], "texture": "#BlueMissile", "cullface": "north" },
        "south": { "uv": [ 0, 6.5, 1, 7.5 ], "texture": "#BlueMissile" },
        "west":  { "uv": [ 0, 6.5, 0.5, 7.5 ], "texture": "#BlueMissile" },
        "east":  { "uv": [ 0, 6.5, 0.5, 7.5 ], "texture": "#BlueMissile" }
    }
},
{
    "from": [ 9, 8, 0 ],
    "to": [ 10, 9, 0.5 ],
    "faces": {
        "down":  { "uv": [ 1, 8, 0, 7.5 ], "texture": "#BlueMissile" },
        "up":    { "uv": [ 0, 7.5, 1, 8 ], "texture": "#BlueMissile" },
        "north": { "uv": [ 0, 7, 1, 8 ], "texture": "#BlueMissile", "cullface": "north" },
        "south": { "uv": [ 0, 7, 1, 8 ], "texture": "#BlueMissile" },
        "west":  { "uv": [ 0, 7, 0.5, 8 ], "texture": "#BlueMissile" },
        "east":  { "uv": [ 0, 7, 0.5, 8 ], "texture": "#BlueMissile" }
    }
},
{
    "from": [ 6.5, 7.5, 0 ],
    "to": [ 9.5, 8.5, 0.5 ],
    "faces": {
        "down":  { "uv": [ 0.5, 8.5, 0, 8 ], "texture": "#BlueMissile" },
        "up":    { "uv": [ 0, 7.5, 0.5, 8 ], "texture": "#BlueMissile" },
        "north": { "uv": [ 0, 7.5, 0.5, 8.5 ], "texture": "#BlueMissile", "cullface": "north" },
        "south": { "uv": [ 0, 7.5, 0.5, 8.5 ], "texture": "#BlueMissile" },
        "west":  { "uv": [ 0, 7.5, 0.5, 8.5 ], "texture": "#BlueMissile" },
        "east":  { "uv": [ 0, 7.5, 0.5, 8.5 ], "texture": "#BlueMissile" }
    }
},
{
    "from": [ 7.5, 16, 6.5 ],
    "to": [ 8.5, 16.5, 7 ],
    "faces": {
        "up":    { "uv": [ 6.5, 0, 7, 0.5 ], "texture": "#BlueMissile", "cullface": "up" },
        "north": { "uv": [ 6.5, 0, 7, 0.5 ], "texture": "#BlueMissile", "cullface": "up" },
        "south": { "uv": [ 6.5, 0, 7, 0.5 ], "texture": "#BlueMissile", "cullface": "up" },
        "west":  { "uv": [ 6.5, 0, 7, 0.5 ], "texture": "#BlueMissile", "cullface": "up" },
        "east":  { "uv": [ 6.5, 0, 7, 0.5 ], "texture": "#BlueMissile", "cullface": "up" }
    }
},
{
    "from": [ 7.75, 16.5, 6.5 ],
    "to": [ 8.25, 17, 7 ],
    "faces": {
        "up":    { "uv": [ 6.5, 9, 7, 9.5 ], "texture": "#BlueMissile", "cullface": "up" },
        "north": { "uv": [ 6.5, 9, 7, 9.5 ], "texture": "#BlueMissile", "cullface": "up" },
        "south": { "uv": [ 6.5, 9, 7, 9.5 ], "texture": "#BlueMissile", "cullface": "up" },
        "west":  { "uv": [ 6.5, 9, 7, 9.5 ], "texture": "#BlueMissile", "cullface": "up" },
        "east":  { "uv": [ 6.5, 9, 7, 9.5 ], "texture": "#BlueMissile", "cullface": "up" }
    }
},
{
    "from": [ 7, 7.5, 6.5 ],
    "to": [ 9, 16, 7 ],
    "faces": {
        "down":  { "uv": [ 7, 8.5, 6.5, 8 ], "texture": "#BlueMissile" },
        "up":    { "uv": [ 6.5, 0, 7, 0.5 ], "texture": "#BlueMissile", "cullface": "up" },
        "north": { "uv": [ 6.5, 0, 7, 8.5 ], "texture": "#BlueMissile" },
        "south": { "uv": [ 6.5, 0, 7, 8.5 ], "texture": "#BlueMissile" },
        "west":  { "uv": [ 6.5, 0, 7, 8.5 ], "texture": "#BlueMissile" },
        "east":  { "uv": [ 6.5, 0, 7, 8.5 ], "texture": "#BlueMissile" }
    }
},
{
    "from": [ 4, 10.5, 6.5 ],
    "to": [ 12, 12.5, 7 ],
    "faces": {
        "down":  { "uv": [ 7, 5, 6.5, 4.5 ], "texture": "#BlueMissile" },
        "up":    { "uv": [ 6.5, 4.5, 7, 5 ], "texture": "#BlueMissile" },
        "north": { "uv": [ 6.5, 4.5, 7, 5 ], "texture": "#BlueMissile" },
        "south": { "uv": [ 6.5, 4.5, 7, 5 ], "texture": "#BlueMissile" },
        "west":  { "uv": [ 6.5, 4.5, 7, 5 ], "texture": "#BlueMissile" },
        "east":  { "uv": [ 6.5, 4.5, 7, 5 ], "texture": "#BlueMissile" }
    }
},
{
    "from": [ 7.5, 7.5, 7 ],
    "to": [ 8.5, 16, 7.5 ],
    "faces": {
        "down":  { "uv": [ 7.5, 8, 7, 8.5 ], "texture": "#BlueMissile" },
        "up":    { "uv": [ 7, 0, 7.5, 0.5 ], "texture": "#BlueMissile", "cullface": "up" },
        "south": { "uv": [ 7, 0, 7.5, 8.5 ], "texture": "#BlueMissile" },
        "west":  { "uv": [ 7, 0, 7.5, 8.5 ], "texture": "#BlueMissile" },
        "east":  { "uv": [ 7, 0, 7.5, 8.5 ], "texture": "#BlueMissile" }
    }
},
{
    "from": [ 4, 11, 7 ],
    "to": [ 12, 12, 7.5 ],
    "faces": {
        "down":  { "uv": [ 7.5, 5, 7, 4.5 ], "texture": "#BlueMissile" },
        "up":    { "uv": [ 7, 4.5, 7.5, 5 ], "texture": "#BlueMissile" },
        "south": { "uv": [ 7, 4.5, 7.5, 5 ], "texture": "#BlueMissile" },
        "west":  { "uv": [ 7, 4.5, 7.5, 5 ], "texture": "#BlueMissile" },
        "east":  { "uv": [ 7, 4.5, 7.5, 5 ], "texture": "#BlueMissile" }
    }
},
{
    "from": [ 3.5, 11, 6.5 ],
    "to": [ 4, 12, 7 ],
    "faces": {
        "down":  { "uv": [ 7.5, 5, 7, 4.5 ], "texture": "#BlueMissile" },
        "up":    { "uv": [ 7, 4.5, 7.5, 5 ], "texture": "#BlueMissile" },
        "north": { "uv": [ 7, 4.5, 7.5, 5 ], "texture": "#BlueMissile" },
        "south": { "uv": [ 7, 4.5, 7.5, 5 ], "texture": "#BlueMissile" },
        "west":  { "uv": [ 7, 4.5, 7.5, 5 ], "texture": "#BlueMissile" }
    }
},
{
    "from": [ 7.75, 7.5, 7.5 ],
    "to": [ 8.25, 16, 8 ],
    "faces": {
        "down":  { "uv": [ 8, 8.5, 7.5, 8 ], "texture": "#BlueMissile" },
        "up":    { "uv": [ 7.5, 0, 8, 0.5 ], "texture": "#BlueMissile", "cullface": "up" },
        "south": { "uv": [ 7.5, 0, 8, 8.5 ], "texture": "#BlueMissile" },
        "west":  { "uv": [ 7.5, 0, 8, 8.5 ], "texture": "#BlueMissile" },
        "east":  { "uv": [ 7.5, 0, 8, 8.5 ], "texture": "#BlueMissile" }
    }
},
{
    "from": [ 3, 11.25, 6.5 ],
    "to": [ 3.5, 11.75, 7 ],
    "faces": {
        "down":  { "uv": [ 7, 9.5, 6.5, 9 ], "texture": "#BlueMissile" },
        "up":    { "uv": [ 6.5, 9, 7, 9.5 ], "texture": "#BlueMissile" },
        "north": { "uv": [ 6.5, 9, 7, 9.5 ], "texture": "#BlueMissile" },
        "south": { "uv": [ 6.5, 9, 7, 9.5 ], "texture": "#BlueMissile" },
        "west":  { "uv": [ 6.5, 9, 7, 9.5 ], "texture": "#BlueMissile" }
    }
},
{
    "from": [ 4, 11.25, 7.5 ],
    "to": [ 12, 11.75, 8 ],
    "faces": {
        "down":  { "uv": [ 7.5, 4.5, 7, 4 ], "texture": "#BlueMissile" },
        "up":    { "uv": [ 7, 4, 7.5, 4.5 ], "texture": "#BlueMissile" },
        "south": { "uv": [ 7, 4, 7.5, 4.5 ], "texture": "#BlueMissile" },
        "west":  { "uv": [ 7, 4, 7.5, 4.5 ], "texture": "#BlueMissile" },
        "east":  { "uv": [ 7, 4, 7.5, 4.5 ], "texture": "#BlueMissile" }
    }
},
{
    "from": [ 5, 9, 3 ],
    "to": [ 11, 9.5, 3.5 ],
    "faces": {
        "down":  { "uv": [ 4.5, 7.5, 3.5, 6.5 ], "texture": "#BlueMissile" },
        "north": { "uv": [ 3.5, 6.5, 4.5, 7.5 ], "texture": "#BlueMissile" },
        "west":  { "uv": [ 3.5, 6.5, 4.5, 7.5 ], "texture": "#BlueMissile" },
        "east":  { "uv": [ 3.5, 6.5, 4.5, 7.5 ], "texture": "#BlueMissile" }
    }
},
{
    "from": [ 10, 9, 0 ],
    "to": [ 11, 10.5, 0.5 ],
    "faces": {
        "down":  { "uv": [ 1, 7, 0, 6.5 ], "texture": "#BlueMissile" },
        "up":    { "uv": [ 0, 5.5, 1, 6 ], "texture": "#BlueMissile" },
        "north": { "uv": [ 0, 5.5, 1, 7 ], "texture": "#BlueMissile", "cullface": "north" },
        "south": { "uv": [ 0, 5.5, 1, 7 ], "texture": "#BlueMissile" },
        "west":  { "uv": [ 0, 5.5, 0.5, 7 ], "texture": "#BlueMissile" },
        "east":  { "uv": [ 0, 5.5, 0.5, 7 ], "texture": "#BlueMissile" }
    }
},
{
    "from": [ 5.5, 8.5, 0 ],
    "to": [ 6.5, 9.5, 0.5 ],
    "faces": {
        "down":  { "uv": [ 1, 7.5, 0, 7 ], "texture": "#BlueMissile" },
        "up":    { "uv": [ 0, 6.5, 1, 7 ], "texture": "#BlueMissile" },
        "north": { "uv": [ 0, 6.5, 1, 7.5 ], "texture": "#BlueMissile", "cullface": "north" },
        "south": { "uv": [ 0, 6.5, 1, 7.5 ], "texture": "#BlueMissile" },
        "west":  { "uv": [ 0, 6.5, 0.5, 7.5 ], "texture": "#BlueMissile" },
        "east":  { "uv": [ 0, 6.5, 0.5, 7.5 ], "texture": "#BlueMissile" }
    }
},
{
    "from": [ 6, 8, 0 ],
    "to": [ 7, 9, 0.5 ],
    "faces": {
        "down":  { "uv": [ 1, 8, 0, 7.5 ], "texture": "#BlueMissile" },
        "up":    { "uv": [ 0, 7.5, 1, 8 ], "texture": "#BlueMissile" },
        "north": { "uv": [ 0, 7, 1, 8 ], "texture": "#BlueMissile", "cullface": "north" },
        "south": { "uv": [ 0, 7, 1, 8 ], "texture": "#BlueMissile" },
        "west":  { "uv": [ 0, 7, 0.5, 8 ], "texture": "#BlueMissile" },
        "east":  { "uv": [ 0, 7, 0.5, 8 ], "texture": "#BlueMissile" }
    }
},
{
    "from": [ 7.5, 7, 6.5 ],
    "to": [ 8.5, 7.5, 7 ],
    "faces": {
        "down":  { "uv": [ 7, 0.5, 6.5, 0 ], "texture": "#BlueMissile" },
        "north": { "uv": [ 6.5, 0, 7, 0.5 ], "texture": "#BlueMissile" },
        "south": { "uv": [ 6.5, 0, 7, 0.5 ], "texture": "#BlueMissile" },
        "west":  { "uv": [ 6.5, 0, 7, 0.5 ], "texture": "#BlueMissile" },
        "east":  { "uv": [ 6.5, 0, 7, 0.5 ], "texture": "#BlueMissile" }
    }
},
{
    "from": [ 7.75, 6.5, 6.5 ],
    "to": [ 8.25, 7, 7 ],
    "faces": {
        "down":  { "uv": [ 7, 9.5, 6.5, 9 ], "texture": "#BlueMissile" },
        "north": { "uv": [ 6.5, 9, 7, 9.5 ], "texture": "#BlueMissile" },
        "south": { "uv": [ 6.5, 9, 7, 9.5 ], "texture": "#BlueMissile" },
        "west":  { "uv": [ 6.5, 9, 7, 9.5 ], "texture": "#BlueMissile" },
        "east":  { "uv": [ 6.5, 9, 7, 9.5 ], "texture": "#BlueMissile" }
    }
},
{
    "from": [ 7.75, 16, 7 ],
    "to": [ 8.25, 16.5, 7.5 ],
    "faces": {
        "up":    { "uv": [ 6.5, 9, 7, 9.5 ], "texture": "#BlueMissile", "cullface": "up" },
        "south": { "uv": [ 6.5, 9, 7, 9.5 ], "texture": "#BlueMissile", "cullface": "up" },
        "west":  { "uv": [ 6.5, 9, 7, 9.5 ], "texture": "#BlueMissile", "cullface": "up" },
        "east":  { "uv": [ 6.5, 9, 7, 9.5 ], "texture": "#BlueMissile", "cullface": "up" }
    }
},
{
    "from": [ 7.75, 7, 7 ],
    "to": [ 8.25, 7.5, 7.5 ],
    "faces": {
        "down":  { "uv": [ 7, 9.5, 6.5, 9 ], "texture": "#BlueMissile" },
        "south": { "uv": [ 6.5, 9, 7, 9.5 ], "texture": "#BlueMissile" },
        "west":  { "uv": [ 6.5, 9, 7, 9.5 ], "texture": "#BlueMissile" },
        "east":  { "uv": [ 6.5, 9, 7, 9.5 ], "texture": "#BlueMissile" }
    }
},
{
    "from": [ 12.5, 11.25, 6.5 ],
    "to": [ 13, 11.75, 7 ],
    "faces": {
        "down":  { "uv": [ 7, 9.5, 6.5, 9 ], "texture": "#BlueMissile" },
        "up":    { "uv": [ 6.5, 9, 7, 9.5 ], "texture": "#BlueMissile" },
        "north": { "uv": [ 6.5, 9, 7, 9.5 ], "texture": "#BlueMissile" },
        "south": { "uv": [ 6.5, 9, 7, 9.5 ], "texture": "#BlueMissile" },
        "east":  { "uv": [ 6.5, 9, 7, 9.5 ], "texture": "#BlueMissile" }
    }
},
{
    "from": [ 3.5, 11.25, 7 ],
    "to": [ 4, 11.75, 7.5 ],
    "faces": {
        "down":  { "uv": [ 7, 9.5, 6.5, 9 ], "texture": "#BlueMissile" },
        "up":    { "uv": [ 6.5, 9, 7, 9.5 ], "texture": "#BlueMissile" },
        "south": { "uv": [ 6.5, 9, 7, 9.5 ], "texture": "#BlueMissile" },
        "west":  { "uv": [ 6.5, 9, 7, 9.5 ], "texture": "#BlueMissile" }
    }
},
{
    "from": [ 12, 11.25, 7 ],
    "to": [ 12.5, 11.75, 7.5 ],
    "faces": {
        "down":  { "uv": [ 7, 9.5, 6.5, 9 ], "texture": "#BlueMissile" },
        "up":    { "uv": [ 6.5, 9, 7, 9.5 ], "texture": "#BlueMissile" },
        "south": { "uv": [ 6.5, 9, 7, 9.5 ], "texture": "#BlueMissile" },
        "east":  { "uv": [ 6.5, 9, 7, 9.5 ], "texture": "#BlueMissile" }
    }
},
{
    "from": [ 12, 11, 6.5 ],
    "to": [ 12.5, 12, 7 ],
    "faces": {
        "down":  { "uv": [ 7.5, 5, 7, 4.5 ], "texture": "#BlueMissile" },
        "up":    { "uv": [ 7, 4.5, 7.5, 5 ], "texture": "#BlueMissile" },
        "north": { "uv": [ 7, 4.5, 7.5, 5 ], "texture": "#BlueMissile" },
        "south": { "uv": [ 7, 4.5, 7.5, 5 ], "texture": "#BlueMissile" },
        "east":  { "uv": [ 7, 4.5, 7.5, 5 ], "texture": "#BlueMissile" }
    }
},
{
    "from": [ 0.5, 3.9375, -13 ],
    "to": [ 20.5, 4, 7 ],
    "rotation": { "origin": [ 0.5, 4, -13 ], "axis": "z", "angle": 45 },
    "faces": {
        "down":  { "uv": [ 16, 0, 0, 16 ], "rotation": 90, "texture": "#texture" },
        "up":    { "uv": [ 0, 0, 16, 16 ], "rotation": 90, "texture": "#texture" }
    }
},
{
    "from": [ 1.5, 17.9375, -13 ],
    "to": [ 21.5, 18, 7 ],
    "rotation": { "origin": [ 1.5, 18, -13 ], "axis": "z", "angle": -45 },
    "faces": {
        "down":  { "uv": [ 16, 16, 0, 0 ], "rotation": 90, "texture": "#texture" },
        "up":    { "uv": [ 0, 16, 16, 0 ], "rotation": 90, "texture": "#texture" }
    }
}
],
"display": {
    "thirdperson": {
        "rotation": [ -91, 0, 0 ],
        "translation": [ 0, 0.9, -1.5 ],
        "scale": [ 1, 1, 1 ]
    },
    "head": {
        "rotation": [ 0, 180, 0 ],
        "translation": [ 0, -12.6, 0 ],
        "scale": [ 2.5, 2.5, 2.5 ]
    },
    "fixed": {
        "rotation": [ 0, 90, 0 ],
        "translation": [ 0, -2, 0 ],
        "scale": [ 1, 1, 1 ]
    },
    "firstperson": {
        "rotation": [ 0, 176, 18 ],
        "translation": [ -2.6, 1.1, -0.9 ],
        "scale": [ 2, 2, 2 ]
    },
    "gui": {
        "rotation": [ 0, 45, 30 ],
        "translation": [ 1.7, -1.4, 0 ],
        "scale": [ 1, 1, 1 ]
    }
}
}