{
"__comment": "Designed by Sphax with BDcraft Cubik PRO 0.93 Beta - http://bdcraft.net",
"ambientocclusion": false,
"textures": {
    "texture": "items/hypixel_kart_blue2",
    "reactor": "items/hypixel_kart_reactor",
    "reactor2": "items/hypixel_kart_reactor2"
},
"elements": [ 
{
    "__comment": "Bumber Down",
    "from": [ -2, 0, -14 ],
    "to": [ 18, 3.5, 31 ],
    "faces": {
        "down":  { "uv": [ 1, 7, 2.75, 8 ], "rotation": 90, "texture": "#texture", "cullface": "down" },
        "up":    { "uv": [ 2, 5.75, 4, 6.75 ], "rotation": 270, "texture": "#texture" },
        "north": { "uv": [ 0, 4.5, 4, 5.25 ], "texture": "#texture" },
        "south": { "uv": [ 0.5, 7.25, 1, 8 ], "texture": "#texture" },
        "west":  { "uv": [ 0.5, 7.25, 1, 8 ], "texture": "#texture" },
        "east":  { "uv": [ 0.5, 7.25, 1, 8 ], "texture": "#texture" }
    }
},
{
    "__comment": "Controls",
    "from": [ 2, 10, 1 ],
    "to": [ 14, 13, 4 ],
    "rotation": { "origin": [ 2, 13, 1 ], "axis": "x", "angle": 22.5 },
    "faces": {
        "up":    { "uv": [ 0.625, 0.25, 3.375, 0 ], "rotation": 180, "texture": "#texture" },
        "south": { "uv": [ 3.375, 0.25, 0.625, 0 ], "texture": "#texture" }
    }
},
{
    "__comment": "DoorRight",
    "from": [ 14, 3.5, 1 ],
    "to": [ 17, 13, 16 ],
    "faces": {
        "up":    { "uv": [ 0.5, 0, 0.25, 1.75 ], "texture": "#texture", "cullface": "east" },
        "west":  { "uv": [ 6, 0.5, 10, 2.25 ], "texture": "#texture", "cullface": "east" },
        "east":  { "uv": [ 12.5, 0, 6.75, 3.5 ], "texture": "#texture", "cullface": "east" }
    }
},
{
    "__comment": "DoorLeft",
    "from": [ -1, 3.5, 1 ],
    "to": [ 2, 13, 16 ],
    "faces": {
        "up":    { "uv": [ 3.75, 0, 3.5, 1.75 ], "texture": "#texture", "cullface": "west" },
        "west":  { "uv": [ 6.75, 0, 12.5, 3.5 ], "texture": "#texture", "cullface": "west" },
        "east":  { "uv": [ 10, 0.5, 6, 2.25 ], "texture": "#texture", "cullface": "west" }
    }
},
{
    "__comment": "MotorBack",
    "from": [ 3.5, 3.5, 18 ],
    "to": [ 12.5, 15, 30 ],
    "faces": {
        "up":    { "uv": [ 8, 3.5, 13, 5 ], "rotation": 90, "texture": "#texture", "cullface": "south" },
        "north": { "uv": [ 8.5, 7, 9.25, 7.75 ], "texture": "#texture", "cullface": "south" },
        "south": { "uv": [ 9.25, 12.5, 11.75, 15.75 ], "texture": "#texture", "cullface": "south" }
    }
},
{
    "__comment": "TopFront",
    "from": [ -1, 3.5, -6 ],
    "to": [ 17, 13, -4.75 ],
    "faces": {
        "up":    { "uv": [ 0, 1.5, 4, 1.75 ], "rotation": 180, "texture": "#texture", "cullface": "north" },
        "south": { "uv": [ 6.5, 3.5, 7, 4 ], "texture": "#texture", "cullface": "north" },
        "west":  { "uv": [ 4, 0, 4.5, 3.5 ], "texture": "#texture", "cullface": "north" },
        "east":  { "uv": [ 4.5, 0, 4, 3.5 ], "texture": "#texture", "cullface": "north" }
    }
},
{
    "__comment": "TopFrontSlope",
    "from": [ -0.999, -1, -6 ],
    "to": [ 16.999, 13, -1.75736 ],
    "rotation": { "origin": [ -0.999, 13, -6 ], "axis": "x", "angle": 45 },
    "faces": {
        "down":  { "uv": [ 0, 4.5, 4, 5.25 ], "rotation": 180, "texture": "#texture", "cullface": "north" },
        "north": { "uv": [ 0, 1.75, 4, 4.5 ], "texture": "#texture", "cullface": "north" },
        "west":  { "uv": [ 4.5, 3.5, 6.25, 8.75 ], "texture": "#texture", "cullface": "north" },
        "east":  { "uv": [ 6.25, 3.5, 4.5, 8.75 ], "texture": "#texture", "cullface": "north" }
    }
},
{
    "__comment": "MotorBackSlopeL",
    "from": [ 3.5, 8.63604, 18 ],
    "to": [ 9.86396, 15, 30 ],
    "rotation": { "origin": [ 3.5, 15, 18 ], "axis": "z", "angle": -45 },
    "faces": {
        "north": { "uv": [ 7.25, 1.75, 7.75, 2.25 ], "texture": "#texture", "cullface": "south" },
        "south": { "uv": [ 13, 12.25, 14.75, 14 ], "rotation": 270, "texture": "#texture", "cullface": "south" },
        "west":  { "uv": [ 8, 5, 13, 6.5 ], "texture": "#texture", "cullface": "south" }
    }
},
{
    "__comment": "FinSlope",
    "from": [ 6.5, 12.5147, 24 ],
    "to": [ 9.5, 21, 29.6568 ],
    "rotation": { "origin": [ 6.5, 21, 24 ], "axis": "x", "angle": 45 },
    "faces": {
        "north": { "uv": [ 7.25, 8, 8, 10 ], "texture": "#texture", "cullface": "south" },
        "west":  { "uv": [ 0, 10.75, 2.25, 14 ], "texture": "#texture", "cullface": "south" },
        "east":  { "uv": [ 2.25, 11.75, 0, 15 ], "rotation": 180, "texture": "#texture", "cullface": "south" }
    }
},
{
    "__comment": "FinBack",
    "from": [ 6.499, 15, 24 ],
    "to": [ 9.501, 21, 30 ],
    "faces": {
        "up":    { "uv": [ 6.5, 8, 7.25, 10 ], "texture": "#texture", "cullface": "south" },
        "south": { "uv": [ 7.25, 8, 8, 10 ], "texture": "#texture", "cullface": "south" },
        "west":  { "uv": [ 5.75, 10, 8, 12.25 ], "texture": "#texture", "cullface": "south" },
        "east":  { "uv": [ 8, 12.25, 5.75, 14.5 ], "texture": "#texture", "cullface": "south" }
    }
},
{
    "__comment": "ChairTop",
    "from": [ 2.5, 7, 13 ],
    "to": [ 13, 16, 16 ],
    "faces": {
        "up":    { "uv": [ 6.5, 6, 8, 6.5 ], "rotation": 180, "texture": "#texture", "cullface": "up" },
        "north": { "uv": [ 6.5, 6.5, 8, 8 ], "rotation": 90, "texture": "#texture" },
        "south": { "uv": [ 6.5, 6.5, 8, 8 ], "rotation": 270, "texture": "#texture", "cullface": "south" },
        "west":  { "uv": [ 6.5, 6, 8, 6.5 ], "rotation": 90, "texture": "#texture" },
        "east":  { "uv": [ 6.5, 6, 8, 6.5 ], "rotation": 90, "texture": "#texture" }
    }
},
{
    "__comment": "ChairBottom",
    "from": [ 2.5, 3.5, 6 ],
    "to": [ 13, 7, 16 ],
    "faces": {
        "up":    { "uv": [ 6.5, 6.5, 8, 8 ], "rotation": 90, "texture": "#texture" },
        "north": { "uv": [ 6.5, 6, 8, 6.5 ], "texture": "#texture" },
        "west":  { "uv": [ 6.5, 6, 8, 6.5 ], "texture": "#texture" },
        "east":  { "uv": [ 6.5, 6, 8, 6.5 ], "texture": "#texture" }
    }
},
{
    "__comment": "CacheSide",
    "from": [ -0.998, 3.5, -9.5 ],
    "to": [ 16.998, 7, -6 ],
    "faces": {
        "west":  { "uv": [ 5.25, 0.5, 5.5, 1.75 ], "texture": "#texture", "cullface": "north" },
        "east":  { "uv": [ 5.25, 0.5, 5.5, 1.75 ], "texture": "#texture", "cullface": "north" }
    }
},
{
    "__comment": "Bumper",
    "from": [ -2.5, -0.5, -11 ],
    "to": [ 0.5, 4, -8 ],
    "faces": {
        "down":  { "uv": [ 0, 7.25, 0.5, 8 ], "texture": "#texture", "cullface": "west" },
        "up":    { "uv": [ 0, 7.25, 0.5, 8 ], "texture": "#texture", "cullface": "west" },
        "north": { "uv": [ 0, 7.25, 0.5, 8 ], "texture": "#texture", "cullface": "west" },
        "south": { "uv": [ 0, 7.25, 0.5, 8 ], "texture": "#texture", "cullface": "west" },
        "west":  { "uv": [ 0, 7.25, 0.5, 8 ], "texture": "#texture", "cullface": "west" },
        "east":  { "uv": [ 0, 7.25, 0.5, 8 ], "texture": "#texture", "cullface": "west" }
    }
},
{
    "from": [ 12.5, 8.63604, 18 ],
    "to": [ 18.864, 15, 30 ],
    "rotation": { "origin": [ 12.5, 15, 18 ], "axis": "z", "angle": -45 },
    "faces": {
        "up":    { "uv": [ 8, 11, 13, 9.5 ], "rotation": 90, "texture": "#texture", "cullface": "east" },
        "north": { "uv": [ 7.25, 1.75, 7.75, 2.25 ], "texture": "#texture", "cullface": "east" },
        "south": { "uv": [ 13, 14, 14.75, 15.75 ], "texture": "#texture", "cullface": "east" }
    }
},
{
    "from": [ -1, 3.5, 18 ],
    "to": [ 17, 10.5, 30 ],
    "faces": {
        "south": { "uv": [ 8, 13.75, 13, 15.75 ], "texture": "#texture", "cullface": "south" },
        "west":  { "uv": [ 8, 6.5, 13, 8 ], "texture": "#texture", "cullface": "south" },
        "east":  { "uv": [ 13, 11, 8, 12.5 ], "texture": "#texture", "cullface": "south" }
    }
},
{
    "from": [ -1, 3.5, 16 ],
    "to": [ 17, 13, 18 ],
    "faces": {
        "up":    { "uv": [ 7.25, 1.75, 7.75, 2.25 ], "texture": "#texture", "cullface": "south" },
        "north": { "uv": [ 7.25, 2.75, 7.75, 3.25 ], "texture": "#texture", "cullface": "south" },
        "south": { "uv": [ 7.25, 1.75, 7.75, 2.25 ], "texture": "#texture", "cullface": "south" },
        "west":  { "uv": [ 12.25, 0, 13, 3.5 ], "texture": "#texture", "cullface": "south" },
        "east":  { "uv": [ 12.25, 0, 13, 3.5 ], "texture": "#texture", "cullface": "south" }
    }
},
{
    "__comment": "ArchT",
    "from": [ 5, 17, 16 ],
    "to": [ 11, 19, 17.8 ],
    "faces": {
        "down":  { "uv": [ 0, 10, 0.5, 10.75 ], "rotation": 90, "texture": "#texture", "cullface": "south" },
        "up":    { "uv": [ 0, 10, 0.5, 10.75 ], "rotation": 90, "texture": "#texture", "cullface": "south" },
        "north": { "uv": [ 0, 5.75, 0.5, 6.25 ], "rotation": 90, "texture": "#texture", "cullface": "south" },
        "south": { "uv": [ 0.5, 6.25, 1, 6.75 ], "rotation": 90, "texture": "#texture", "cullface": "south" }
    }
},
{
    "__comment": "ArchL",
    "from": [ 5, 10.5147, 16 ],
    "to": [ 7, 19, 17.8 ],
    "rotation": { "origin": [ 5, 19, 16 ], "axis": "z", "angle": -45 },
    "faces": {
        "north": { "uv": [ 0, 5.75, 0.5, 6.25 ], "rotation": 180, "texture": "#texture", "cullface": "south" },
        "south": { "uv": [ 0.5, 6.25, 1, 6.75 ], "texture": "#texture", "cullface": "south" },
        "west":  { "uv": [ 0, 10, 0.5, 10.75 ], "texture": "#texture", "cullface": "south" },
        "east":  { "uv": [ 0, 10, 0.5, 10.75 ], "texture": "#texture", "cullface": "south" }
    }
},
{
    "__comment": "ArchR",
    "from": [ 11, 17, 16 ],
    "to": [ 19.4853, 19, 17.8 ],
    "rotation": { "origin": [ 11, 19, 16 ], "axis": "z", "angle": -45 },
    "faces": {
        "down":  { "uv": [ 0, 10, 0.5, 10.75 ], "texture": "#texture", "cullface": "east" },
        "up":    { "uv": [ 0, 10, 0.5, 10.75 ], "rotation": 90, "texture": "#texture", "cullface": "east" },
        "north": { "uv": [ 0, 5.75, 0.5, 6.25 ], "texture": "#texture", "cullface": "east" },
        "south": { "uv": [ 0.5, 6.25, 1, 6.75 ], "texture": "#texture", "cullface": "east" }
    }
},
{
    "__comment": "WingTopR",
    "from": [ 17, 9.62708, 1 ],
    "to": [ 24.5785, 12.875, 18 ],
    "rotation": { "origin": [ 17, 12.875, 1 ], "axis": "z", "angle": -22.5 },
    "faces": {
        "up":    { "uv": [ 6.75, 1.25, 13, 0 ], "rotation": 90, "texture": "#texture", "cullface": "east" },
        "north": { "uv": [ 5.5, 14.75, 7.75, 15.75 ], "texture": "#texture", "cullface": "east" },
        "south": { "uv": [ 7.75, 14.75, 5.5, 15.75 ], "texture": "#texture", "cullface": "east" }
    }
},
{
    "__comment": "WingR",
    "from": [ 16.5, 4, 1 ],
    "to": [ 24, 10, 18 ],
    "faces": {
        "down":  { "uv": [ 6.75, 1.25, 13, 2.5 ], "rotation": 270, "texture": "#texture", "cullface": "east" },
        "north": { "uv": [ 13.25, 7.75, 15.25, 9.5 ], "texture": "#texture", "cullface": "east" },
        "south": { "uv": [ 15.25, 7.75, 13.25, 9.5 ], "texture": "#texture", "cullface": "east" },
        "east":  { "uv": [ 13, 1.25, 6.75, 3.25 ], "texture": "#texture", "cullface": "east" }
    }
},
{
    "__comment": "WingL",
    "from": [ -8, 4, 1 ],
    "to": [ -0.5, 10, 18 ],
    "faces": {
        "down":  { "uv": [ 6.75, 2.5, 13, 1.25 ], "rotation": 270, "texture": "#texture", "cullface": "west" },
        "north": { "uv": [ 15.25, 7.75, 13.25, 9.5 ], "texture": "#texture", "cullface": "west" },
        "south": { "uv": [ 13.25, 7.75, 15.25, 9.5 ], "texture": "#texture", "cullface": "west" },
        "west":  { "uv": [ 6.75, 1.25, 13, 3.25 ], "texture": "#texture", "cullface": "west" }
    }
},
{
    "__comment": "WingTopL",
    "from": [ -8, 6.75208, 1 ],
    "to": [ -0.42152, 10, 18 ],
    "rotation": { "origin": [ -8, 10, 1 ], "axis": "z", "angle": 22.5 },
    "faces": {
        "up":    { "uv": [ 6.75, 0, 13, 1.25 ], "rotation": 90, "texture": "#texture", "cullface": "west" },
        "north": { "uv": [ 7.75, 14.75, 5.5, 15.75 ], "texture": "#texture", "cullface": "west" },
        "south": { "uv": [ 5.5, 14.75, 7.75, 15.75 ], "texture": "#texture", "cullface": "west" }
    }
},
{
    "__comment": "Bumper*",
    "from": [ -2.5, -0.5, -5 ],
    "to": [ 0.5, 4, -2 ],
    "faces": {
        "down":  { "uv": [ 0, 7.25, 0.5, 8 ], "texture": "#texture", "cullface": "west" },
        "up":    { "uv": [ 0, 7.25, 0.5, 8 ], "texture": "#texture", "cullface": "west" },
        "north": { "uv": [ 0, 7.25, 0.5, 8 ], "texture": "#texture", "cullface": "west" },
        "south": { "uv": [ 0, 7.25, 0.5, 8 ], "texture": "#texture", "cullface": "west" },
        "west":  { "uv": [ 0, 7.25, 0.5, 8 ], "texture": "#texture", "cullface": "west" },
        "east":  { "uv": [ 0, 7.25, 0.5, 8 ], "texture": "#texture", "cullface": "west" }
    }
},
{
    "__comment": "Bumper*",
    "from": [ -2.5, -0.5, 1 ],
    "to": [ 0.5, 4, 4 ],
    "faces": {
        "down":  { "uv": [ 0, 7.25, 0.5, 8 ], "texture": "#texture", "cullface": "west" },
        "up":    { "uv": [ 0, 7.25, 0.5, 8 ], "texture": "#texture", "cullface": "west" },
        "north": { "uv": [ 0, 7.25, 0.5, 8 ], "texture": "#texture", "cullface": "west" },
        "south": { "uv": [ 0, 7.25, 0.5, 8 ], "texture": "#texture", "cullface": "west" },
        "west":  { "uv": [ 0, 7.25, 0.5, 8 ], "texture": "#texture", "cullface": "west" },
        "east":  { "uv": [ 0, 7.25, 0.5, 8 ], "texture": "#texture", "cullface": "west" }
    }
},
{
    "__comment": "Bumper*",
    "from": [ -2.5, -0.5, 7 ],
    "to": [ 0.5, 4, 10 ],
    "faces": {
        "down":  { "uv": [ 0, 7.25, 0.5, 8 ], "texture": "#texture", "cullface": "west" },
        "up":    { "uv": [ 0, 7.25, 0.5, 8 ], "texture": "#texture", "cullface": "west" },
        "north": { "uv": [ 0, 7.25, 0.5, 8 ], "texture": "#texture", "cullface": "west" },
        "south": { "uv": [ 0, 7.25, 0.5, 8 ], "texture": "#texture", "cullface": "west" },
        "west":  { "uv": [ 0, 7.25, 0.5, 8 ], "texture": "#texture", "cullface": "west" },
        "east":  { "uv": [ 0, 7.25, 0.5, 8 ], "texture": "#texture", "cullface": "west" }
    }
},
{
    "__comment": "Bumper*",
    "from": [ -2.5, -0.5, 13 ],
    "to": [ 0.5, 4, 16 ],
    "faces": {
        "down":  { "uv": [ 0, 7.25, 0.5, 8 ], "texture": "#texture", "cullface": "west" },
        "up":    { "uv": [ 0, 7.25, 0.5, 8 ], "texture": "#texture", "cullface": "west" },
        "north": { "uv": [ 0, 7.25, 0.5, 8 ], "texture": "#texture", "cullface": "west" },
        "south": { "uv": [ 0, 7.25, 0.5, 8 ], "texture": "#texture", "cullface": "west" },
        "west":  { "uv": [ 0, 7.25, 0.5, 8 ], "texture": "#texture", "cullface": "west" },
        "east":  { "uv": [ 0, 7.25, 0.5, 8 ], "texture": "#texture", "cullface": "west" }
    }
},
{
    "__comment": "Bumper*",
    "from": [ -2.5, -0.5, 19 ],
    "to": [ 0.5, 4, 22 ],
    "faces": {
        "down":  { "uv": [ 0, 7.25, 0.5, 8 ], "texture": "#texture", "cullface": "west" },
        "up":    { "uv": [ 0, 7.25, 0.5, 8 ], "texture": "#texture", "cullface": "west" },
        "north": { "uv": [ 0, 7.25, 0.5, 8 ], "texture": "#texture", "cullface": "west" },
        "south": { "uv": [ 0, 7.25, 0.5, 8 ], "texture": "#texture", "cullface": "west" },
        "west":  { "uv": [ 0, 7.25, 0.5, 8 ], "texture": "#texture", "cullface": "west" },
        "east":  { "uv": [ 0, 7.25, 0.5, 8 ], "texture": "#texture", "cullface": "west" }
    }
},
{
    "__comment": "Bumper*",
    "from": [ -2.5, -0.5, 25 ],
    "to": [ 0.5, 4, 28 ],
    "faces": {
        "down":  { "uv": [ 0, 7.25, 0.5, 8 ], "texture": "#texture", "cullface": "west" },
        "up":    { "uv": [ 0, 7.25, 0.5, 8 ], "texture": "#texture", "cullface": "west" },
        "north": { "uv": [ 0, 7.25, 0.5, 8 ], "texture": "#texture", "cullface": "west" },
        "south": { "uv": [ 0, 7.25, 0.5, 8 ], "texture": "#texture", "cullface": "west" },
        "west":  { "uv": [ 0, 7.25, 0.5, 8 ], "texture": "#texture", "cullface": "west" },
        "east":  { "uv": [ 0, 7.25, 0.5, 8 ], "texture": "#texture", "cullface": "west" }
    }
},
{
    "__comment": "Bumper*",
    "from": [ 15.5, -0.5, 25 ],
    "to": [ 18.5, 4, 28 ],
    "faces": {
        "down":  { "uv": [ 0, 7.25, 0.5, 8 ], "texture": "#texture", "cullface": "east" },
        "up":    { "uv": [ 0, 7.25, 0.5, 8 ], "texture": "#texture", "cullface": "east" },
        "north": { "uv": [ 0, 7.25, 0.5, 8 ], "texture": "#texture", "cullface": "east" },
        "south": { "uv": [ 0, 7.25, 0.5, 8 ], "texture": "#texture", "cullface": "east" },
        "west":  { "uv": [ 0, 7.25, 0.5, 8 ], "texture": "#texture", "cullface": "east" },
        "east":  { "uv": [ 0, 7.25, 0.5, 8 ], "texture": "#texture", "cullface": "east" }
    }
},
{
    "__comment": "Bumper*",
    "from": [ 15.5, -0.5, 19 ],
    "to": [ 18.5, 4, 22 ],
    "faces": {
        "down":  { "uv": [ 0, 7.25, 0.5, 8 ], "texture": "#texture", "cullface": "east" },
        "up":    { "uv": [ 0, 7.25, 0.5, 8 ], "texture": "#texture", "cullface": "east" },
        "north": { "uv": [ 0, 7.25, 0.5, 8 ], "texture": "#texture", "cullface": "east" },
        "south": { "uv": [ 0, 7.25, 0.5, 8 ], "texture": "#texture", "cullface": "east" },
        "west":  { "uv": [ 0, 7.25, 0.5, 8 ], "texture": "#texture", "cullface": "east" },
        "east":  { "uv": [ 0, 7.25, 0.5, 8 ], "texture": "#texture", "cullface": "east" }
    }
},
{
    "__comment": "Bumper*",
    "from": [ 15.5, -0.5, 13 ],
    "to": [ 18.5, 4, 16 ],
    "faces": {
        "down":  { "uv": [ 0, 7.25, 0.5, 8 ], "texture": "#texture", "cullface": "east" },
        "up":    { "uv": [ 0, 7.25, 0.5, 8 ], "texture": "#texture", "cullface": "east" },
        "north": { "uv": [ 0, 7.25, 0.5, 8 ], "texture": "#texture", "cullface": "east" },
        "south": { "uv": [ 0, 7.25, 0.5, 8 ], "texture": "#texture", "cullface": "east" },
        "west":  { "uv": [ 0, 7.25, 0.5, 8 ], "texture": "#texture", "cullface": "east" },
        "east":  { "uv": [ 0, 7.25, 0.5, 8 ], "texture": "#texture", "cullface": "east" }
    }
},
{
    "__comment": "Bumper*",
    "from": [ 15.5, -0.5, 7 ],
    "to": [ 18.5, 4, 10 ],
    "faces": {
        "down":  { "uv": [ 0, 7.25, 0.5, 8 ], "texture": "#texture", "cullface": "east" },
        "up":    { "uv": [ 0, 7.25, 0.5, 8 ], "texture": "#texture", "cullface": "east" },
        "north": { "uv": [ 0, 7.25, 0.5, 8 ], "texture": "#texture", "cullface": "east" },
        "south": { "uv": [ 0, 7.25, 0.5, 8 ], "texture": "#texture", "cullface": "east" },
        "west":  { "uv": [ 0, 7.25, 0.5, 8 ], "texture": "#texture", "cullface": "east" },
        "east":  { "uv": [ 0, 7.25, 0.5, 8 ], "texture": "#texture", "cullface": "east" }
    }
},
{
    "__comment": "Bumper*",
    "from": [ 15.5, -0.5, 1 ],
    "to": [ 18.5, 4, 4 ],
    "faces": {
        "down":  { "uv": [ 0, 7.25, 0.5, 8 ], "texture": "#texture", "cullface": "east" },
        "up":    { "uv": [ 0, 7.25, 0.5, 8 ], "texture": "#texture", "cullface": "east" },
        "north": { "uv": [ 0, 7.25, 0.5, 8 ], "texture": "#texture", "cullface": "east" },
        "south": { "uv": [ 0, 7.25, 0.5, 8 ], "texture": "#texture", "cullface": "east" },
        "west":  { "uv": [ 0, 7.25, 0.5, 8 ], "texture": "#texture", "cullface": "east" },
        "east":  { "uv": [ 0, 7.25, 0.5, 8 ], "texture": "#texture", "cullface": "east" }
    }
},
{
    "__comment": "Bumper*",
    "from": [ 15.5, -0.5, -5 ],
    "to": [ 18.5, 4, -2 ],
    "faces": {
        "down":  { "uv": [ 0, 7.25, 0.5, 8 ], "texture": "#texture", "cullface": "east" },
        "up":    { "uv": [ 0, 7.25, 0.5, 8 ], "texture": "#texture", "cullface": "east" },
        "north": { "uv": [ 0, 7.25, 0.5, 8 ], "texture": "#texture", "cullface": "east" },
        "south": { "uv": [ 0, 7.25, 0.5, 8 ], "texture": "#texture", "cullface": "east" },
        "west":  { "uv": [ 0, 7.25, 0.5, 8 ], "texture": "#texture", "cullface": "east" },
        "east":  { "uv": [ 0, 7.25, 0.5, 8 ], "texture": "#texture", "cullface": "east" }
    }
},
{
    "__comment": "Bumper*",
    "from": [ 15.5, -0.5, -11 ],
    "to": [ 18.5, 4, -8 ],
    "faces": {
        "down":  { "uv": [ 0, 7.25, 0.5, 8 ], "texture": "#texture", "cullface": "east" },
        "up":    { "uv": [ 0, 7.25, 0.5, 8 ], "texture": "#texture", "cullface": "east" },
        "north": { "uv": [ 0, 7.25, 0.5, 8 ], "texture": "#texture", "cullface": "east" },
        "south": { "uv": [ 0, 7.25, 0.5, 8 ], "texture": "#texture", "cullface": "east" },
        "west":  { "uv": [ 0, 7.25, 0.5, 8 ], "texture": "#texture", "cullface": "east" },
        "east":  { "uv": [ 0, 7.25, 0.5, 8 ], "texture": "#texture", "cullface": "east" }
    }
},
{
    "__comment": "ReactorBack",
    "from": [ 6, 12, 29.9 ],
    "to": [ 10, 14, 31.901 ],
    "faces": {
        "down":  { "uv": [ 2, 5.25, 4, 5.75 ], "texture": "#texture", "cullface": "south" },
        "up":    { "uv": [ 0, 5.25, 2, 5.75 ], "texture": "#texture", "cullface": "south" },
        "south": { "uv": [ 1, 5.75, 1.5, 6.75 ], "texture": "#texture", "cullface": "south" }
    }
},
{
    "__comment": "ReactorBack",
    "from": [ 3, 7, 29.9 ],
    "to": [ 5, 11, 31.901 ],
    "faces": {
        "south": { "uv": [ 1, 5.75, 1.5, 6.75 ], "rotation": 270, "texture": "#texture", "cullface": "south" },
        "west":  { "uv": [ 0, 5.25, 2, 5.75 ], "rotation": 270, "texture": "#texture", "cullface": "south" },
        "east":  { "uv": [ 2, 5.25, 4, 5.75 ], "rotation": 270, "texture": "#texture", "cullface": "south" }
    }
},
{
    "__comment": "ReactorBack",
    "from": [ 10, 11.8787, 29.9 ],
    "to": [ 14.2426, 14, 31.9 ],
    "rotation": { "origin": [ 10, 14, 29.9 ], "axis": "z", "angle": -45 },
    "faces": {
        "down":  { "uv": [ 2, 5.25, 4, 5.75 ], "rotation": 180, "texture": "#texture", "cullface": "south" },
        "up":    { "uv": [ 0, 5.25, 2, 5.75 ], "texture": "#texture", "cullface": "south" },
        "south": { "uv": [ 1.5, 5.75, 2, 6.75 ], "texture": "#texture", "cullface": "south" }
    }
},
{
    "__comment": "ReactorBack",
    "from": [ 11, 7, 29.9 ],
    "to": [ 13, 11, 31.901 ],
    "faces": {
        "south": { "uv": [ 1, 5.75, 1.5, 6.75 ], "rotation": 90, "texture": "#texture", "cullface": "south" },
        "west":  { "uv": [ 2, 5.25, 4, 5.75 ], "rotation": 90, "texture": "#texture", "cullface": "south" },
        "east":  { "uv": [ 0, 5.25, 2, 5.75 ], "rotation": 90, "texture": "#texture", "cullface": "south" }
    }
},
{
    "__comment": "ReactorBack",
    "from": [ 6, 9.75736, 29.9 ],
    "to": [ 8.12132, 14, 31.9 ],
    "rotation": { "origin": [ 6, 14, 29.9 ], "axis": "z", "angle": -45 },
    "faces": {
        "south": { "uv": [ 1.5, 5.75, 2, 6.75 ], "rotation": 270, "texture": "#texture", "cullface": "south" },
        "west":  { "uv": [ 0, 5.25, 2, 5.75 ], "rotation": 270, "texture": "#texture", "cullface": "south" },
        "east":  { "uv": [ 2, 5.25, 4, 5.75 ], "rotation": 90, "texture": "#texture", "cullface": "south" }
    }
},
{
    "__comment": "ReactorBack",
    "from": [ 3, 2.75736, 29.9 ],
    "to": [ 5.12132, 7, 31.9 ],
    "rotation": { "origin": [ 3, 7, 29.9 ], "axis": "z", "angle": 45 },
    "faces": {
        "south": { "uv": [ 1.5, 5.75, 2, 6.75 ], "rotation": 270, "texture": "#texture", "cullface": "south" },
        "west":  { "uv": [ 0, 5.25, 2, 5.75 ], "rotation": 270, "texture": "#texture", "cullface": "south" },
        "east":  { "uv": [ 2, 5.25, 4, 5.75 ], "rotation": 90, "texture": "#texture", "cullface": "south" }
    }
},
{
    "__comment": "ReactorBack",
    "from": [ 6, 4, 29.9 ],
    "to": [ 10, 6, 31.901 ],
    "faces": {
        "down":  { "uv": [ 0, 5.25, 2, 5.75 ], "rotation": 180, "texture": "#texture", "cullface": "south" },
        "up":    { "uv": [ 2, 5.25, 4, 5.75 ], "rotation": 180, "texture": "#texture", "cullface": "south" },
        "south": { "uv": [ 1, 5.75, 1.5, 6.75 ], "rotation": 180, "texture": "#texture", "cullface": "south" }
    }
},
{
    "__comment": "ReactorBack",
    "from": [ 8.5, 3.37868, 29.9 ],
    "to": [ 12.7426, 5.5, 31.9 ],
    "rotation": { "origin": [ 8.5, 5.5, 29.9 ], "axis": "z", "angle": 45 },
    "faces": {
        "down":  { "uv": [ 0, 5.25, 2, 5.75 ], "rotation": 180, "texture": "#texture", "cullface": "south" },
        "up":    { "uv": [ 2, 5.25, 4, 5.75 ], "texture": "#texture", "cullface": "south" },
        "south": { "uv": [ 1.5, 5.75, 2, 6.75 ], "rotation": 180, "texture": "#texture", "cullface": "south" }
    }
},
{
    "__comment": "ReactorSideL",
    "from": [ 2.5, 2.1, -13.5 ],
    "to": [ 3.5, 5.5, -9.96447 ],
    "rotation": { "origin": [ 2.5, 5.5, -13.5 ], "axis": "x", "angle": 45 },
    "faces": {
        "east":  { "uv": [ 5.25, 8, 5.75, 8.5 ], "texture": "#texture", "cullface": "north" }
    }
},
{
    "__comment": "ReactorSideR",
    "from": [ 12.5, 2.1, -13.5 ],
    "to": [ 13.5, 5.5, -9.96447 ],
    "rotation": { "origin": [ 12.5, 5.5, -13.5 ], "axis": "x", "angle": 45 },
    "faces": {
        "west":  { "uv": [ 5.75, 8, 5.25, 8.5 ], "texture": "#texture", "cullface": "north" }
    }
},
{
    "__comment": "ReactorFront",
    "from": [ 3.5, 0.5, -13.5 ],
    "to": [ 12.5, 5.5, -12.5 ],
    "faces": {
        "north": { "uv": [ 0, 0, 16, 16 ], "texture": "#reactor2", "cullface": "north" }
    }
},
{
    "__comment": "ReactorBackIn",
    "from": [ 5, 6, 30 ],
    "to": [ 11, 12, 30.5 ],
    "faces": {
        "south": { "uv": [ 0, 0, 16, 16 ], "texture": "#reactor", "cullface": "south" }
    }
},
{
    "__comment": "TopFront*",
    "from": [ -1, 8.25, -4.75 ],
    "to": [ 17, 13, -1 ],
    "faces": {
        "down":  { "uv": [ 6.5, 3.5, 7, 4 ], "rotation": 270, "texture": "#texture", "cullface": "north" },
        "up":    { "uv": [ 0, 0.5, 4, 1.5 ], "rotation": 180, "texture": "#texture", "cullface": "north" },
        "south": { "uv": [ 6.25, 3.5, 6.75, 4 ], "texture": "#texture", "cullface": "north" },
        "west":  { "uv": [ 4.5, 0, 6, 1.75 ], "texture": "#texture", "cullface": "north" },
        "east":  { "uv": [ 6, 0, 4.5, 1.75 ], "texture": "#texture", "cullface": "north" }
    }
},
{
    "__comment": "TopFront*",
    "from": [ -1, 11.5, -1 ],
    "to": [ 17, 13, 1 ],
    "faces": {
        "down":  { "uv": [ 6.5, 3.5, 7, 4 ], "rotation": 270, "texture": "#texture", "cullface": "north" },
        "up":    { "uv": [ 0, 0, 4, 0.5 ], "rotation": 180, "texture": "#texture", "cullface": "north" },
        "west":  { "uv": [ 6, 0, 6.75, 0.5 ], "texture": "#texture", "cullface": "north" },
        "east":  { "uv": [ 6.75, 0, 6, 0.5 ], "texture": "#texture", "cullface": "north" }
    }
},
{
    "from": [ -0.5, 3.5, -4.75 ],
    "to": [ 16.5, 8.25, 1 ],
    "faces": {
        "west":  { "uv": [ 4.5, 1.75, 6.75, 3.5 ], "texture": "#texture", "cullface": "north" },
        "east":  { "uv": [ 6.75, 1.75, 4.5, 3.5 ], "texture": "#texture", "cullface": "north" }
    }
},
{
    "from": [ -0.5, 8.25, -1 ],
    "to": [ 16.5, 11.5, 1 ],
    "faces": {
        "west":  { "uv": [ 6, 0.5, 6.75, 1.75 ], "texture": "#texture", "cullface": "north" },
        "east":  { "uv": [ 6.75, 0.5, 6, 1.75 ], "texture": "#texture", "cullface": "north" }
    }
},
{
    "from": [ -6.75, 5, 0.5 ],
    "to": [ -2, 9, 18.5 ],
    "faces": {
        "down":  { "uv": [ 0, 5.25, 2, 5.75 ], "texture": "#texture", "cullface": "west" },
        "up":    { "uv": [ 0, 5.25, 2, 5.75 ], "texture": "#texture", "cullface": "west" },
        "north": { "uv": [ 0, 0, 16, 16 ], "texture": "#reactor2", "cullface": "west" },
        "south": { "uv": [ 0, 0, 16, 16 ], "texture": "#reactor2", "cullface": "west" },
        "west":  { "uv": [ 0, 5.25, 2, 5.75 ], "rotation": 270, "texture": "#texture", "cullface": "west" },
        "east":  { "uv": [ 0, 5.25, 2, 5.75 ], "rotation": 270, "texture": "#texture", "cullface": "west" }
    }
},
{
    "from": [ 18, 4.75, 0.5 ],
    "to": [ 22.75, 8.75, 18.5 ],
    "faces": {
        "down":  { "uv": [ 0, 5.25, 2, 5.75 ], "texture": "#texture", "cullface": "east" },
        "up":    { "uv": [ 0, 5.25, 2, 5.75 ], "texture": "#texture", "cullface": "east" },
        "north": { "uv": [ 0, 0, 16, 16 ], "texture": "#reactor2", "cullface": "east" },
        "south": { "uv": [ 0, 0, 16, 16 ], "texture": "#reactor2", "cullface": "east" },
        "west":  { "uv": [ 0, 5.25, 2, 5.75 ], "rotation": 270, "texture": "#texture", "cullface": "east" },
        "east":  { "uv": [ 0, 5.25, 2, 5.75 ], "rotation": 270, "texture": "#texture", "cullface": "east" }
    }
},
{
    "from": [ 5, 8.5, 2 ],
    "to": [ 11, 14.5, 3 ],
    "rotation": { "origin": [ 5, 14.5, 2 ], "axis": "x", "angle": -22.5 },
    "faces": {
        "south": { "uv": [ 13.25, 9.5, 15.75, 12 ], "texture": "#texture" }
    }
},
{
    "from": [ 3, 8.5, 27.5 ],
    "to": [ 6, 9.5, 30.5 ],
    "rotation": { "origin": [ 3, 8.5, 27.5 ], "axis": "y", "angle": -45 },
    "faces": {
        "down":  { "uv": [ 0, 5.75, 0.5, 6.75 ], "texture": "#texture", "cullface": "south" },
        "up":    { "uv": [ 0, 5.75, 0.5, 6.75 ], "texture": "#texture", "cullface": "south" },
        "south": { "uv": [ 0, 5.25, 1.25, 5.75 ], "texture": "#texture", "cullface": "south" }
    }
},
{
    "from": [ 13, 8.5, 27.5 ],
    "to": [ 16, 9.5, 30.5 ],
    "rotation": { "origin": [ 13, 8.5, 27.5 ], "axis": "y", "angle": -45 },
    "faces": {
        "down":  { "uv": [ 0, 5.75, 0.5, 6.75 ], "texture": "#texture", "cullface": "south" },
        "up":    { "uv": [ 0, 5.75, 0.5, 6.75 ], "texture": "#texture", "cullface": "south" },
        "east":  { "uv": [ 0, 5.25, 1.25, 5.75 ], "texture": "#texture", "cullface": "south" }
    }
},
{
    "from": [ 1, 10.5, 5 ],
    "to": [ 15, 18.5, 5.0625 ],
    "rotation": { "origin": [ 1, 18.5, 5 ], "axis": "x", "angle": 45 },
    "faces": {
        "down":  { "uv": [ 16, 0, 16, 0 ], "texture": "#texture" },
        "up":    { "uv": [ 0, 0, 0, 0 ], "texture": "#texture" },
        "north": { "uv": [ 13.5, 0.25, 15.5, 4.75 ], "rotation": 270, "texture": "#texture" },
        "south": { "uv": [ 13.5, 4.75, 15.5, 0.25 ], "rotation": 270, "texture": "#texture" },
        "west":  { "uv": [ 0, 0, 0, 0 ], "texture": "#texture" },
        "east":  { "uv": [ 16, 0, 16, 0 ], "texture": "#texture" }
    }
}
],
"display": {
    "thirdperson": {
        "rotation": [ 180, 180, 0 ],
        "translation": [ 0, 1.5, 0 ],
        "scale": [ 0.5, 0.5, 0.5 ]
    },
    "head": {
        "rotation": [ 0, 0, 0 ],
        "translation": [ 0, 1, -2.5 ],
        "scale": [ 1.8, 1.8, 1.8 ]
    },
    "gui": {
        "rotation": [ 30, -45, 0 ],
        "translation": [ 0, -1.1, 0 ],
        "scale": [ 0.8, 0.8, 0.8 ]
    }
}
}