{
"__comment": "Designed by Sphax with BDcraft Cubik PRO 0.93 Beta - http://bdcraft.net",
"ambientocclusion": false,
"textures": {
    "texture": "items/hypixel_kart_white-5",
    "reactor": "items/hypixel_kart_reactor",
    "reactor2": "items/hypixel_kart_reactor2"
},
"elements": [ 
{
    "__comment": "Controls",
    "from": [ 2.24, 9.6, 1.28 ],
    "to": [ 13.76, 12.48, 4.16 ],
    "rotation": { "origin": [ 2.24, 12.48, 1.28 ], "axis": "x", "angle": 22.5 },
    "faces": {
        "up":    { "uv": [ 3.75, 6, 0, 6.5 ], "rotation": 180, "texture": "#texture" },
        "south": { "uv": [ 0, 6, 3.75, 6.5 ], "texture": "#texture" },
        "west":  { "uv": [ 0.5, 7, 1, 7.5 ], "texture": "#texture" },
        "east":  { "uv": [ 0.5, 7, 1, 7.5 ], "texture": "#texture" }
    }
},
{
    "__comment": "DoorRight",
    "from": [ 13.76, 3.36, 1.28 ],
    "to": [ 16.16, 12, 15.68 ],
    "faces": {
        "up":    { "uv": [ 6.75, 0, 13, 0.75 ], "rotation": 90, "texture": "#texture", "cullface": "east" },
        "west":  { "uv": [ 13, 0, 6.75, 3.5 ], "texture": "#texture", "cullface": "east" },
        "east":  { "uv": [ 13, 0, 6.75, 3.5 ], "texture": "#texture", "cullface": "east" }
    }
},
{
    "__comment": "DoorLeft",
    "from": [ -0.16, 3.36, 1.28 ],
    "to": [ 2.24, 12, 15.68 ],
    "faces": {
        "up":    { "uv": [ 6.75, 1, 13, 0 ], "rotation": 90, "texture": "#texture", "cullface": "west" },
        "west":  { "uv": [ 6.75, 0, 13, 3.5 ], "texture": "#texture", "cullface": "west" },
        "east":  { "uv": [ 6.75, 0, 13, 3.5 ], "texture": "#texture", "cullface": "west" }
    }
},
{
    "__comment": "MotorBack",
    "from": [ 1.76, 5.28, 17.5991 ],
    "to": [ 14.24, 16.32, 29.121 ],
    "faces": {
        "up":    { "uv": [ 8, 3.5, 13, 5 ], "rotation": 90, "texture": "#texture", "cullface": "south" },
        "north": { "uv": [ 9.25, 12.5, 11.75, 15.75 ], "texture": "#texture", "cullface": "south" },
        "south": { "uv": [ 9.25, 12.5, 11.75, 15.75 ], "texture": "#texture", "cullface": "south" }
    }
},
{
    "__comment": "MotorBackSlopeL",
    "from": [ 1.76, 10.2106, 17.6 ],
    "to": [ 7.8694, 16.32, 29.12 ],
    "rotation": { "origin": [ 1.76, 16.32, 17.6 ], "axis": "z", "angle": -45 },
    "faces": {
        "north": { "uv": [ 13, 12.25, 14.75, 14 ], "rotation": 90, "texture": "#texture", "cullface": "south" },
        "south": { "uv": [ 13, 12.25, 14.75, 14 ], "rotation": 270, "texture": "#texture", "cullface": "south" },
        "west":  { "uv": [ 8, 5, 13, 6.5 ], "texture": "#texture", "cullface": "south" }
    }
},
{
    "__comment": "Glass",
    "from": [ 1.28, 11.88, 4.4 ],
    "to": [ 14.72, 16.68, 4.4625 ],
    "rotation": { "origin": [ 1.28, 16.68, 4.4 ], "axis": "x", "angle": 45 },
    "faces": {
        "north": { "uv": [ 13.5, 0, 15.5, 5 ], "rotation": 270, "texture": "#texture", "cullface": "up" },
        "south": { "uv": [ 13.5, 5, 15.5, 0 ], "rotation": 270, "texture": "#texture", "cullface": "up" }
    }
},
{
    "__comment": "ChairTop",
    "from": [ 2.72, 6.72, 12.8 ],
    "to": [ 12.8, 15.36, 15.68 ],
    "faces": {
        "up":    { "uv": [ 6.5, 6, 8, 6.5 ], "rotation": 180, "texture": "#texture", "cullface": "up" },
        "north": { "uv": [ 6.5, 6.5, 8, 8 ], "rotation": 90, "texture": "#texture" },
        "south": { "uv": [ 6.5, 6.5, 8, 8 ], "rotation": 270, "texture": "#texture", "cullface": "south" },
        "west":  { "uv": [ 6.5, 6, 8, 6.5 ], "rotation": 90, "texture": "#texture" },
        "east":  { "uv": [ 6.5, 6, 8, 6.5 ], "rotation": 90, "texture": "#texture" }
    }
},
{
    "__comment": "ChairBottom",
    "from": [ 2.72, 3.36, 6.08 ],
    "to": [ 12.8, 6.72, 15.68 ],
    "faces": {
        "up":    { "uv": [ 6.5, 6.5, 8, 8 ], "rotation": 90, "texture": "#texture" },
        "north": { "uv": [ 6.5, 6, 8, 6.5 ], "texture": "#texture" },
        "west":  { "uv": [ 6.5, 6, 8, 6.5 ], "texture": "#texture" },
        "east":  { "uv": [ 6.5, 6, 8, 6.5 ], "texture": "#texture" }
    }
},
{
    "from": [ 14.24, 10.2106, 17.6 ],
    "to": [ 20.3494, 16.32, 29.12 ],
    "rotation": { "origin": [ 14.24, 16.32, 17.6 ], "axis": "z", "angle": -45 },
    "faces": {
        "up":    { "uv": [ 8, 11, 13, 9.5 ], "rotation": 90, "texture": "#texture", "cullface": "east" },
        "north": { "uv": [ 13, 14, 14.75, 15.75 ], "texture": "#texture", "cullface": "east" },
        "south": { "uv": [ 13, 14, 14.75, 15.75 ], "texture": "#texture", "cullface": "east" }
    }
},
{
    "from": [ -2.56, 5.28, 17.5991 ],
    "to": [ 18.56, 12, 29.121 ],
    "faces": {
        "down":  { "uv": [ 2.25, 10.5, 4.25, 11.75 ], "rotation": 180, "texture": "#texture", "cullface": "south" },
        "north": { "uv": [ 8, 13.75, 13, 15.75 ], "texture": "#texture", "cullface": "south" },
        "south": { "uv": [ 8, 13.75, 13, 15.75 ], "texture": "#texture", "cullface": "south" },
        "west":  { "uv": [ 8, 6.5, 13, 8 ], "texture": "#texture", "cullface": "south" },
        "east":  { "uv": [ 13, 11, 8, 12.5 ], "texture": "#texture", "cullface": "south" }
    }
},
{
    "from": [ -0.64, 3.36, 15.68 ],
    "to": [ 16.64, 12.48, 17.6 ],
    "faces": {
        "up":    { "uv": [ 12, 1, 12.5, 1.5 ], "texture": "#texture", "cullface": "south" },
        "north": { "uv": [ 0.5, 10, 1, 10.5 ], "texture": "#texture", "cullface": "south" },
        "south": { "uv": [ 8, 14, 13, 15.75 ], "texture": "#texture", "cullface": "south" },
        "west":  { "uv": [ 0, 10, 0.5, 10.75 ], "texture": "#texture", "cullface": "south" },
        "east":  { "uv": [ 0.5, 10, 0, 10.75 ], "texture": "#texture", "cullface": "south" }
    }
},
{
    "__comment": "ArchT",
    "from": [ 5.12, 16.32, 15.68 ],
    "to": [ 10.88, 18.24, 17.408 ],
    "faces": {
        "down":  { "uv": [ 0, 10, 0.5, 10.75 ], "rotation": 90, "texture": "#texture", "cullface": "south" },
        "up":    { "uv": [ 0, 10, 0.5, 10.75 ], "rotation": 90, "texture": "#texture", "cullface": "south" },
        "north": { "uv": [ 0.5, 10, 1, 10.5 ], "rotation": 90, "texture": "#texture", "cullface": "south" },
        "south": { "uv": [ 1.25, 10, 1.75, 10.5 ], "rotation": 90, "texture": "#texture", "cullface": "south" }
    }
},
{
    "__comment": "ArchL",
    "from": [ 5.12, 10.0941, 15.68 ],
    "to": [ 7.04, 18.24, 17.408 ],
    "rotation": { "origin": [ 5.12, 18.24, 15.68 ], "axis": "z", "angle": -45 },
    "faces": {
        "north": { "uv": [ 0.5, 10, 1, 10.5 ], "rotation": 180, "texture": "#texture", "cullface": "south" },
        "south": { "uv": [ 1.25, 10, 1.75, 10.5 ], "texture": "#texture", "cullface": "south" },
        "west":  { "uv": [ 0, 10, 0.5, 10.75 ], "texture": "#texture", "cullface": "south" },
        "east":  { "uv": [ 0, 10, 0.5, 10.75 ], "texture": "#texture", "cullface": "south" }
    }
},
{
    "__comment": "ArchR",
    "from": [ 10.88, 16.32, 15.68 ],
    "to": [ 19.0259, 18.24, 17.408 ],
    "rotation": { "origin": [ 10.88, 18.24, 15.68 ], "axis": "z", "angle": -45 },
    "faces": {
        "down":  { "uv": [ 0, 10, 0.5, 10.75 ], "texture": "#texture", "cullface": "east" },
        "up":    { "uv": [ 0, 10, 0.5, 10.75 ], "rotation": 90, "texture": "#texture", "cullface": "east" },
        "north": { "uv": [ 0.5, 10, 1, 10.5 ], "texture": "#texture", "cullface": "east" },
        "south": { "uv": [ 1.25, 10, 1.75, 10.5 ], "texture": "#texture", "cullface": "east" }
    }
},
{
    "__comment": "ReactorBack",
    "from": [ 1.04, 12.24, 29.06 ],
    "to": [ 14.96, 14.16, 30.981 ],
    "faces": {
        "down":  { "uv": [ 0, 6, 4, 6.5 ], "texture": "#texture", "cullface": "south" },
        "up":    { "uv": [ 0, 6, 4, 6.5 ], "texture": "#texture", "cullface": "south" },
        "south": { "uv": [ 1, 6.5, 1.5, 7.5 ], "texture": "#texture", "cullface": "south" }
    }
},
{
    "__comment": "ReactorBack",
    "from": [ -1.84, 7.44, 29 ],
    "to": [ 0.08, 11.28, 30.921 ],
    "faces": {
        "down":  { "uv": [ 0, 6, 0.5, 6.5 ], "texture": "#texture", "cullface": "west" },
        "south": { "uv": [ 1, 6.5, 1.5, 7.5 ], "rotation": 270, "texture": "#texture", "cullface": "west" },
        "west":  { "uv": [ 0, 6, 2, 6.5 ], "rotation": 270, "texture": "#texture", "cullface": "west" },
        "east":  { "uv": [ 2, 6, 4, 6.5 ], "rotation": 270, "texture": "#texture", "cullface": "west" }
    }
},
{
    "__comment": "ReactorBack",
    "from": [ 14.96, 12.1235, 29 ],
    "to": [ 19.0329, 14.16, 30.92 ],
    "rotation": { "origin": [ 14.96, 14.16, 29 ], "axis": "z", "angle": -45 },
    "faces": {
        "down":  { "uv": [ 2, 6, 4, 6.5 ], "rotation": 180, "texture": "#texture", "cullface": "east" },
        "up":    { "uv": [ 0, 6, 2, 6.5 ], "texture": "#texture", "cullface": "east" },
        "south": { "uv": [ 1.5, 6.5, 2, 7.5 ], "texture": "#texture", "cullface": "east" }
    }
},
{
    "__comment": "ReactorBack",
    "from": [ 15.92, 7.44, 29 ],
    "to": [ 17.84, 11.28, 30.921 ],
    "faces": {
        "down":  { "uv": [ 0, 6, 0.5, 6.5 ], "texture": "#texture", "cullface": "east" },
        "south": { "uv": [ 1, 6.5, 1.5, 7.5 ], "rotation": 90, "texture": "#texture", "cullface": "east" },
        "west":  { "uv": [ 2, 6, 4, 6.5 ], "rotation": 90, "texture": "#texture", "cullface": "east" },
        "east":  { "uv": [ 0, 6, 2, 6.5 ], "rotation": 90, "texture": "#texture", "cullface": "east" }
    }
},
{
    "__comment": "ReactorBack",
    "from": [ 1.04, 10.0871, 29 ],
    "to": [ 3.07647, 14.16, 30.92 ],
    "rotation": { "origin": [ 1.04, 14.16, 29 ], "axis": "z", "angle": -45 },
    "faces": {
        "south": { "uv": [ 1.5, 6.5, 2, 7.5 ], "rotation": 270, "texture": "#texture", "cullface": "south" },
        "west":  { "uv": [ 0, 6, 2, 6.5 ], "rotation": 270, "texture": "#texture", "cullface": "south" },
        "east":  { "uv": [ 2, 6, 4, 6.5 ], "rotation": 90, "texture": "#texture", "cullface": "south" }
    }
},
{
    "__comment": "ReactorBack",
    "from": [ -0.88, 7.44, 29.06 ],
    "to": [ 16.88, 9.36, 30.981 ],
    "faces": {
        "down":  { "uv": [ 0, 6, 4, 6.5 ], "rotation": 180, "texture": "#texture", "cullface": "south" },
        "up":    { "uv": [ 0, 6, 4, 6.5 ], "rotation": 180, "texture": "#texture", "cullface": "south" },
        "south": { "uv": [ 1, 6.5, 1.5, 7.5 ], "rotation": 180, "texture": "#texture", "cullface": "south" }
    }
},
{
    "__comment": "ReactorBackIn",
    "from": [ 0.08, 9.36, 29.12 ],
    "to": [ 15.92, 12.24, 30.08 ],
    "faces": {
        "south": { "uv": [ 0, 0, 16, 16 ], "texture": "#reactor", "cullface": "south" }
    }
},
{
    "from": [ 5.12, 8.16, 2.24 ],
    "to": [ 10.88, 13.92, 3.2 ],
    "rotation": { "origin": [ 5.12, 13.92, 2.24 ], "axis": "x", "angle": -22.5 },
    "faces": {
        "south": { "uv": [ 13.25, 9.5, 15.75, 12 ], "texture": "#texture" }
    }
},
{
    "__comment": "Front",
    "from": [ 1.28, 10.56, -12.16 ],
    "to": [ 14.72, 13.44, 1.28 ],
    "faces": {
        "down":  { "uv": [ 4.75, 1.75, 5.25, 6 ], "rotation": 180, "texture": "#texture", "cullface": "north" },
        "up":    { "uv": [ 2.25, 11.75, 5.75, 16 ], "texture": "#texture", "cullface": "north" },
        "north": { "uv": [ 2.5, 9.5, 6.75, 10.5 ], "texture": "#texture", "cullface": "north" },
        "south": { "uv": [ 6.75, 9.5, 8, 10.375 ], "texture": "#texture", "cullface": "north" }
    }
},
{
    "__comment": "Front",
    "from": [ 1.28, 3.84, -12.1591 ],
    "to": [ 4.16, 13.44, 1.28094 ],
    "rotation": { "origin": [ 1.28, 13.44, -12.1591 ], "axis": "z", "angle": -45 },
    "faces": {
        "down":  { "uv": [ 0, 10.75, 1.25, 11.75 ], "rotation": 270, "texture": "#texture", "cullface": "north" },
        "north": { "uv": [ 1.25, 10.75, 0, 11.75 ], "rotation": 90, "texture": "#texture", "cullface": "north" },
        "south": { "uv": [ 6.75, 9.5, 8, 10.5 ], "rotation": 270, "texture": "#texture", "cullface": "north" },
        "west":  { "uv": [ 0, 11.75, 2.25, 16 ], "rotation": 270, "texture": "#texture", "cullface": "north" },
        "east":  { "uv": [ 4.75, 1.75, 5.75, 6 ], "rotation": 90, "texture": "#texture", "cullface": "north" }
    }
},
{
    "__comment": "Front",
    "from": [ 14.72, 10.56, -12.1591 ],
    "to": [ 24.32, 13.44, 1.28094 ],
    "rotation": { "origin": [ 14.72, 13.44, -12.1591 ], "axis": "z", "angle": -45 },
    "faces": {
        "down":  { "uv": [ 5.75, 1.75, 4.75, 6 ], "rotation": 180, "texture": "#texture", "cullface": "east" },
        "up":    { "uv": [ 5.75, 11.75, 8, 16 ], "texture": "#texture", "cullface": "east" },
        "north": { "uv": [ 0, 10.75, 1.25, 11.75 ], "texture": "#texture", "cullface": "east" },
        "south": { "uv": [ 8, 9.5, 6.75, 10.5 ], "texture": "#texture", "cullface": "east" },
        "east":  { "uv": [ 1.25, 10.75, 0, 11.75 ], "texture": "#texture", "cullface": "east" }
    }
},
{
    "__comment": "Mouth",
    "from": [ 0.32, 6, -11.2009 ],
    "to": [ 5.12, 8.88, 1.27906 ],
    "rotation": { "origin": [ 0.32, 8.88, -11.2009 ], "axis": "z", "angle": -45 },
    "faces": {
        "down":  { "uv": [ 8, 8.5, 5.5, 9.5 ], "rotation": 270, "texture": "#texture", "cullface": "north" },
        "up":    { "uv": [ 4.75, 2, 5.25, 6 ], "texture": "#texture", "cullface": "north" },
        "north": { "uv": [ 1.25, 10.75, 0, 11.75 ], "texture": "#texture", "cullface": "north" },
        "south": { "uv": [ 8, 9.5, 6.75, 10.5 ], "texture": "#texture", "cullface": "north" },
        "west":  { "uv": [ 7.5, 0.75, 8.25, 1.5 ], "texture": "#texture", "cullface": "north" },
        "east":  { "uv": [ 7.5, 0.75, 8.25, 1.5 ], "texture": "#texture", "cullface": "north" }
    }
},
{
    "__comment": "WingL",
    "from": [ -12.16, 2.88, 8.96 ],
    "to": [ -0.16, 6.72, 24.32 ],
    "faces": {
        "down":  { "uv": [ 2.875, 9.5, 4.625, 7.5 ], "texture": "#texture", "cullface": "west" },
        "up":    { "uv": [ 0.75, 2, 4.25, 6 ], "texture": "#texture", "cullface": "west" },
        "north": { "uv": [ 7.5, 0.75, 8.25, 1.5 ], "texture": "#texture", "cullface": "west" },
        "south": { "uv": [ 4.25, 10.5, 8, 11.5 ], "texture": "#texture", "cullface": "west" }
    }
},
{
    "from": [ -0.64, 1.92, 1.28 ],
    "to": [ 16.64, 3.36, 17.6 ],
    "faces": {
        "down":  { "uv": [ 2.25, 10.5, 4.25, 11.75 ], "rotation": 180, "texture": "#texture", "cullface": "south" },
        "up":    { "uv": [ 4.75, 8.75, 5.25, 9.25 ], "texture": "#texture", "cullface": "south" },
        "south": { "uv": [ 10.5, 12, 11, 12.5 ], "texture": "#texture", "cullface": "south" },
        "west":  { "uv": [ 8.5, 13.875, 9, 14.375 ], "texture": "#texture", "cullface": "south" },
        "east":  { "uv": [ 8.5, 13.875, 9, 14.375 ], "texture": "#texture", "cullface": "south" }
    }
},
{
    "__comment": "Mouth",
    "from": [ 12.32, 2.64, -11.1991 ],
    "to": [ 17.12, 5.52, 1.28094 ],
    "rotation": { "origin": [ 12.32, 5.52, -11.1991 ], "axis": "z", "angle": 45 },
    "faces": {
        "down":  { "uv": [ 8, 9.5, 5.5, 8.5 ], "rotation": 270, "texture": "#texture", "cullface": "east" },
        "up":    { "uv": [ 4.75, 2, 5.25, 6 ], "texture": "#texture", "cullface": "east" },
        "north": { "uv": [ 1.25, 10.75, 0, 11.75 ], "texture": "#texture", "cullface": "east" },
        "south": { "uv": [ 8, 9.5, 6.75, 10.5 ], "texture": "#texture", "cullface": "east" },
        "west":  { "uv": [ 7.5, 0.75, 8.25, 1.5 ], "texture": "#texture", "cullface": "east" },
        "east":  { "uv": [ 7.5, 0.75, 8.25, 1.5 ], "texture": "#texture", "cullface": "east" }
    }
},
{
    "__comment": "Mouth",
    "from": [ 1.76, 3.36, -11.2 ],
    "to": [ 14.24, 6.24, 1.28 ],
    "faces": {
        "down":  { "uv": [ 2.25, 10.5, 4.25, 11.75 ], "rotation": 180, "texture": "#texture", "cullface": "north" },
        "up":    { "uv": [ 4.75, 2, 5.25, 6 ], "texture": "#texture", "cullface": "north" },
        "north": { "uv": [ 6.75, 9.5, 2.5, 10.5 ], "texture": "#texture", "cullface": "north" },
        "west":  { "uv": [ 7.5, 0.75, 8.25, 1.5 ], "texture": "#texture", "cullface": "north" },
        "east":  { "uv": [ 7.5, 0.75, 8.25, 1.5 ], "texture": "#texture", "cullface": "north" }
    }
},
{
    "from": [ -0.64, 5.76, -1.36 ],
    "to": [ 16.64, 8.64, 5.36 ],
    "rotation": { "origin": [ -0.64, 8.64, -1.36 ], "axis": "x", "angle": 45 },
    "faces": {
        "down":  { "uv": [ 4.75, 8.75, 5.25, 9.25 ], "rotation": 270, "texture": "#texture", "cullface": "north" },
        "up":    { "uv": [ 4.75, 8.75, 5.25, 9.25 ], "texture": "#texture", "cullface": "north" },
        "north": { "uv": [ 7.5, 0.75, 8.25, 1.5 ], "texture": "#texture", "cullface": "north" },
        "south": { "uv": [ 4.75, 8.75, 5.25, 9.25 ], "texture": "#texture", "cullface": "north" },
        "west":  { "uv": [ 8.5, 13.875, 9, 14.375 ], "texture": "#texture", "cullface": "north" },
        "east":  { "uv": [ 8.5, 13.875, 9, 14.375 ], "texture": "#texture", "cullface": "north" }
    }
},
{
    "__comment": "WingL",
    "from": [ -12.16, 2.88, 8.96 ],
    "to": [ 1.04, 6.72, 13.76 ],
    "rotation": { "origin": [ -12.16, 2.88, 8.96 ], "axis": "y", "angle": 22.5 },
    "faces": {
        "down":  { "uv": [ 2.5, 7.125, 4.375, 6.5 ], "texture": "#texture", "cullface": "west" },
        "up":    { "uv": [ 0, 0, 3.75, 1.25 ], "texture": "#texture", "cullface": "west" },
        "north": { "uv": [ 4.25, 10.5, 5.75, 11.5 ], "texture": "#texture", "cullface": "west" }
    }
},
{
    "__comment": "WingL",
    "from": [ -5.68, 2.88094, 6.32 ],
    "to": [ 1.76, 6.72094, 9.2 ],
    "rotation": { "origin": [ -5.68, 2.88094, 6.32 ], "axis": "y", "angle": 45 },
    "faces": {
        "down":  { "uv": [ 4.375, 7, 5.375, 6.5 ], "texture": "#texture", "cullface": "west" },
        "up":    { "uv": [ 3.75, 0, 5.75, 1 ], "texture": "#texture", "cullface": "west" },
        "north": { "uv": [ 5, 11.5, 8, 10.5 ], "rotation": 180, "texture": "#texture", "cullface": "west" }
    }
},
{
    "__comment": "WingL",
    "from": [ -12.16, 2.88, 8.96 ],
    "to": [ -9.28, 6.72, 24.32 ],
    "rotation": { "origin": [ -12.16, 6.72, 8.96 ], "axis": "z", "angle": -45 },
    "faces": {
        "down":  { "uv": [ 6.75, 9.5, 8, 10.5 ], "rotation": 270, "texture": "#texture", "cullface": "west" },
        "north": { "uv": [ 2, 10.75, 1.25, 11.5 ], "rotation": 90, "texture": "#texture", "cullface": "west" },
        "south": { "uv": [ 1.25, 10.75, 2.25, 11.5 ], "rotation": 270, "texture": "#texture", "cullface": "west" },
        "west":  { "uv": [ 0, 2, 0.75, 6 ], "rotation": 270, "texture": "#texture", "cullface": "west" },
        "east":  { "uv": [ 2.5, 7.5, 3, 9.5 ], "texture": "#texture", "cullface": "west" }
    }
},
{
    "__comment": "ReactorBackIn*",
    "from": [ 0.56, 6.24, -10.24 ],
    "to": [ 15.44, 10.56, -9.28 ],
    "faces": {
        "north": { "uv": [ 0, 0, 16, 16 ], "texture": "#reactor", "cullface": "north" }
    }
},
{
    "__comment": "WingR",
    "from": [ 28.16, 3.84, 8.96 ],
    "to": [ 32, 6.72, 24.32 ],
    "rotation": { "origin": [ 28.16, 6.72, 8.96 ], "axis": "z", "angle": -45 },
    "faces": {
        "down":  { "uv": [ 7.5, 0.75, 8.25, 1.5 ], "texture": "#texture", "cullface": "east" },
        "up":    { "uv": [ 0.75, 2, 0, 6 ], "texture": "#texture", "cullface": "east" },
        "north": { "uv": [ 1.25, 10.75, 2, 11.5 ], "texture": "#texture", "cullface": "east" },
        "south": { "uv": [ 2.25, 10.75, 1.25, 11.5 ], "texture": "#texture", "cullface": "east" },
        "east":  { "uv": [ 1.25, 10.75, 0, 11.75 ], "texture": "#texture", "cullface": "east" }
    }
},
{
    "__comment": "WingR",
    "from": [ 15.92, 2.88, 3.92 ],
    "to": [ 29.12, 6.72, 8.72 ],
    "rotation": { "origin": [ 15.92, 2.88, 3.92 ], "axis": "y", "angle": -22.5 },
    "faces": {
        "down":  { "uv": [ 4.375, 7.125, 2.5, 6.5 ], "texture": "#texture", "cullface": "east" },
        "up":    { "uv": [ 3.75, 0, 0, 1.25 ], "texture": "#texture", "cullface": "east" },
        "north": { "uv": [ 5.75, 10.5, 4.25, 11.5 ], "texture": "#texture", "cullface": "east" }
    }
},
{
    "__comment": "WingR",
    "from": [ 16.4, 2.88094, 1.04 ],
    "to": [ 23.84, 6.72094, 3.92 ],
    "rotation": { "origin": [ 16.4, 2.88094, 1.04 ], "axis": "y", "angle": -45 },
    "faces": {
        "down":  { "uv": [ 5.375, 7, 4.375, 6.5 ], "texture": "#texture", "cullface": "east" },
        "up":    { "uv": [ 5.75, 0, 3.75, 1 ], "texture": "#texture", "cullface": "east" },
        "north": { "uv": [ 8, 11.5, 5, 10.5 ], "rotation": 180, "texture": "#texture", "cullface": "east" }
    }
},
{
    "__comment": "WingL",
    "from": [ -0.46, 2.88, 15.86 ],
    "to": [ 3.14, 6.72, 23.54 ],
    "rotation": { "origin": [ -0.46, 2.88, 15.86 ], "axis": "y", "angle": -22.5 },
    "faces": {
        "down":  { "uv": [ 4.625, 8.75, 5.25, 9.375 ], "texture": "#texture", "cullface": "west" },
        "south": { "uv": [ 7.5, 0.75, 8.25, 1.5 ], "texture": "#texture", "cullface": "west" },
        "east":  { "uv": [ 8, 10.5, 7, 11.5 ], "texture": "#texture", "cullface": "west" }
    }
},
{
    "__comment": "WingR",
    "from": [ 13.22, 2.88, 17.18 ],
    "to": [ 16.82, 6.72, 24.86 ],
    "rotation": { "origin": [ 13.22, 2.88, 17.18 ], "axis": "y", "angle": 22.5 },
    "faces": {
        "down":  { "uv": [ 4.625, 8.75, 5.25, 9.375 ], "texture": "#texture", "cullface": "east" },
        "south": { "uv": [ 7.5, 0.75, 8.25, 1.5 ], "texture": "#texture", "cullface": "east" },
        "west":  { "uv": [ 7, 10.5, 8, 11.5 ], "texture": "#texture", "cullface": "east" }
    }
},
{
    "__comment": "WingR",
    "from": [ 16.16, 2.88, 8.96 ],
    "to": [ 28.16, 6.72, 24.32 ],
    "faces": {
        "down":  { "uv": [ 4.625, 9.5, 2.875, 7.5 ], "texture": "#texture", "cullface": "east" },
        "up":    { "uv": [ 4.25, 2, 0.75, 6 ], "texture": "#texture", "cullface": "east" },
        "north": { "uv": [ 7.5, 0.75, 8.25, 1.5 ], "texture": "#texture", "cullface": "east" },
        "south": { "uv": [ 8, 10.5, 4.25, 11.5 ], "texture": "#texture", "cullface": "east" }
    }
}
],
"display": {
    "thirdperson": {
        "rotation": [ 180, 180, 0 ],
        "translation": [ 0, 1.6, -0.9 ],
        "scale": [ 0.5, 0.5, 0.5 ]
    },
    "head": {
        "rotation": [ 0, 0, 0 ],
        "translation": [ 0, 1, -2.5 ],
        "scale": [ 1.8, 1.8, 1.8 ]
    },
    "gui": {
        "rotation": [ 30, -45, 0 ],
        "translation": [ 0, -1.1, 0 ],
        "scale": [ 0.55, 0.55, 0.55 ]
    }
}
}