{
"__comment": "Designed by Hypixel minecraft server with BDcraft Cubik PRO 0.90 Beta - http://bdcraft.net",
"textures": {
    "particle": "items/rabbit",
    "texture": "items/rabbit"
},
"elements": [ 
{
    "from": [ 5, -2, 16 ],
    "to": [ 11, -1, 17 ],
    "faces": {
        "down":  { "uv": [ 4, 13, 4.5, 12.5 ], "texture": "#texture", "cullface": "south" },
        "north": { "uv": [ 4, 12.5, 4.5, 13 ], "texture": "#texture", "cullface": "south" },
        "south": { "uv": [ 4, 13, 4.5, 12.5 ], "texture": "#texture", "cullface": "south" },
        "west":  { "uv": [ 4, 12.5, 4.5, 13 ], "texture": "#texture", "cullface": "south" },
        "east":  { "uv": [ 4.5, 12.5, 4, 13 ], "texture": "#texture", "cullface": "south" }
    }
},
{
    "from": [ 7, -2, 17 ],
    "to": [ 9, -1, 18 ],
    "faces": {
        "down":  { "uv": [ 4, 13, 4.5, 12.5 ], "texture": "#texture", "cullface": "south" },
        "south": { "uv": [ 4, 13, 4.5, 12.5 ], "texture": "#texture", "cullface": "south" },
        "west":  { "uv": [ 4, 12.5, 4.5, 13 ], "texture": "#texture", "cullface": "south" },
        "east":  { "uv": [ 4.5, 12.5, 4, 13 ], "texture": "#texture", "cullface": "south" }
    }
},
{
    "from": [ 2, 0, 13 ],
    "to": [ 14, 2, 14 ],
    "faces": {
        "down":  { "uv": [ 4, 13, 4.5, 12.5 ], "texture": "#texture", "cullface": "down" },
        "south": { "uv": [ 4, 13, 4.5, 12.5 ], "texture": "#texture" },
        "west":  { "uv": [ 4, 12.5, 4.5, 13 ], "texture": "#texture" },
        "east":  { "uv": [ 4.5, 12.5, 4, 13 ], "texture": "#texture" }
    }
},
{
    "from": [ 1, 0, 12 ],
    "to": [ 15, 2, 13 ],
    "faces": {
        "down":  { "uv": [ 4, 13, 4.5, 12.5 ], "texture": "#texture", "cullface": "down" },
        "south": { "uv": [ 4, 13, 4.5, 12.5 ], "texture": "#texture" },
        "west":  { "uv": [ 4, 12.5, 4.5, 13 ], "texture": "#texture" },
        "east":  { "uv": [ 4.5, 12.5, 4, 13 ], "texture": "#texture" }
    }
},
{
    "from": [ 0, 0, 10 ],
    "to": [ 16, 3, 12 ],
    "faces": {
        "down":  { "uv": [ 4, 13, 4.5, 12.5 ], "texture": "#texture", "cullface": "down" },
        "up":    { "uv": [ 4, 12.5, 4.5, 13 ], "texture": "#texture" },
        "south": { "uv": [ 4, 13, 4.5, 12.5 ], "texture": "#texture" },
        "west":  { "uv": [ 4, 12.5, 4.5, 13 ], "texture": "#texture", "cullface": "west" },
        "east":  { "uv": [ 4.5, 12.5, 4, 13 ], "texture": "#texture", "cullface": "east" }
    }
},
{
    "from": [ -1, 0, 5 ],
    "to": [ 17, 3, 8 ],
    "faces": {
        "down":  { "uv": [ 4, 13, 4.5, 12.5 ], "texture": "#texture", "cullface": "down" },
        "west":  { "uv": [ 4, 12.5, 4.5, 13 ], "texture": "#texture" },
        "east":  { "uv": [ 4.5, 12.5, 4, 13 ], "texture": "#texture" }
    }
},
{
    "from": [ -1, 0, 8 ],
    "to": [ 17, 3, 10 ],
    "faces": {
        "down":  { "uv": [ 4, 13, 4.5, 12.5 ], "texture": "#texture", "cullface": "down" },
        "south": { "uv": [ 4, 13, 4.5, 12.5 ], "texture": "#texture" },
        "west":  { "uv": [ 4, 12.5, 4.5, 13 ], "texture": "#texture" },
        "east":  { "uv": [ 4.5, 12.5, 4, 13 ], "texture": "#texture" }
    }
},
{
    "from": [ 0, 1, 1 ],
    "to": [ 2, 3, 2 ],
    "faces": {
        "down":  { "uv": [ 4, 13, 4.5, 12.5 ], "texture": "#texture" },
        "north": { "uv": [ 4, 12.5, 4.5, 13 ], "texture": "#texture" },
        "west":  { "uv": [ 4, 12.5, 4.5, 13 ], "texture": "#texture", "cullface": "west" },
        "east":  { "uv": [ 4.5, 12.5, 4, 13 ], "texture": "#texture" }
    }
},
{
    "from": [ 1, 2, 0 ],
    "to": [ 4, 4, 1 ],
    "faces": {
        "down":  { "uv": [ 4, 13, 4.5, 12.5 ], "texture": "#texture" },
        "north": { "uv": [ 4, 12.5, 4.5, 13 ], "texture": "#texture", "cullface": "north" },
        "south": { "uv": [ 4, 13, 4.5, 12.5 ], "texture": "#texture" },
        "west":  { "uv": [ 4, 12.5, 4.5, 13 ], "texture": "#texture" },
        "east":  { "uv": [ 4.5, 12.5, 4, 13 ], "texture": "#texture" }
    }
},
{
    "from": [ 3, 2, -1 ],
    "to": [ 4, 5, 0 ],
    "faces": {
        "down":  { "uv": [ 4, 13, 4.5, 12.5 ], "texture": "#texture", "cullface": "north" },
        "north": { "uv": [ 4, 12.5, 4.5, 13 ], "texture": "#texture", "cullface": "north" },
        "south": { "uv": [ 4, 13, 4.5, 12.5 ], "texture": "#texture", "cullface": "north" },
        "west":  { "uv": [ 4, 12.5, 4.5, 13 ], "texture": "#texture", "cullface": "north" },
        "east":  { "uv": [ 4.5, 12.5, 4, 13 ], "texture": "#texture", "cullface": "north" }
    }
},
{
    "from": [ 6, 4, -2 ],
    "to": [ 10, 5, -1 ],
    "faces": {
        "down":  { "uv": [ 4, 13, 4.5, 12.5 ], "texture": "#texture", "cullface": "north" },
        "north": { "uv": [ 4, 12.5, 4.5, 13 ], "texture": "#texture", "cullface": "north" },
        "south": { "uv": [ 4, 13, 4.5, 12.5 ], "texture": "#texture", "cullface": "north" },
        "west":  { "uv": [ 4, 12.5, 4.5, 13 ], "texture": "#texture", "cullface": "north" },
        "east":  { "uv": [ 4.5, 12.5, 4, 13 ], "texture": "#texture", "cullface": "north" }
    }
},
{
    "from": [ -1, 0, 3 ],
    "to": [ 17, 3, 5 ],
    "faces": {
        "down":  { "uv": [ 4, 13, 4.5, 12.5 ], "texture": "#texture", "cullface": "down" },
        "up":    { "uv": [ 4, 12.5, 4.5, 13 ], "texture": "#texture" },
        "north": { "uv": [ 4, 12.5, 4.5, 13 ], "texture": "#texture" },
        "west":  { "uv": [ 4, 12.5, 4.5, 13 ], "texture": "#texture" },
        "east":  { "uv": [ 4.5, 12.5, 4, 13 ], "texture": "#texture" }
    }
},
{
    "from": [ 0, 0, 2 ],
    "to": [ 16, 3, 3 ],
    "faces": {
        "down":  { "uv": [ 4, 13, 4.5, 12.5 ], "texture": "#texture", "cullface": "down" },
        "north": { "uv": [ 4, 12.5, 4.5, 13 ], "texture": "#texture" },
        "west":  { "uv": [ 4, 12.5, 4.5, 13 ], "texture": "#texture", "cullface": "west" },
        "east":  { "uv": [ 4.5, 12.5, 4, 13 ], "texture": "#texture", "cullface": "east" }
    }
},
{
    "from": [ 4, -1, 15 ],
    "to": [ 12, 0, 16 ],
    "faces": {
        "down":  { "uv": [ 4, 13, 4.5, 12.5 ], "texture": "#texture", "cullface": "down" },
        "north": { "uv": [ 4, 12.5, 4.5, 13 ], "texture": "#texture", "cullface": "down" },
        "west":  { "uv": [ 4, 12.5, 4.5, 13 ], "texture": "#texture", "cullface": "down" },
        "east":  { "uv": [ 4.5, 12.5, 4, 13 ], "texture": "#texture", "cullface": "down" }
    }
},
{
    "from": [ 3, 0, 14 ],
    "to": [ 13, 1, 15 ],
    "faces": {
        "down":  { "uv": [ 4, 13, 4.5, 12.5 ], "texture": "#texture", "cullface": "down" },
        "west":  { "uv": [ 4, 12.5, 4.5, 13 ], "texture": "#texture" },
        "east":  { "uv": [ 4.5, 12.5, 4, 13 ], "texture": "#texture" }
    }
},
{
    "from": [ 12, 2, -1 ],
    "to": [ 13, 5, 0 ],
    "faces": {
        "down":  { "uv": [ 4, 13, 4.5, 12.5 ], "texture": "#texture", "cullface": "north" },
        "north": { "uv": [ 4, 12.5, 4.5, 13 ], "texture": "#texture", "cullface": "north" },
        "south": { "uv": [ 4, 13, 4.5, 12.5 ], "texture": "#texture", "cullface": "north" },
        "west":  { "uv": [ 4, 12.5, 4.5, 13 ], "texture": "#texture", "cullface": "north" },
        "east":  { "uv": [ 4.5, 12.5, 4, 13 ], "texture": "#texture", "cullface": "north" }
    }
},
{
    "from": [ 12, 2, 0 ],
    "to": [ 15, 4, 1 ],
    "faces": {
        "down":  { "uv": [ 4, 13, 4.5, 12.5 ], "texture": "#texture" },
        "north": { "uv": [ 4, 12.5, 4.5, 13 ], "texture": "#texture", "cullface": "north" },
        "south": { "uv": [ 4, 13, 4.5, 12.5 ], "texture": "#texture" },
        "west":  { "uv": [ 4, 12.5, 4.5, 13 ], "texture": "#texture" },
        "east":  { "uv": [ 4.5, 12.5, 4, 13 ], "texture": "#texture" }
    }
},
{
    "from": [ 14, 1, 1 ],
    "to": [ 16, 3, 2 ],
    "faces": {
        "down":  { "uv": [ 4, 13, 4.5, 12.5 ], "texture": "#texture" },
        "north": { "uv": [ 4, 12.5, 4.5, 13 ], "texture": "#texture" },
        "west":  { "uv": [ 4, 12.5, 4.5, 13 ], "texture": "#texture" },
        "east":  { "uv": [ 4.5, 12.5, 4, 13 ], "texture": "#texture", "cullface": "east" }
    }
},
{
    "from": [ 4, 3, -1 ],
    "to": [ 7, 5, 0 ],
    "faces": {
        "down":  { "uv": [ 4, 13, 4.5, 12.5 ], "texture": "#texture", "cullface": "north" },
        "north": { "uv": [ 4, 12.5, 4.5, 13 ], "texture": "#texture", "cullface": "north" },
        "south": { "uv": [ 4, 13, 4.5, 12.5 ], "texture": "#texture", "cullface": "north" },
        "east":  { "uv": [ 4.5, 12.5, 4, 13 ], "texture": "#texture", "cullface": "north" }
    }
},
{
    "from": [ 9, 3, -1 ],
    "to": [ 12, 5, 0 ],
    "faces": {
        "down":  { "uv": [ 4, 13, 4.5, 12.5 ], "texture": "#texture", "cullface": "north" },
        "north": { "uv": [ 4, 12.5, 4.5, 13 ], "texture": "#texture", "cullface": "north" },
        "south": { "uv": [ 4, 13, 4.5, 12.5 ], "texture": "#texture", "cullface": "north" },
        "west":  { "uv": [ 4, 12.5, 4.5, 13 ], "texture": "#texture", "cullface": "north" }
    }
},
{
    "from": [ 5, 5, -2 ],
    "to": [ 11, 6, -1 ],
    "faces": {
        "down":  { "uv": [ 4, 13, 4.5, 12.5 ], "texture": "#texture", "cullface": "north" },
        "north": { "uv": [ 4, 12.5, 4.5, 13 ], "texture": "#texture", "cullface": "north" },
        "south": { "uv": [ 4, 13, 4.5, 12.5 ], "texture": "#texture", "cullface": "north" },
        "west":  { "uv": [ 4, 12.5, 4.5, 13 ], "texture": "#texture", "cullface": "north" },
        "east":  { "uv": [ 4.5, 12.5, 4, 13 ], "texture": "#texture", "cullface": "north" }
    }
},
{
    "from": [ -1, 1, 10 ],
    "to": [ 17, 3, 11 ],
    "faces": {
        "down":  { "uv": [ 4, 13, 4.5, 12.5 ], "texture": "#texture" },
        "south": { "uv": [ 4, 13, 4.5, 12.5 ], "texture": "#texture" },
        "west":  { "uv": [ 4, 12.5, 4.5, 13 ], "texture": "#texture" },
        "east":  { "uv": [ 4.5, 12.5, 4, 13 ], "texture": "#texture" }
    }
},
{
    "from": [ -1, 1, 4 ],
    "to": [ 17, 3, 9 ],
    "faces": {
        "down":  { "uv": [ 4, 13, 4.5, 12.5 ], "texture": "#texture" },
        "north": { "uv": [ 4, 12.5, 4.5, 13 ], "texture": "#texture" },
        "south": { "uv": [ 4, 13, 4.5, 12.5 ], "texture": "#texture" },
        "west":  { "uv": [ 4, 12.5, 4.5, 13 ], "texture": "#texture" },
        "east":  { "uv": [ 4.5, 12.5, 4, 13 ], "texture": "#texture" }
    }
},
{
    "from": [ -1, 2, 2 ],
    "to": [ 17, 3, 3 ],
    "faces": {
        "down":  { "uv": [ 4, 13, 4.5, 12.5 ], "texture": "#texture" },
        "north": { "uv": [ 4, 12.5, 4.5, 13 ], "texture": "#texture" },
        "west":  { "uv": [ 4, 12.5, 4.5, 13 ], "texture": "#texture" },
        "east":  { "uv": [ 4.5, 12.5, 4, 13 ], "texture": "#texture" }
    }
},
{
    "from": [ 5, 6, -2 ],
    "to": [ 11, 11, -1 ],
    "faces": {
        "north": { "uv": [ 1, 10, 1.5, 10.5 ], "texture": "#texture", "cullface": "north" },
        "south": { "uv": [ 1, 10.5, 1.5, 10 ], "texture": "#texture", "cullface": "north" },
        "west":  { "uv": [ 1, 10, 1.5, 10.5 ], "texture": "#texture", "cullface": "north" },
        "east":  { "uv": [ 1.5, 10, 1, 10.5 ], "texture": "#texture", "cullface": "north" }
    }
},
{
    "from": [ 3, 5, -1 ],
    "to": [ 7, 10, 0 ],
    "faces": {
        "down":  { "uv": [ 1, 10.5, 1.5, 10 ], "texture": "#texture", "cullface": "north" },
        "north": { "uv": [ 1, 10, 1.5, 10.5 ], "texture": "#texture", "cullface": "north" },
        "south": { "uv": [ 1, 10.5, 1.5, 10 ], "texture": "#texture", "cullface": "north" },
        "west":  { "uv": [ 1, 10, 1.5, 10.5 ], "texture": "#texture", "cullface": "north" },
        "east":  { "uv": [ 1.5, 10, 1, 10.5 ], "texture": "#texture", "cullface": "north" }
    }
},
{
    "from": [ 9, 5, -1 ],
    "to": [ 13, 10, 0 ],
    "faces": {
        "down":  { "uv": [ 1, 10.5, 1.5, 10 ], "texture": "#texture", "cullface": "north" },
        "north": { "uv": [ 1, 10, 1.5, 10.5 ], "texture": "#texture", "cullface": "north" },
        "south": { "uv": [ 1, 10.5, 1.5, 10 ], "texture": "#texture", "cullface": "north" },
        "west":  { "uv": [ 1, 10, 1.5, 10.5 ], "texture": "#texture", "cullface": "north" },
        "east":  { "uv": [ 1.5, 10, 1, 10.5 ], "texture": "#texture", "cullface": "north" }
    }
},
{
    "from": [ 1, 4, 0 ],
    "to": [ 4, 10, 1 ],
    "faces": {
        "north": { "uv": [ 1, 10, 1.5, 10.5 ], "texture": "#texture", "cullface": "north" },
        "south": { "uv": [ 1, 10.5, 1.5, 10 ], "texture": "#texture" },
        "west":  { "uv": [ 1, 10, 1.5, 10.5 ], "texture": "#texture" },
        "east":  { "uv": [ 1.5, 10, 1, 10.5 ], "texture": "#texture" }
    }
},
{
    "from": [ 12, 4, 0 ],
    "to": [ 15, 10, 1 ],
    "faces": {
        "north": { "uv": [ 1, 10, 1.5, 10.5 ], "texture": "#texture", "cullface": "north" },
        "south": { "uv": [ 1, 10.5, 1.5, 10 ], "texture": "#texture" },
        "west":  { "uv": [ 1, 10, 1.5, 10.5 ], "texture": "#texture" },
        "east":  { "uv": [ 1.5, 10, 1, 10.5 ], "texture": "#texture" }
    }
},
{
    "from": [ 0, 3, 1 ],
    "to": [ 2, 9, 2 ],
    "faces": {
        "north": { "uv": [ 1, 10, 1.5, 10.5 ], "texture": "#texture" },
        "south": { "uv": [ 1, 10.5, 1.5, 10 ], "texture": "#texture" },
        "west":  { "uv": [ 1, 10, 1.5, 10.5 ], "texture": "#texture", "cullface": "west" },
        "east":  { "uv": [ 1.5, 10, 1, 10.5 ], "texture": "#texture" }
    }
},
{
    "from": [ 14, 3, 1 ],
    "to": [ 16, 9, 2 ],
    "faces": {
        "north": { "uv": [ 1, 10, 1.5, 10.5 ], "texture": "#texture" },
        "south": { "uv": [ 1, 10.5, 1.5, 10 ], "texture": "#texture" },
        "west":  { "uv": [ 1, 10, 1.5, 10.5 ], "texture": "#texture" },
        "east":  { "uv": [ 1.5, 10, 1, 10.5 ], "texture": "#texture", "cullface": "east" }
    }
},
{
    "from": [ -1, 3, 2 ],
    "to": [ 17, 8, 4 ],
    "faces": {
        "down":  { "uv": [ 1, 10.5, 1.5, 10 ], "texture": "#texture" },
        "north": { "uv": [ 1, 10, 1.5, 10.5 ], "texture": "#texture" },
        "south": { "uv": [ 1, 10.5, 1.5, 10 ], "texture": "#texture" },
        "west":  { "uv": [ 1, 10, 1.5, 10.5 ], "texture": "#texture" },
        "east":  { "uv": [ 1.5, 10, 1, 10.5 ], "texture": "#texture" }
    }
},
{
    "from": [ -1, 3, 4 ],
    "to": [ 17, 7, 10 ],
    "faces": {
        "down":  { "uv": [ 1, 10.5, 1.5, 10 ], "texture": "#texture" },
        "west":  { "uv": [ 13, 8.5, 16, 10.5 ], "texture": "#texture" },
        "east":  { "uv": [ 16, 8.5, 13, 10.5 ], "texture": "#texture" }
    }
},
{
    "from": [ -1, 3, 10 ],
    "to": [ 17, 7, 11 ],
    "faces": {
        "south": { "uv": [ 1, 10.5, 1.5, 10 ], "texture": "#texture" },
        "west":  { "uv": [ 1, 10, 1.5, 10.5 ], "texture": "#texture" },
        "east":  { "uv": [ 1.5, 10, 1, 10.5 ], "texture": "#texture" }
    }
},
{
    "from": [ -1, 3, 11 ],
    "to": [ 17, 6, 12 ],
    "faces": {
        "down":  { "uv": [ 1, 10.5, 1.5, 10 ], "texture": "#texture" },
        "south": { "uv": [ 1, 10.5, 1.5, 10 ], "texture": "#texture" },
        "west":  { "uv": [ 1, 10, 1.5, 10.5 ], "texture": "#texture" },
        "east":  { "uv": [ 1.5, 10, 1, 10.5 ], "texture": "#texture" }
    }
},
{
    "from": [ 0, 2, 12 ],
    "to": [ 16, 5, 13 ],
    "faces": {
        "down":  { "uv": [ 1, 10.5, 1.5, 10 ], "texture": "#texture" },
        "north": { "uv": [ 1, 10, 1.5, 10.5 ], "texture": "#texture" },
        "south": { "uv": [ 1, 10.5, 1.5, 10 ], "texture": "#texture" },
        "west":  { "uv": [ 1, 10, 1.5, 10.5 ], "texture": "#texture", "cullface": "west" },
        "east":  { "uv": [ 1.5, 10, 1, 10.5 ], "texture": "#texture", "cullface": "east" }
    }
},
{
    "from": [ 1, 2, 13 ],
    "to": [ 15, 4, 14 ],
    "faces": {
        "south": { "uv": [ 1, 10.5, 1.5, 10 ], "texture": "#texture" },
        "west":  { "uv": [ 1, 10, 1.5, 10.5 ], "texture": "#texture" },
        "east":  { "uv": [ 1.5, 10, 1, 10.5 ], "texture": "#texture" }
    }
},
{
    "from": [ 2, 1, 14 ],
    "to": [ 14, 3, 15 ],
    "faces": {
        "down":  { "uv": [ 1, 10.5, 1.5, 10 ], "texture": "#texture" },
        "north": { "uv": [ 1, 10, 1.5, 10.5 ], "texture": "#texture" },
        "south": { "uv": [ 1, 10.5, 1.5, 10 ], "texture": "#texture" },
        "west":  { "uv": [ 1, 10, 1.5, 10.5 ], "texture": "#texture" },
        "east":  { "uv": [ 1.5, 10, 1, 10.5 ], "texture": "#texture" }
    }
},
{
    "from": [ 1, 1, 13 ],
    "to": [ 15, 2, 14 ],
    "faces": {
        "down":  { "uv": [ 4, 13, 4.5, 12.5 ], "texture": "#texture" },
        "south": { "uv": [ 4, 13, 4.5, 12.5 ], "texture": "#texture" },
        "west":  { "uv": [ 4, 12.5, 4.5, 13 ], "texture": "#texture" },
        "east":  { "uv": [ 4.5, 12.5, 4, 13 ], "texture": "#texture" }
    }
},
{
    "from": [ 3, 0, 15 ],
    "to": [ 13, 3, 16 ],
    "faces": {
        "down":  { "uv": [ 1, 10.5, 1.5, 10 ], "texture": "#texture", "cullface": "down" },
        "north": { "uv": [ 1, 10, 1.5, 10.5 ], "texture": "#texture" },
        "south": { "uv": [ 1, 10.5, 1.5, 10 ], "texture": "#texture", "cullface": "south" },
        "west":  { "uv": [ 1, 10, 1.5, 10.5 ], "texture": "#texture" },
        "east":  { "uv": [ 1.5, 10, 1, 10.5 ], "texture": "#texture" }
    }
},
{
    "from": [ 4, -1, 16 ],
    "to": [ 12, 2, 17 ],
    "faces": {
        "down":  { "uv": [ 1, 10.5, 1.5, 10 ], "texture": "#texture", "cullface": "south" },
        "north": { "uv": [ 1, 10, 1.5, 10.5 ], "texture": "#texture", "cullface": "south" },
        "south": { "uv": [ 1, 10.5, 1.5, 10 ], "texture": "#texture", "cullface": "south" },
        "west":  { "uv": [ 1, 10, 1.5, 10.5 ], "texture": "#texture", "cullface": "south" },
        "east":  { "uv": [ 1.5, 10, 1, 10.5 ], "texture": "#texture", "cullface": "south" }
    }
},
{
    "from": [ 6, -1, 17 ],
    "to": [ 10, 1, 18 ],
    "faces": {
        "down":  { "uv": [ 1, 10.5, 1.5, 10 ], "texture": "#texture", "cullface": "south" },
        "south": { "uv": [ 1, 10.5, 1.5, 10 ], "texture": "#texture", "cullface": "south" },
        "west":  { "uv": [ 1, 10, 1.5, 10.5 ], "texture": "#texture", "cullface": "south" },
        "east":  { "uv": [ 1.5, 10, 1, 10.5 ], "texture": "#texture", "cullface": "south" }
    }
},
{
    "from": [ 5, 11, -2 ],
    "to": [ 11, 12, -1 ],
    "faces": {
        "up":    { "uv": [ 2.5, 10.5, 3, 11 ], "texture": "#texture", "cullface": "north" },
        "north": { "uv": [ 2.5, 10.5, 3, 11 ], "texture": "#texture", "cullface": "north" },
        "west":  { "uv": [ 2.5, 10.5, 3, 11 ], "texture": "#texture", "cullface": "north" },
        "east":  { "uv": [ 3, 10.5, 2.5, 11 ], "texture": "#texture", "cullface": "north" }
    }
},
{
    "from": [ 2, 10, -1 ],
    "to": [ 14, 11, 0 ],
    "faces": {
        "down":  { "uv": [ 2.5, 11, 3, 10.5 ], "texture": "#texture", "cullface": "north" },
        "north": { "uv": [ 2.5, 10.5, 3, 11 ], "texture": "#texture", "cullface": "north" },
        "west":  { "uv": [ 2.5, 10.5, 3, 11 ], "texture": "#texture", "cullface": "north" },
        "east":  { "uv": [ 3, 10.5, 2.5, 11 ], "texture": "#texture", "cullface": "north" }
    }
},
{
    "from": [ 1, 10, 0 ],
    "to": [ 15, 11, 1 ],
    "faces": {
        "down":  { "uv": [ 2.5, 11, 3, 10.5 ], "texture": "#texture" },
        "up":    { "uv": [ 2.5, 10.5, 3, 11 ], "texture": "#texture" },
        "north": { "uv": [ 2.5, 10.5, 3, 11 ], "texture": "#texture", "cullface": "north" },
        "west":  { "uv": [ 2.5, 10.5, 3, 11 ], "texture": "#texture" },
        "east":  { "uv": [ 3, 10.5, 2.5, 11 ], "texture": "#texture" }
    }
},
{
    "from": [ 0, 9, 1 ],
    "to": [ 16, 10, 2 ],
    "faces": {
        "down":  { "uv": [ 2.5, 11, 3, 10.5 ], "texture": "#texture" },
        "north": { "uv": [ 2.5, 10.5, 3, 11 ], "texture": "#texture" },
        "west":  { "uv": [ 2.5, 10.5, 3, 11 ], "texture": "#texture", "cullface": "west" },
        "east":  { "uv": [ 3, 10.5, 2.5, 11 ], "texture": "#texture", "cullface": "east" }
    }
},
{
    "from": [ -1, 8, 2 ],
    "to": [ 17, 9, 4 ],
    "faces": {
        "up":    { "uv": [ 2.5, 10.5, 3, 11 ], "texture": "#texture" },
        "north": { "uv": [ 2.5, 10.5, 3, 11 ], "texture": "#texture" },
        "west":  { "uv": [ 2.5, 10.5, 3, 11 ], "texture": "#texture" },
        "east":  { "uv": [ 3, 10.5, 2.5, 11 ], "texture": "#texture" }
    }
},
{
    "from": [ -1, 7, 4 ],
    "to": [ 17, 8, 11 ],
    "faces": {
        "down":  { "uv": [ 2.5, 11, 3, 10.5 ], "texture": "#texture" },
        "up":    { "uv": [ 2.5, 10.5, 3, 11 ], "texture": "#texture" },
        "south": { "uv": [ 2.5, 11, 3, 10.5 ], "texture": "#texture" },
        "west":  { "uv": [ 2.5, 10.5, 3, 11 ], "texture": "#texture" },
        "east":  { "uv": [ 3, 10.5, 2.5, 11 ], "texture": "#texture" }
    }
},
{
    "from": [ -1, 6, 11 ],
    "to": [ 17, 7, 12 ],
    "faces": {
        "up":    { "uv": [ 2.5, 10.5, 3, 11 ], "texture": "#texture" },
        "south": { "uv": [ 2.5, 11, 3, 10.5 ], "texture": "#texture" },
        "west":  { "uv": [ 2.5, 10.5, 3, 11 ], "texture": "#texture" },
        "east":  { "uv": [ 3, 10.5, 2.5, 11 ], "texture": "#texture" }
    }
},
{
    "from": [ -1, 5, 12 ],
    "to": [ 17, 6, 13 ],
    "faces": {
        "down":  { "uv": [ 2.5, 11, 3, 10.5 ], "texture": "#texture" },
        "up":    { "uv": [ 2.5, 10.5, 3, 11 ], "texture": "#texture" },
        "south": { "uv": [ 2.5, 11, 3, 10.5 ], "texture": "#texture" },
        "west":  { "uv": [ 2.5, 10.5, 3, 11 ], "texture": "#texture" },
        "east":  { "uv": [ 3, 10.5, 2.5, 11 ], "texture": "#texture" }
    }
},
{
    "from": [ 0, 4, 13 ],
    "to": [ 16, 5, 14 ],
    "faces": {
        "down":  { "uv": [ 2.5, 11, 3, 10.5 ], "texture": "#texture" },
        "up":    { "uv": [ 2.5, 10.5, 3, 11 ], "texture": "#texture" },
        "south": { "uv": [ 2.5, 11, 3, 10.5 ], "texture": "#texture" },
        "west":  { "uv": [ 2.5, 10.5, 3, 11 ], "texture": "#texture", "cullface": "west" },
        "east":  { "uv": [ 3, 10.5, 2.5, 11 ], "texture": "#texture", "cullface": "east" }
    }
},
{
    "from": [ 1, 3, 14 ],
    "to": [ 15, 4, 15 ],
    "faces": {
        "down":  { "uv": [ 2.5, 11, 3, 10.5 ], "texture": "#texture" },
        "up":    { "uv": [ 2.5, 10.5, 3, 11 ], "texture": "#texture" },
        "south": { "uv": [ 2.5, 11, 3, 10.5 ], "texture": "#texture" },
        "west":  { "uv": [ 2.5, 10.5, 3, 11 ], "texture": "#texture" },
        "east":  { "uv": [ 3, 10.5, 2.5, 11 ], "texture": "#texture" }
    }
},
{
    "from": [ 2, 3, 15 ],
    "to": [ 14, 4, 16 ],
    "faces": {
        "down":  { "uv": [ 2.5, 11, 3, 10.5 ], "texture": "#texture" },
        "up":    { "uv": [ 2.5, 10.5, 3, 11 ], "texture": "#texture" },
        "south": { "uv": [ 2.5, 11, 3, 10.5 ], "texture": "#texture", "cullface": "south" },
        "west":  { "uv": [ 2.5, 10.5, 3, 11 ], "texture": "#texture" },
        "east":  { "uv": [ 3, 10.5, 2.5, 11 ], "texture": "#texture" }
    }
},
{
    "from": [ 4, 2, 16 ],
    "to": [ 12, 3, 17 ],
    "faces": {
        "up":    { "uv": [ 2.5, 10.5, 3, 11 ], "texture": "#texture", "cullface": "south" },
        "south": { "uv": [ 2.5, 11, 3, 10.5 ], "texture": "#texture", "cullface": "south" },
        "west":  { "uv": [ 2.5, 10.5, 3, 11 ], "texture": "#texture", "cullface": "south" },
        "east":  { "uv": [ 3, 10.5, 2.5, 11 ], "texture": "#texture", "cullface": "south" }
    }
},
{
    "from": [ 6, 1, 17 ],
    "to": [ 10, 2, 18 ],
    "faces": {
        "up":    { "uv": [ 2.5, 10.5, 3, 11 ], "texture": "#texture", "cullface": "south" },
        "south": { "uv": [ 2.5, 11, 3, 10.5 ], "texture": "#texture", "cullface": "south" },
        "west":  { "uv": [ 2.5, 10.5, 3, 11 ], "texture": "#texture", "cullface": "south" },
        "east":  { "uv": [ 3, 10.5, 2.5, 11 ], "texture": "#texture", "cullface": "south" }
    }
},
{
    "from": [ 6, 12, -2 ],
    "to": [ 10, 13, -1 ],
    "faces": {
        "up":    { "uv": [ 10.5, 5.5, 11, 6 ], "texture": "#texture", "cullface": "north" },
        "north": { "uv": [ 10.5, 5.5, 11, 6 ], "texture": "#texture", "cullface": "north" },
        "west":  { "uv": [ 10.5, 5.5, 11, 6 ], "texture": "#texture", "cullface": "north" },
        "east":  { "uv": [ 11, 5.5, 10.5, 6 ], "texture": "#texture", "cullface": "north" }
    }
},
{
    "from": [ 2, 11, 0 ],
    "to": [ 14, 13, 1 ],
    "faces": {
        "north": { "uv": [ 10.5, 5.5, 11, 6 ], "texture": "#texture", "cullface": "north" },
        "south": { "uv": [ 10.5, 6, 11, 5.5 ], "texture": "#texture" },
        "west":  { "uv": [ 10.5, 5.5, 11, 6 ], "texture": "#texture" },
        "east":  { "uv": [ 11, 5.5, 10.5, 6 ], "texture": "#texture" }
    }
},
{
    "from": [ 2, 11, -1 ],
    "to": [ 14, 12, 0 ],
    "faces": {
        "up":    { "uv": [ 10.5, 5.5, 11, 6 ], "texture": "#texture", "cullface": "north" },
        "north": { "uv": [ 10.5, 5.5, 11, 6 ], "texture": "#texture", "cullface": "north" },
        "west":  { "uv": [ 10.5, 5.5, 11, 6 ], "texture": "#texture", "cullface": "north" },
        "east":  { "uv": [ 11, 5.5, 10.5, 6 ], "texture": "#texture", "cullface": "north" }
    }
},
{
    "from": [ 3, 12, -1 ],
    "to": [ 13, 13, 0 ],
    "faces": {
        "up":    { "uv": [ 10.5, 5.5, 11, 6 ], "texture": "#texture", "cullface": "north" },
        "north": { "uv": [ 10.5, 5.5, 11, 6 ], "texture": "#texture", "cullface": "north" },
        "west":  { "uv": [ 10.5, 5.5, 11, 6 ], "texture": "#texture", "cullface": "north" },
        "east":  { "uv": [ 11, 5.5, 10.5, 6 ], "texture": "#texture", "cullface": "north" }
    }
},
{
    "from": [ 4, 13, -1 ],
    "to": [ 12, 14, 0 ],
    "faces": {
        "up":    { "uv": [ 10.5, 4.5, 11, 5 ], "texture": "#texture", "cullface": "north" },
        "north": { "uv": [ 10.5, 4.5, 11, 5 ], "texture": "#texture", "cullface": "north" },
        "west":  { "uv": [ 10.5, 4.5, 11, 5 ], "texture": "#texture", "cullface": "north" },
        "east":  { "uv": [ 11, 4.5, 10.5, 5 ], "texture": "#texture", "cullface": "north" }
    }
},
{
    "from": [ 7, 13, -2 ],
    "to": [ 9, 14, -1 ],
    "faces": {
        "up":    { "uv": [ 10.5, 4.5, 11, 5 ], "texture": "#texture", "cullface": "north" },
        "north": { "uv": [ 10.5, 4.5, 11, 5 ], "texture": "#texture", "cullface": "north" },
        "west":  { "uv": [ 10.5, 4.5, 11, 5 ], "texture": "#texture", "cullface": "north" },
        "east":  { "uv": [ 11, 4.5, 10.5, 5 ], "texture": "#texture", "cullface": "north" }
    }
},
{
    "from": [ 5, 14, -1 ],
    "to": [ 11, 15, 0 ],
    "faces": {
        "up":    { "uv": [ 10.5, 4.5, 11, 5 ], "texture": "#texture", "cullface": "north" },
        "north": { "uv": [ 10.5, 4.5, 11, 5 ], "texture": "#texture", "cullface": "north" },
        "west":  { "uv": [ 10.5, 4.5, 11, 5 ], "texture": "#texture", "cullface": "north" },
        "east":  { "uv": [ 11, 4.5, 10.5, 5 ], "texture": "#texture", "cullface": "north" }
    }
},
{
    "from": [ 1, 12, 1 ],
    "to": [ 15, 13, 2 ],
    "faces": {
        "north": { "uv": [ 10.5, 5.5, 11, 6 ], "texture": "#texture" },
        "west":  { "uv": [ 10.5, 5.5, 11, 6 ], "texture": "#texture" },
        "east":  { "uv": [ 11, 5.5, 10.5, 6 ], "texture": "#texture" }
    }
},
{
    "from": [ 0, 10, 1 ],
    "to": [ 16, 12, 2 ],
    "faces": {
        "up":    { "uv": [ 10.5, 5.5, 11, 6 ], "texture": "#texture" },
        "north": { "uv": [ 10.5, 5.5, 11, 6 ], "texture": "#texture" },
        "south": { "uv": [ 10.5, 6, 11, 5.5 ], "texture": "#texture" },
        "west":  { "uv": [ 10.5, 5.5, 11, 6 ], "texture": "#texture", "cullface": "west" },
        "east":  { "uv": [ 11, 5.5, 10.5, 6 ], "texture": "#texture", "cullface": "east" }
    }
},
{
    "from": [ 0, 11, 2 ],
    "to": [ 16, 13, 3 ],
    "faces": {
        "north": { "uv": [ 10.5, 5.5, 11, 6 ], "texture": "#texture" },
        "south": { "uv": [ 10.5, 6, 11, 5.5 ], "texture": "#texture" },
        "west":  { "uv": [ 10.5, 5.5, 11, 6 ], "texture": "#texture", "cullface": "west" },
        "east":  { "uv": [ 11, 5.5, 10.5, 6 ], "texture": "#texture", "cullface": "east" }
    }
},
{
    "from": [ -1, 9, 2 ],
    "to": [ 17, 11, 3 ],
    "faces": {
        "up":    { "uv": [ 10.5, 5.5, 11, 6 ], "texture": "#texture" },
        "north": { "uv": [ 10.5, 5.5, 11, 6 ], "texture": "#texture" },
        "west":  { "uv": [ 10.5, 5.5, 11, 6 ], "texture": "#texture" },
        "east":  { "uv": [ 11, 5.5, 10.5, 6 ], "texture": "#texture" }
    }
},
{
    "from": [ -1, 9, 3 ],
    "to": [ 17, 12, 4 ],
    "faces": {
        "up":    { "uv": [ 10.5, 5.5, 11, 6 ], "texture": "#texture" },
        "north": { "uv": [ 10.5, 5.5, 11, 6 ], "texture": "#texture" },
        "west":  { "uv": [ 10.5, 5.5, 11, 6 ], "texture": "#texture" },
        "east":  { "uv": [ 11, 5.5, 10.5, 6 ], "texture": "#texture" }
    }
},
{
    "from": [ 0, 12, 3 ],
    "to": [ 16, 14, 4 ],
    "faces": {
        "north": { "uv": [ 10.5, 5.5, 11, 6 ], "texture": "#texture" },
        "south": { "uv": [ 10.5, 6, 11, 5.5 ], "texture": "#texture" },
        "west":  { "uv": [ 10.5, 5.5, 11, 6 ], "texture": "#texture", "cullface": "west" },
        "east":  { "uv": [ 11, 5.5, 10.5, 6 ], "texture": "#texture", "cullface": "east" }
    }
},
{
    "from": [ 2, 13, 0 ],
    "to": [ 14, 14, 1 ],
    "faces": {
        "up":    { "uv": [ 10.5, 4.5, 11, 5 ], "texture": "#texture" },
        "north": { "uv": [ 10.5, 4.5, 11, 5 ], "texture": "#texture", "cullface": "north" },
        "west":  { "uv": [ 10.5, 4.5, 11, 5 ], "texture": "#texture" },
        "east":  { "uv": [ 11, 4.5, 10.5, 5 ], "texture": "#texture" }
    }
},
{
    "from": [ 3, 14, 0 ],
    "to": [ 13, 15, 1 ],
    "faces": {
        "up":    { "uv": [ 10.5, 4.5, 11, 5 ], "texture": "#texture" },
        "north": { "uv": [ 10.5, 4.5, 11, 5 ], "texture": "#texture", "cullface": "north" },
        "west":  { "uv": [ 10.5, 4.5, 11, 5 ], "texture": "#texture" },
        "east":  { "uv": [ 11, 4.5, 10.5, 5 ], "texture": "#texture" }
    }
},
{
    "from": [ 5, 15, 0 ],
    "to": [ 11, 16, 1 ],
    "faces": {
        "up":    { "uv": [ 10.5, 4.5, 11, 5 ], "texture": "#texture", "cullface": "up" },
        "north": { "uv": [ 10.5, 4.5, 11, 5 ], "texture": "#texture", "cullface": "north" },
        "west":  { "uv": [ 10.5, 4.5, 11, 5 ], "texture": "#texture" },
        "east":  { "uv": [ 11, 4.5, 10.5, 5 ], "texture": "#texture" }
    }
},
{
    "from": [ 7, 15, -1 ],
    "to": [ 9, 16, 0 ],
    "faces": {
        "up":    { "uv": [ 10.5, 4.5, 11, 5 ], "texture": "#texture", "cullface": "north" },
        "north": { "uv": [ 10.5, 4.5, 11, 5 ], "texture": "#texture", "cullface": "north" },
        "west":  { "uv": [ 10.5, 4.5, 11, 5 ], "texture": "#texture", "cullface": "north" },
        "east":  { "uv": [ 11, 4.5, 10.5, 5 ], "texture": "#texture", "cullface": "north" }
    }
},
{
    "from": [ 7, 16, 0 ],
    "to": [ 9, 17, 1 ],
    "faces": {
        "up":    { "uv": [ 10.5, 4.5, 11, 5 ], "texture": "#texture", "cullface": "up" },
        "north": { "uv": [ 10.5, 4.5, 11, 5 ], "texture": "#texture", "cullface": "up" },
        "west":  { "uv": [ 10.5, 4.5, 11, 5 ], "texture": "#texture", "cullface": "up" },
        "east":  { "uv": [ 11, 4.5, 10.5, 5 ], "texture": "#texture", "cullface": "up" }
    }
},
{
    "from": [ 1, 13, 1 ],
    "to": [ 15, 15, 2 ],
    "faces": {
        "up":    { "uv": [ 10.5, 4.5, 11, 5 ], "texture": "#texture" },
        "north": { "uv": [ 10.5, 4.5, 11, 5 ], "texture": "#texture" },
        "south": { "uv": [ 10.5, 5, 11, 4.5 ], "texture": "#texture" },
        "west":  { "uv": [ 10.5, 4.5, 11, 5 ], "texture": "#texture" },
        "east":  { "uv": [ 11, 4.5, 10.5, 5 ], "texture": "#texture" }
    }
},
{
    "from": [ 2, 15, 1 ],
    "to": [ 14, 16, 2 ],
    "faces": {
        "up":    { "uv": [ 10.5, 4.5, 11, 5 ], "texture": "#texture", "cullface": "up" },
        "north": { "uv": [ 10.5, 4.5, 11, 5 ], "texture": "#texture" },
        "west":  { "uv": [ 10.5, 4.5, 11, 5 ], "texture": "#texture" },
        "east":  { "uv": [ 11, 4.5, 10.5, 5 ], "texture": "#texture" }
    }
},
{
    "from": [ 4, 16, 1 ],
    "to": [ 12, 17, 2 ],
    "faces": {
        "up":    { "uv": [ 10.5, 4.5, 11, 5 ], "texture": "#texture", "cullface": "up" },
        "north": { "uv": [ 10.5, 4.5, 11, 5 ], "texture": "#texture", "cullface": "up" },
        "west":  { "uv": [ 10.5, 4.5, 11, 5 ], "texture": "#texture", "cullface": "up" },
        "east":  { "uv": [ 11, 4.5, 10.5, 5 ], "texture": "#texture", "cullface": "up" }
    }
},
{
    "from": [ 0, 13, 2 ],
    "to": [ 16, 14, 3 ],
    "faces": {
        "up":    { "uv": [ 10.5, 4.5, 11, 5 ], "texture": "#texture" },
        "north": { "uv": [ 10.5, 4.5, 11, 5 ], "texture": "#texture" },
        "west":  { "uv": [ 10.5, 4.5, 11, 5 ], "texture": "#texture", "cullface": "west" },
        "east":  { "uv": [ 11, 4.5, 10.5, 5 ], "texture": "#texture", "cullface": "east" }
    }
},
{
    "from": [ 1, 14, 2 ],
    "to": [ 15, 16, 3 ],
    "faces": {
        "up":    { "uv": [ 10.5, 4.5, 11, 5 ], "texture": "#texture", "cullface": "up" },
        "north": { "uv": [ 10.5, 4.5, 11, 5 ], "texture": "#texture" },
        "south": { "uv": [ 10.5, 5, 11, 4.5 ], "texture": "#texture" },
        "west":  { "uv": [ 10.5, 4.5, 11, 5 ], "texture": "#texture" },
        "east":  { "uv": [ 11, 4.5, 10.5, 5 ], "texture": "#texture" }
    }
},
{
    "from": [ 3, 16, 2 ],
    "to": [ 13, 17, 3 ],
    "faces": {
        "up":    { "uv": [ 10.5, 4.5, 11, 5 ], "texture": "#texture", "cullface": "up" },
        "north": { "uv": [ 10.5, 4.5, 11, 5 ], "texture": "#texture", "cullface": "up" },
        "west":  { "uv": [ 10.5, 4.5, 11, 5 ], "texture": "#texture", "cullface": "up" },
        "east":  { "uv": [ 11, 4.5, 10.5, 5 ], "texture": "#texture", "cullface": "up" }
    }
},
{
    "from": [ 6, 17, 2 ],
    "to": [ 10, 18, 3 ],
    "faces": {
        "up":    { "uv": [ 10.5, 4.5, 11, 5 ], "texture": "#texture", "cullface": "up" },
        "north": { "uv": [ 10.5, 4.5, 11, 5 ], "texture": "#texture", "cullface": "up" },
        "west":  { "uv": [ 10.5, 4.5, 11, 5 ], "texture": "#texture", "cullface": "up" },
        "east":  { "uv": [ 11, 4.5, 10.5, 5 ], "texture": "#texture", "cullface": "up" }
    }
},
{
    "from": [ 4, 17, 3 ],
    "to": [ 12, 18, 4 ],
    "faces": {
        "up":    { "uv": [ 10.5, 4.5, 11, 5 ], "texture": "#texture", "cullface": "up" },
        "north": { "uv": [ 10.5, 4.5, 11, 5 ], "texture": "#texture", "cullface": "up" },
        "west":  { "uv": [ 10.5, 4.5, 11, 5 ], "texture": "#texture", "cullface": "up" },
        "east":  { "uv": [ 11, 4.5, 10.5, 5 ], "texture": "#texture", "cullface": "up" }
    }
},
{
    "from": [ 0, 14, 3 ],
    "to": [ 16, 15, 4 ],
    "faces": {
        "up":    { "uv": [ 10.5, 4.5, 11, 5 ], "texture": "#texture" },
        "north": { "uv": [ 10.5, 4.5, 11, 5 ], "texture": "#texture" },
        "west":  { "uv": [ 10.5, 4.5, 11, 5 ], "texture": "#texture", "cullface": "west" },
        "east":  { "uv": [ 11, 4.5, 10.5, 5 ], "texture": "#texture", "cullface": "east" }
    }
},
{
    "from": [ 2, 16, 3 ],
    "to": [ 14, 17, 4 ],
    "faces": {
        "up":    { "uv": [ 10.5, 4.5, 11, 5 ], "texture": "#texture", "cullface": "up" },
        "north": { "uv": [ 10.5, 4.5, 11, 5 ], "texture": "#texture", "cullface": "up" },
        "west":  { "uv": [ 10.5, 4.5, 11, 5 ], "texture": "#texture", "cullface": "up" },
        "east":  { "uv": [ 11, 4.5, 10.5, 5 ], "texture": "#texture", "cullface": "up" }
    }
},
{
    "from": [ 1, 15, 3 ],
    "to": [ 15, 16, 4 ],
    "faces": {
        "up":    { "uv": [ 10.5, 4.5, 11, 5 ], "texture": "#texture", "cullface": "up" },
        "west":  { "uv": [ 10.5, 4.5, 11, 5 ], "texture": "#texture" },
        "east":  { "uv": [ 11, 4.5, 10.5, 5 ], "texture": "#texture" }
    }
},
{
    "from": [ -1, 8, 4 ],
    "to": [ 17, 13, 10 ],
    "faces": {
        "up":    { "uv": [ 10.5, 5.5, 11, 6 ], "texture": "#texture" },
        "north": { "uv": [ 10.5, 5.5, 11, 6 ], "texture": "#texture" },
        "south": { "uv": [ 10.5, 6, 11, 5.5 ], "texture": "#texture" },
        "west":  { "uv": [ 10.5, 5.5, 11, 6 ], "texture": "#texture" },
        "east":  { "uv": [ 11, 5.5, 10.5, 6 ], "texture": "#texture" }
    }
},
{
    "from": [ -1, 13, 6 ],
    "to": [ 17, 14, 9 ],
    "faces": {
        "up":    { "uv": [ 10.5, 4.5, 11, 5 ], "texture": "#texture" },
        "north": { "uv": [ 10.5, 4.5, 11, 5 ], "texture": "#texture" },
        "south": { "uv": [ 10.5, 5, 11, 4.5 ], "texture": "#texture" },
        "west":  { "uv": [ 10.5, 4.5, 11, 5 ], "texture": "#texture" },
        "east":  { "uv": [ 11, 4.5, 10.5, 5 ], "texture": "#texture" }
    }
},
{
    "from": [ 7, 13, 16 ],
    "to": [ 9, 14, 17 ],
    "faces": {
        "up":    { "uv": [ 10.5, 4.5, 11, 5 ], "texture": "#texture", "cullface": "south" },
        "south": { "uv": [ 10.5, 5, 11, 4.5 ], "texture": "#texture", "cullface": "south" },
        "west":  { "uv": [ 10.5, 4.5, 11, 5 ], "texture": "#texture", "cullface": "south" },
        "east":  { "uv": [ 11, 4.5, 10.5, 5 ], "texture": "#texture", "cullface": "south" }
    }
},
{
    "from": [ 4, 13, 15 ],
    "to": [ 12, 14, 16 ],
    "faces": {
        "down":  { "uv": [ 10.5, 5, 11, 4.5 ], "texture": "#texture" },
        "up":    { "uv": [ 10.5, 4.5, 11, 5 ], "texture": "#texture" },
        "south": { "uv": [ 10.5, 5, 11, 4.5 ], "texture": "#texture", "cullface": "south" },
        "west":  { "uv": [ 10.5, 4.5, 11, 5 ], "texture": "#texture" },
        "east":  { "uv": [ 11, 4.5, 10.5, 5 ], "texture": "#texture" }
    }
},
{
    "from": [ 2, 13, 14 ],
    "to": [ 14, 14, 15 ],
    "faces": {
        "down":  { "uv": [ 10.5, 5, 11, 4.5 ], "texture": "#texture" },
        "up":    { "uv": [ 10.5, 4.5, 11, 5 ], "texture": "#texture" },
        "south": { "uv": [ 10.5, 5, 11, 4.5 ], "texture": "#texture" },
        "west":  { "uv": [ 10.5, 4.5, 11, 5 ], "texture": "#texture" },
        "east":  { "uv": [ 11, 4.5, 10.5, 5 ], "texture": "#texture" }
    }
},
{
    "from": [ 1, 13, 13 ],
    "to": [ 15, 15, 14 ],
    "faces": {
        "up":    { "uv": [ 13, 3, 13.5, 3.5 ], "texture": "#texture" },
        "north": { "uv": [ 13, 3, 13.5, 4 ], "texture": "#texture" },
        "south": { "uv": [ 13, 3, 13.5, 4 ], "texture": "#texture" },
        "west":  { "uv": [ 13, 3, 13.5, 4 ], "texture": "#texture" },
        "east":  { "uv": [ 13, 3, 13.5, 4 ], "texture": "#texture" }
    }
},
{
    "from": [ 0, 13, 12 ],
    "to": [ 16, 14, 13 ],
    "faces": {
        "up":    { "uv": [ 10.5, 5.5, 11, 6 ], "texture": "#texture" },
        "south": { "uv": [ 10.5, 6, 11, 5.5 ], "texture": "#texture" },
        "west":  { "uv": [ 10.5, 5.5, 11, 6 ], "texture": "#texture", "cullface": "west" },
        "east":  { "uv": [ 11, 5.5, 10.5, 6 ], "texture": "#texture", "cullface": "east" }
    }
},
{
    "from": [ 0, 12, 11 ],
    "to": [ 16, 14, 12 ],
    "faces": {
        "north": { "uv": [ 10.5, 5.5, 11, 6 ], "texture": "#texture" },
        "south": { "uv": [ 10.5, 6, 11, 5.5 ], "texture": "#texture" },
        "west":  { "uv": [ 10.5, 5.5, 11, 6 ], "texture": "#texture", "cullface": "west" },
        "east":  { "uv": [ 11, 5.5, 10.5, 6 ], "texture": "#texture", "cullface": "east" }
    }
},
{
    "from": [ 0, 14, 11 ],
    "to": [ 16, 15, 12 ],
    "faces": {
        "up":    { "uv": [ 10.5, 4.5, 11, 5 ], "texture": "#texture" },
        "south": { "uv": [ 10.5, 5, 11, 4.5 ], "texture": "#texture" },
        "west":  { "uv": [ 10.5, 4.5, 11, 5 ], "texture": "#texture", "cullface": "west" },
        "east":  { "uv": [ 11, 4.5, 10.5, 5 ], "texture": "#texture", "cullface": "east" }
    }
},
{
    "from": [ 1, 15, 11 ],
    "to": [ 15, 16, 12 ],
    "faces": {
        "up":    { "uv": [ 10.5, 4.5, 11, 5 ], "texture": "#texture", "cullface": "up" },
        "west":  { "uv": [ 10.5, 4.5, 11, 5 ], "texture": "#texture" },
        "east":  { "uv": [ 11, 4.5, 10.5, 5 ], "texture": "#texture" }
    }
},
{
    "from": [ 2, 16, 11 ],
    "to": [ 14, 17, 12 ],
    "faces": {
        "up":    { "uv": [ 10.5, 4.5, 11, 5 ], "texture": "#texture", "cullface": "up" },
        "south": { "uv": [ 10.5, 5, 11, 4.5 ], "texture": "#texture", "cullface": "up" },
        "west":  { "uv": [ 10.5, 4.5, 11, 5 ], "texture": "#texture", "cullface": "up" },
        "east":  { "uv": [ 11, 4.5, 10.5, 5 ], "texture": "#texture", "cullface": "up" }
    }
},
{
    "from": [ 4, 17, 11 ],
    "to": [ 12, 18, 12 ],
    "faces": {
        "up":    { "uv": [ 10.5, 4.5, 11, 5 ], "texture": "#texture", "cullface": "up" },
        "south": { "uv": [ 10.5, 5, 11, 4.5 ], "texture": "#texture", "cullface": "up" },
        "west":  { "uv": [ 10.5, 4.5, 11, 5 ], "texture": "#texture", "cullface": "up" },
        "east":  { "uv": [ 11, 4.5, 10.5, 5 ], "texture": "#texture", "cullface": "up" }
    }
},
{
    "from": [ 1, 14, 12 ],
    "to": [ 15, 16, 13 ],
    "faces": {
        "up":    { "uv": [ 10.5, 4.5, 11, 5 ], "texture": "#texture", "cullface": "up" },
        "north": { "uv": [ 10.5, 4.5, 11, 5 ], "texture": "#texture" },
        "south": { "uv": [ 10.5, 5, 11, 4.5 ], "texture": "#texture" },
        "west":  { "uv": [ 10.5, 4.5, 11, 5 ], "texture": "#texture" },
        "east":  { "uv": [ 11, 4.5, 10.5, 5 ], "texture": "#texture" }
    }
},
{
    "from": [ 3, 16, 12 ],
    "to": [ 13, 17, 13 ],
    "faces": {
        "up":    { "uv": [ 10.5, 4.5, 11, 5 ], "texture": "#texture", "cullface": "up" },
        "south": { "uv": [ 10.5, 5, 11, 4.5 ], "texture": "#texture", "cullface": "up" },
        "west":  { "uv": [ 10.5, 4.5, 11, 5 ], "texture": "#texture", "cullface": "up" },
        "east":  { "uv": [ 11, 4.5, 10.5, 5 ], "texture": "#texture", "cullface": "up" }
    }
},
{
    "from": [ 6, 17, 12 ],
    "to": [ 10, 18, 13 ],
    "faces": {
        "up":    { "uv": [ 10.5, 4.5, 11, 5 ], "texture": "#texture", "cullface": "up" },
        "south": { "uv": [ 10.5, 5, 11, 4.5 ], "texture": "#texture", "cullface": "up" },
        "west":  { "uv": [ 10.5, 4.5, 11, 5 ], "texture": "#texture", "cullface": "up" },
        "east":  { "uv": [ 11, 4.5, 10.5, 5 ], "texture": "#texture", "cullface": "up" }
    }
},
{
    "from": [ 4, 16, 13 ],
    "to": [ 12, 17, 14 ],
    "faces": {
        "up":    { "uv": [ 10.5, 4.5, 11, 5 ], "texture": "#texture", "cullface": "up" },
        "south": { "uv": [ 10.5, 5, 11, 4.5 ], "texture": "#texture", "cullface": "up" },
        "west":  { "uv": [ 10.5, 4.5, 11, 5 ], "texture": "#texture", "cullface": "up" },
        "east":  { "uv": [ 11, 4.5, 10.5, 5 ], "texture": "#texture", "cullface": "up" }
    }
},
{
    "from": [ 2, 15, 13 ],
    "to": [ 14, 16, 14 ],
    "faces": {
        "up":    { "uv": [ 10.5, 4.5, 11, 5 ], "texture": "#texture", "cullface": "up" },
        "south": { "uv": [ 10.5, 5, 11, 4.5 ], "texture": "#texture" },
        "west":  { "uv": [ 10.5, 4.5, 11, 5 ], "texture": "#texture" },
        "east":  { "uv": [ 11, 4.5, 10.5, 5 ], "texture": "#texture" }
    }
},
{
    "from": [ 7, 16, 14 ],
    "to": [ 9, 17, 15 ],
    "faces": {
        "up":    { "uv": [ 10.5, 4.5, 11, 5 ], "texture": "#texture", "cullface": "up" },
        "south": { "uv": [ 10.5, 5, 11, 4.5 ], "texture": "#texture", "cullface": "up" },
        "west":  { "uv": [ 10.5, 4.5, 11, 5 ], "texture": "#texture", "cullface": "up" },
        "east":  { "uv": [ 11, 4.5, 10.5, 5 ], "texture": "#texture", "cullface": "up" }
    }
},
{
    "from": [ 5, 15, 14 ],
    "to": [ 11, 16, 15 ],
    "faces": {
        "up":    { "uv": [ 10.5, 4.5, 11, 5 ], "texture": "#texture", "cullface": "up" },
        "south": { "uv": [ 10.5, 5, 11, 4.5 ], "texture": "#texture" },
        "west":  { "uv": [ 10.5, 4.5, 11, 5 ], "texture": "#texture" },
        "east":  { "uv": [ 11, 4.5, 10.5, 5 ], "texture": "#texture" }
    }
},
{
    "from": [ 3, 14, 14 ],
    "to": [ 13, 15, 15 ],
    "faces": {
        "up":    { "uv": [ 10.5, 5.5, 11, 6 ], "texture": "#texture" },
        "south": { "uv": [ 10.5, 6, 11, 5.5 ], "texture": "#texture" },
        "west":  { "uv": [ 10.5, 5.5, 11, 6 ], "texture": "#texture" },
        "east":  { "uv": [ 11, 5.5, 10.5, 6 ], "texture": "#texture" }
    }
},
{
    "from": [ 7, 15, 15 ],
    "to": [ 9, 16, 16 ],
    "faces": {
        "up":    { "uv": [ 10.5, 4.5, 11, 5 ], "texture": "#texture", "cullface": "up" },
        "south": { "uv": [ 10.5, 5, 11, 4.5 ], "texture": "#texture", "cullface": "south" },
        "west":  { "uv": [ 10.5, 4.5, 11, 5 ], "texture": "#texture" },
        "east":  { "uv": [ 11, 4.5, 10.5, 5 ], "texture": "#texture" }
    }
},
{
    "from": [ 5, 14, 15 ],
    "to": [ 11, 15, 16 ],
    "faces": {
        "up":    { "uv": [ 10.5, 5.5, 11, 6 ], "texture": "#texture" },
        "south": { "uv": [ 10.5, 6, 11, 5.5 ], "texture": "#texture", "cullface": "south" },
        "west":  { "uv": [ 10.5, 5.5, 11, 6 ], "texture": "#texture" },
        "east":  { "uv": [ 11, 5.5, 10.5, 6 ], "texture": "#texture" }
    }
},
{
    "from": [ 0, 12, 10 ],
    "to": [ 16, 13, 11 ],
    "faces": {
        "west":  { "uv": [ 10.5, 5.5, 11, 6 ], "texture": "#texture", "cullface": "west" },
        "east":  { "uv": [ 11, 5.5, 10.5, 6 ], "texture": "#texture", "cullface": "east" }
    }
},
{
    "from": [ -1, 8, 10 ],
    "to": [ 17, 11, 11 ],
    "faces": {
        "up":    { "uv": [ 10.5, 5.5, 11, 6 ], "texture": "#texture" },
        "south": { "uv": [ 10.5, 6, 11, 5.5 ], "texture": "#texture" },
        "west":  { "uv": [ 10.5, 5.5, 11, 6 ], "texture": "#texture" },
        "east":  { "uv": [ 11, 5.5, 10.5, 6 ], "texture": "#texture" }
    }
},
{
    "from": [ 0, 12, 12 ],
    "to": [ 16, 13, 14 ],
    "faces": {
        "down":  { "uv": [ 10.5, 5, 11, 4.5 ], "texture": "#texture" },
        "up":    { "uv": [ 10.5, 4.5, 11, 5 ], "texture": "#texture" },
        "south": { "uv": [ 10.5, 5, 11, 4.5 ], "texture": "#texture" },
        "west":  { "uv": [ 10.5, 4.5, 11, 5 ], "texture": "#texture", "cullface": "west" },
        "east":  { "uv": [ 11, 4.5, 10.5, 5 ], "texture": "#texture", "cullface": "east" }
    }
},
{
    "from": [ 0, 11, 10 ],
    "to": [ 16, 12, 13 ],
    "faces": {
        "down":  { "uv": [ 10.5, 5, 11, 4.5 ], "texture": "#texture" },
        "up":    { "uv": [ 10.5, 4.5, 11, 5 ], "texture": "#texture" },
        "south": { "uv": [ 10.5, 5, 11, 4.5 ], "texture": "#texture" },
        "west":  { "uv": [ 10.5, 4.5, 11, 5 ], "texture": "#texture", "cullface": "west" },
        "east":  { "uv": [ 11, 4.5, 10.5, 5 ], "texture": "#texture", "cullface": "east" }
    }
},
{
    "from": [ -1, 10, 11 ],
    "to": [ 17, 11, 12 ],
    "faces": {
        "down":  { "uv": [ 10.5, 6, 11, 5.5 ], "texture": "#texture" },
        "up":    { "uv": [ 10.5, 5.5, 11, 6 ], "texture": "#texture" },
        "south": { "uv": [ 10.5, 6, 11, 5.5 ], "texture": "#texture" },
        "west":  { "uv": [ 10.5, 5.5, 11, 6 ], "texture": "#texture" },
        "east":  { "uv": [ 11, 5.5, 10.5, 6 ], "texture": "#texture" }
    }
},
{
    "from": [ 0, 13, 4 ],
    "to": [ 16, 15, 5 ],
    "faces": {
        "up":    { "uv": [ 10.5, 5.5, 11, 6 ], "texture": "#texture" },
        "north": { "uv": [ 10.5, 5.5, 11, 6 ], "texture": "#texture" },
        "west":  { "uv": [ 10.5, 5.5, 11, 6 ], "texture": "#texture", "cullface": "west" },
        "east":  { "uv": [ 11, 5.5, 10.5, 6 ], "texture": "#texture", "cullface": "east" }
    }
},
{
    "from": [ 1, 15, 5 ],
    "to": [ 15, 17, 6 ],
    "faces": {
        "up":    { "uv": [ 10.5, 5.5, 11, 6 ], "texture": "#texture", "cullface": "up" },
        "north": { "uv": [ 10.5, 5.5, 11, 6 ], "texture": "#texture", "cullface": "up" },
        "south": { "uv": [ 10.5, 6, 11, 5.5 ], "texture": "#texture", "cullface": "up" },
        "west":  { "uv": [ 10.5, 5.5, 11, 6 ], "texture": "#texture", "cullface": "up" },
        "east":  { "uv": [ 11, 5.5, 10.5, 6 ], "texture": "#texture", "cullface": "up" }
    }
},
{
    "from": [ 0, 13, 5 ],
    "to": [ 16, 15, 11 ],
    "faces": {
        "down":  { "uv": [ 10.5, 5, 11, 4.5 ], "texture": "#texture" },
        "up":    { "uv": [ 10.5, 4.5, 11, 5 ], "texture": "#texture" },
        "south": { "uv": [ 10.5, 5, 11, 4.5 ], "texture": "#texture" },
        "west":  { "uv": [ 10.5, 4.5, 11, 5 ], "texture": "#texture", "cullface": "west" },
        "east":  { "uv": [ 11, 4.5, 10.5, 5 ], "texture": "#texture", "cullface": "east" }
    }
},
{
    "from": [ 0, 15, 6 ],
    "to": [ 16, 16, 10 ],
    "faces": {
        "up":    { "uv": [ 10.5, 4.5, 11, 5 ], "texture": "#texture", "cullface": "up" },
        "north": { "uv": [ 10.5, 4.5, 11, 5 ], "texture": "#texture" },
        "south": { "uv": [ 10.5, 5, 11, 4.5 ], "texture": "#texture" },
        "west":  { "uv": [ 10.5, 4.5, 11, 5 ], "texture": "#texture", "cullface": "west" },
        "east":  { "uv": [ 11, 4.5, 10.5, 5 ], "texture": "#texture", "cullface": "east" }
    }
},
{
    "from": [ 1, 15, 4 ],
    "to": [ 15, 16, 5 ],
    "faces": {
        "west":  { "uv": [ 10.5, 4.5, 11, 5 ], "texture": "#texture" },
        "east":  { "uv": [ 11, 4.5, 10.5, 5 ], "texture": "#texture" }
    }
},
{
    "from": [ 1, 15, 10 ],
    "to": [ 15, 16, 11 ],
    "faces": {
        "west":  { "uv": [ 10.5, 4.5, 11, 5 ], "texture": "#texture" },
        "east":  { "uv": [ 11, 4.5, 10.5, 5 ], "texture": "#texture" }
    }
},
{
    "from": [ 1, 16, 4 ],
    "to": [ 15, 17, 5 ],
    "faces": {
        "up":    { "uv": [ 10.5, 4.5, 11, 5 ], "texture": "#texture", "cullface": "up" },
        "north": { "uv": [ 10.5, 4.5, 11, 5 ], "texture": "#texture", "cullface": "up" },
        "west":  { "uv": [ 10.5, 4.5, 11, 5 ], "texture": "#texture", "cullface": "up" },
        "east":  { "uv": [ 11, 4.5, 10.5, 5 ], "texture": "#texture", "cullface": "up" }
    }
},
{
    "from": [ 1, 16, 6 ],
    "to": [ 15, 17, 11 ],
    "faces": {
        "down":  { "uv": [ 10.5, 5, 11, 4.5 ], "texture": "#texture", "cullface": "up" },
        "up":    { "uv": [ 10.5, 4.5, 11, 5 ], "texture": "#texture", "cullface": "up" },
        "south": { "uv": [ 10.5, 5, 11, 4.5 ], "texture": "#texture", "cullface": "up" },
        "west":  { "uv": [ 10.5, 4.5, 11, 5 ], "texture": "#texture", "cullface": "up" },
        "east":  { "uv": [ 11, 4.5, 10.5, 5 ], "texture": "#texture", "cullface": "up" }
    }
},
{
    "from": [ 3, 17, 4 ],
    "to": [ 13, 18, 11 ],
    "faces": {
        "down":  { "uv": [ 10.5, 5, 11, 4.5 ], "texture": "#texture", "cullface": "up" },
        "up":    { "uv": [ 10.5, 4.5, 11, 5 ], "texture": "#texture", "cullface": "up" },
        "north": { "uv": [ 10.5, 4.5, 11, 5 ], "texture": "#texture", "cullface": "up" },
        "south": { "uv": [ 10.5, 5, 11, 4.5 ], "texture": "#texture", "cullface": "up" },
        "west":  { "uv": [ 10.5, 4.5, 11, 5 ], "texture": "#texture", "cullface": "up" },
        "east":  { "uv": [ 11, 4.5, 10.5, 5 ], "texture": "#texture", "cullface": "up" }
    }
},
{
    "from": [ 2, 17, 5 ],
    "to": [ 14, 18, 9 ],
    "faces": {
        "down":  { "uv": [ 10.5, 5, 11, 4.5 ], "texture": "#texture", "cullface": "up" },
        "up":    { "uv": [ 10.5, 4.5, 11, 5 ], "texture": "#texture", "cullface": "up" },
        "north": { "uv": [ 10.5, 4.5, 11, 5 ], "texture": "#texture", "cullface": "up" },
        "south": { "uv": [ 10.5, 5, 11, 4.5 ], "texture": "#texture", "cullface": "up" },
        "west":  { "uv": [ 10.5, 4.5, 11, 5 ], "texture": "#texture", "cullface": "up" },
        "east":  { "uv": [ 11, 4.5, 10.5, 5 ], "texture": "#texture", "cullface": "up" }
    }
},
{
    "from": [ 6, 18, 4 ],
    "to": [ 10, 19, 5 ],
    "faces": {
        "up":    { "uv": [ 10.5, 5.5, 11, 6 ], "texture": "#texture", "cullface": "up" },
        "north": { "uv": [ 10.5, 5.5, 11, 6 ], "texture": "#texture", "cullface": "up" },
        "west":  { "uv": [ 10.5, 5.5, 11, 6 ], "texture": "#texture", "cullface": "up" },
        "east":  { "uv": [ 11, 5.5, 10.5, 6 ], "texture": "#texture", "cullface": "up" }
    }
},
{
    "from": [ 7, 19, 4 ],
    "to": [ 9, 20, 5 ],
    "faces": {
        "up":    { "uv": [ 10.5, 5.5, 11, 6 ], "texture": "#texture", "cullface": "up" },
        "north": { "uv": [ 10.5, 5.5, 11, 6 ], "texture": "#texture", "cullface": "up" },
        "west":  { "uv": [ 10.5, 5.5, 11, 6 ], "texture": "#texture", "cullface": "up" },
        "east":  { "uv": [ 11, 5.5, 10.5, 6 ], "texture": "#texture", "cullface": "up" }
    }
},
{
    "from": [ 6, 18, 5 ],
    "to": [ 10, 20, 6 ],
    "faces": {
        "up":    { "uv": [ 10.5, 5.5, 11, 6 ], "texture": "#texture", "cullface": "up" },
        "north": { "uv": [ 10.5, 5.5, 11, 6 ], "texture": "#texture", "cullface": "up" },
        "south": { "uv": [ 10.5, 6, 11, 5.5 ], "texture": "#texture", "cullface": "up" },
        "west":  { "uv": [ 10.5, 5.5, 11, 6 ], "texture": "#texture", "cullface": "up" },
        "east":  { "uv": [ 11, 5.5, 10.5, 6 ], "texture": "#texture", "cullface": "up" }
    }
},
{
    "from": [ 6, 19, 6 ],
    "to": [ 10, 21, 7 ],
    "faces": {
        "up":    { "uv": [ 10.5, 5.5, 11, 6 ], "texture": "#texture", "cullface": "up" },
        "north": { "uv": [ 10.5, 5.5, 11, 6 ], "texture": "#texture", "cullface": "up" },
        "south": { "uv": [ 10.5, 6, 11, 5.5 ], "texture": "#texture", "cullface": "up" },
        "west":  { "uv": [ 10.5, 5.5, 11, 6 ], "texture": "#texture", "cullface": "up" },
        "east":  { "uv": [ 11, 5.5, 10.5, 6 ], "texture": "#texture", "cullface": "up" }
    }
},
{
    "from": [ 7, 20, 5 ],
    "to": [ 9, 21, 6 ],
    "faces": {
        "up":    { "uv": [ 10.5, 5.5, 11, 6 ], "texture": "#texture", "cullface": "up" },
        "north": { "uv": [ 10.5, 5.5, 11, 6 ], "texture": "#texture", "cullface": "up" },
        "west":  { "uv": [ 10.5, 5.5, 11, 6 ], "texture": "#texture", "cullface": "up" },
        "east":  { "uv": [ 11, 5.5, 10.5, 6 ], "texture": "#texture", "cullface": "up" }
    }
},
{
    "from": [ 7, 21, 6 ],
    "to": [ 9, 22, 8 ],
    "faces": {
        "down":  { "uv": [ 10.5, 6, 11, 5.5 ], "texture": "#texture", "cullface": "up" },
        "up":    { "uv": [ 10.5, 5.5, 11, 6 ], "texture": "#texture", "cullface": "up" },
        "north": { "uv": [ 10.5, 5.5, 11, 6 ], "texture": "#texture", "cullface": "up" },
        "west":  { "uv": [ 10.5, 5.5, 11, 6 ], "texture": "#texture", "cullface": "up" },
        "east":  { "uv": [ 11, 5.5, 10.5, 6 ], "texture": "#texture", "cullface": "up" }
    }
},
{
    "from": [ 5, 18, 6 ],
    "to": [ 11, 19, 7 ],
    "faces": {
        "up":    { "uv": [ 10.5, 5.5, 11, 6 ], "texture": "#texture", "cullface": "up" },
        "north": { "uv": [ 10.5, 5.5, 11, 6 ], "texture": "#texture", "cullface": "up" },
        "west":  { "uv": [ 10.5, 5.5, 11, 6 ], "texture": "#texture", "cullface": "up" },
        "east":  { "uv": [ 11, 5.5, 10.5, 6 ], "texture": "#texture", "cullface": "up" }
    }
},
{
    "from": [ 5, 18, 7 ],
    "to": [ 11, 20, 10 ],
    "faces": {
        "up":    { "uv": [ 10.5, 5.5, 11, 6 ], "texture": "#texture", "cullface": "up" },
        "north": { "uv": [ 10.5, 5.5, 11, 6 ], "texture": "#texture", "cullface": "up" },
        "west":  { "uv": [ 10.5, 5.5, 11, 6 ], "texture": "#texture", "cullface": "up" },
        "east":  { "uv": [ 11, 5.5, 10.5, 6 ], "texture": "#texture", "cullface": "up" }
    }
},
{
    "from": [ 6, 20, 8 ],
    "to": [ 10, 22, 11 ],
    "faces": {
        "down":  { "uv": [ 10.5, 6, 11, 5.5 ], "texture": "#texture", "cullface": "up" },
        "up":    { "uv": [ 10.5, 5.5, 11, 6 ], "texture": "#texture", "cullface": "up" },
        "north": { "uv": [ 10.5, 5.5, 11, 6 ], "texture": "#texture", "cullface": "up" },
        "south": { "uv": [ 10.5, 6, 11, 5.5 ], "texture": "#texture", "cullface": "up" },
        "west":  { "uv": [ 10.5, 5.5, 11, 6 ], "texture": "#texture", "cullface": "up" },
        "east":  { "uv": [ 11, 5.5, 10.5, 6 ], "texture": "#texture", "cullface": "up" }
    }
},
{
    "from": [ 7, 22, 7 ],
    "to": [ 9, 23, 10 ],
    "faces": {
        "down":  { "uv": [ 10.5, 6, 11, 5.5 ], "texture": "#texture", "cullface": "up" },
        "up":    { "uv": [ 10.5, 5.5, 11, 6 ], "texture": "#texture", "cullface": "up" },
        "north": { "uv": [ 10.5, 5.5, 11, 6 ], "texture": "#texture", "cullface": "up" },
        "west":  { "uv": [ 10.5, 5.5, 11, 6 ], "texture": "#texture", "cullface": "up" },
        "east":  { "uv": [ 11, 5.5, 10.5, 6 ], "texture": "#texture", "cullface": "up" }
    }
},
{
    "from": [ 7, 23, 9 ],
    "to": [ 9, 24, 11 ],
    "faces": {
        "down":  { "uv": [ 10.5, 5, 11, 4.5 ], "texture": "#texture", "cullface": "up" },
        "up":    { "uv": [ 10.5, 4.5, 11, 5 ], "texture": "#texture", "cullface": "up" },
        "north": { "uv": [ 10.5, 4.5, 11, 5 ], "texture": "#texture", "cullface": "up" },
        "south": { "uv": [ 10.5, 5, 11, 4.5 ], "texture": "#texture", "cullface": "up" },
        "west":  { "uv": [ 10.5, 4.5, 11, 5 ], "texture": "#texture", "cullface": "up" },
        "east":  { "uv": [ 11, 4.5, 10.5, 5 ], "texture": "#texture", "cullface": "up" }
    }
},
{
    "from": [ 7, 22, 10 ],
    "to": [ 9, 23, 11 ],
    "faces": {
        "south": { "uv": [ 10.5, 5, 11, 4.5 ], "texture": "#texture", "cullface": "up" },
        "west":  { "uv": [ 10.5, 4.5, 11, 5 ], "texture": "#texture", "cullface": "up" },
        "east":  { "uv": [ 11, 4.5, 10.5, 5 ], "texture": "#texture", "cullface": "up" }
    }
},
{
    "from": [ 6, 20, 7 ],
    "to": [ 10, 21, 8 ],
    "faces": {
        "up":    { "uv": [ 10.5, 5.5, 11, 6 ], "texture": "#texture", "cullface": "up" },
        "west":  { "uv": [ 10.5, 5.5, 11, 6 ], "texture": "#texture", "cullface": "up" },
        "east":  { "uv": [ 11, 5.5, 10.5, 6 ], "texture": "#texture", "cullface": "up" }
    }
},
{
    "from": [ 5, 18, 10 ],
    "to": [ 11, 20, 11 ],
    "faces": {
        "up":    { "uv": [ 10.5, 4.5, 11, 5 ], "texture": "#texture", "cullface": "up" },
        "south": { "uv": [ 10.5, 5, 11, 4.5 ], "texture": "#texture", "cullface": "up" },
        "west":  { "uv": [ 10.5, 4.5, 11, 5 ], "texture": "#texture", "cullface": "up" },
        "east":  { "uv": [ 11, 4.5, 10.5, 5 ], "texture": "#texture", "cullface": "up" }
    }
},
{
    "from": [ 6, 18, 11 ],
    "to": [ 7, 20, 13 ],
    "faces": {
        "down":  { "uv": [ 10.5, 5, 11, 4.5 ], "texture": "#texture", "cullface": "up" },
        "up":    { "uv": [ 10.5, 4.5, 11, 5 ], "texture": "#texture", "cullface": "up" },
        "south": { "uv": [ 10.5, 5, 11, 4.5 ], "texture": "#texture", "cullface": "up" },
        "west":  { "uv": [ 10.5, 4.5, 11, 5 ], "texture": "#texture", "cullface": "up" },
        "east":  { "uv": [ 11, 4.5, 10.5, 5 ], "texture": "#texture", "cullface": "up" }
    }
},
{
    "from": [ 7, 20, 11 ],
    "to": [ 9, 22, 12 ],
    "faces": {
        "up":    { "uv": [ 10.5, 4.5, 11, 5 ], "texture": "#texture", "cullface": "up" },
        "south": { "uv": [ 10.5, 5, 11, 4.5 ], "texture": "#texture", "cullface": "up" },
        "west":  { "uv": [ 10.5, 4.5, 11, 5 ], "texture": "#texture", "cullface": "up" },
        "east":  { "uv": [ 11, 4.5, 10.5, 5 ], "texture": "#texture", "cullface": "up" }
    }
},
{
    "from": [ 9, 18, 11 ],
    "to": [ 10, 20, 13 ],
    "faces": {
        "down":  { "uv": [ 10.5, 5, 11, 4.5 ], "texture": "#texture", "cullface": "up" },
        "up":    { "uv": [ 10.5, 4.5, 11, 5 ], "texture": "#texture", "cullface": "up" },
        "south": { "uv": [ 10.5, 5, 11, 4.5 ], "texture": "#texture", "cullface": "up" },
        "west":  { "uv": [ 10.5, 4.5, 11, 5 ], "texture": "#texture", "cullface": "up" },
        "east":  { "uv": [ 11, 4.5, 10.5, 5 ], "texture": "#texture", "cullface": "up" }
    }
},
{
    "from": [ 7, 20, 12 ],
    "to": [ 9, 21, 13 ],
    "faces": {
        "down":  { "uv": [ 10.5, 5, 11, 4.5 ], "texture": "#texture", "cullface": "up" },
        "up":    { "uv": [ 10.5, 4.5, 11, 5 ], "texture": "#texture", "cullface": "up" },
        "south": { "uv": [ 10.5, 5, 11, 4.5 ], "texture": "#texture", "cullface": "up" },
        "west":  { "uv": [ 10.5, 4.5, 11, 5 ], "texture": "#texture", "cullface": "up" },
        "east":  { "uv": [ 11, 4.5, 10.5, 5 ], "texture": "#texture", "cullface": "up" }
    }
},
{
    "from": [ 6, 20, 11 ],
    "to": [ 7, 21, 12 ],
    "faces": {
        "up":    { "uv": [ 10.5, 4.5, 11, 5 ], "texture": "#texture", "cullface": "up" },
        "south": { "uv": [ 10.5, 5, 11, 4.5 ], "texture": "#texture", "cullface": "up" },
        "west":  { "uv": [ 10.5, 4.5, 11, 5 ], "texture": "#texture", "cullface": "up" }
    }
},
{
    "from": [ 7, 18, 11 ],
    "to": [ 9, 20, 12 ],
    "faces": {
        "south": { "uv": [ 4.5, 2.5, 5.5, 3.5 ], "texture": "#texture", "cullface": "up" }
    }
},
{
    "from": [ 7, 17, 13 ],
    "to": [ 9, 18, 14 ],
    "faces": {
        "up":    { "uv": [ 10.5, 4.5, 11, 5 ], "texture": "#texture", "cullface": "up" },
        "south": { "uv": [ 10.5, 5, 11, 4.5 ], "texture": "#texture", "cullface": "up" },
        "west":  { "uv": [ 10.5, 4.5, 11, 5 ], "texture": "#texture", "cullface": "up" },
        "east":  { "uv": [ 11, 4.5, 10.5, 5 ], "texture": "#texture", "cullface": "up" }
    }
},
{
    "from": [ 7, 12, 16 ],
    "to": [ 9, 13, 17 ],
    "faces": {
        "south": { "uv": [ 5.5, 6, 6, 5.5 ], "texture": "#texture", "cullface": "south" },
        "west":  { "uv": [ 5.5, 5.5, 6, 6 ], "texture": "#texture", "cullface": "south" },
        "east":  { "uv": [ 6, 5.5, 5.5, 6 ], "texture": "#texture", "cullface": "south" }
    }
},
{
    "from": [ 5, 12, 15 ],
    "to": [ 11, 13, 16 ],
    "faces": {
        "south": { "uv": [ 5.5, 6, 6, 5.5 ], "texture": "#texture", "cullface": "south" },
        "west":  { "uv": [ 5.5, 5.5, 6, 6 ], "texture": "#texture" },
        "east":  { "uv": [ 6, 5.5, 5.5, 6 ], "texture": "#texture" }
    }
},
{
    "from": [ 3, 12, 14 ],
    "to": [ 13, 13, 15 ],
    "faces": {
        "south": { "uv": [ 5.5, 6, 6, 5.5 ], "texture": "#texture" },
        "west":  { "uv": [ 5.5, 5.5, 6, 6 ], "texture": "#texture" },
        "east":  { "uv": [ 6, 5.5, 5.5, 6 ], "texture": "#texture" }
    }
},
{
    "from": [ 1, 11, 13 ],
    "to": [ 15, 12, 14 ],
    "faces": {
        "down":  { "uv": [ 5.5, 6, 6, 5.5 ], "texture": "#texture" },
        "south": { "uv": [ 5.5, 6, 6, 5.5 ], "texture": "#texture" },
        "west":  { "uv": [ 5.5, 5.5, 6, 6 ], "texture": "#texture" },
        "east":  { "uv": [ 6, 5.5, 5.5, 6 ], "texture": "#texture" }
    }
},
{
    "from": [ 0, 10, 12 ],
    "to": [ 16, 11, 13 ],
    "faces": {
        "down":  { "uv": [ 5.5, 6, 6, 5.5 ], "texture": "#texture" },
        "south": { "uv": [ 5.5, 6, 6, 5.5 ], "texture": "#texture" },
        "west":  { "uv": [ 5.5, 5.5, 6, 6 ], "texture": "#texture", "cullface": "west" },
        "east":  { "uv": [ 6, 5.5, 5.5, 6 ], "texture": "#texture", "cullface": "east" }
    }
},
{
    "from": [ 0, 7, 11 ],
    "to": [ 16, 10, 12 ],
    "faces": {
        "north": { "uv": [ 5.5, 5.5, 6, 6 ], "texture": "#texture" },
        "south": { "uv": [ 5.5, 6, 6, 5.5 ], "texture": "#texture" },
        "west":  { "uv": [ 5.5, 5.5, 6, 6 ], "texture": "#texture", "cullface": "west" },
        "east":  { "uv": [ 6, 5.5, 5.5, 6 ], "texture": "#texture", "cullface": "east" }
    }
},
{
    "from": [ 0, 6, 12 ],
    "to": [ 16, 7, 13 ],
    "faces": {
        "up":    { "uv": [ 5.5, 5.5, 6, 6 ], "texture": "#texture" },
        "south": { "uv": [ 5.5, 6, 6, 5.5 ], "texture": "#texture" },
        "west":  { "uv": [ 5.5, 5.5, 6, 6 ], "texture": "#texture", "cullface": "west" },
        "east":  { "uv": [ 6, 5.5, 5.5, 6 ], "texture": "#texture", "cullface": "east" }
    }
},
{
    "from": [ 1, 5, 13 ],
    "to": [ 15, 6, 14 ],
    "faces": {
        "up":    { "uv": [ 5.5, 5.5, 6, 6 ], "texture": "#texture" },
        "south": { "uv": [ 5.5, 6, 6, 5.5 ], "texture": "#texture" },
        "west":  { "uv": [ 5.5, 5.5, 6, 6 ], "texture": "#texture" },
        "east":  { "uv": [ 6, 5.5, 5.5, 6 ], "texture": "#texture" }
    }
},
{
    "from": [ 2, 4, 14 ],
    "to": [ 14, 5, 15 ],
    "faces": {
        "up":    { "uv": [ 5.5, 5.5, 6, 6 ], "texture": "#texture" },
        "south": { "uv": [ 5.5, 6, 6, 5.5 ], "texture": "#texture" },
        "west":  { "uv": [ 5.5, 5.5, 6, 6 ], "texture": "#texture" },
        "east":  { "uv": [ 6, 5.5, 5.5, 6 ], "texture": "#texture" }
    }
},
{
    "from": [ 3, 4, 15 ],
    "to": [ 13, 5, 16 ],
    "faces": {
        "south": { "uv": [ 5.5, 6, 6, 5.5 ], "texture": "#texture", "cullface": "south" },
        "west":  { "uv": [ 5.5, 5.5, 6, 6 ], "texture": "#texture" },
        "east":  { "uv": [ 6, 5.5, 5.5, 6 ], "texture": "#texture" }
    }
},
{
    "from": [ 5, 3, 16 ],
    "to": [ 11, 4, 17 ],
    "faces": {
        "south": { "uv": [ 5.5, 6, 6, 5.5 ], "texture": "#texture", "cullface": "south" },
        "west":  { "uv": [ 5.5, 5.5, 6, 6 ], "texture": "#texture", "cullface": "south" },
        "east":  { "uv": [ 6, 5.5, 5.5, 6 ], "texture": "#texture", "cullface": "south" }
    }
},
{
    "from": [ 7, 2, 17 ],
    "to": [ 9, 3, 18 ],
    "faces": {
        "south": { "uv": [ 5.5, 6, 6, 5.5 ], "texture": "#texture", "cullface": "south" },
        "west":  { "uv": [ 5.5, 5.5, 6, 6 ], "texture": "#texture", "cullface": "south" },
        "east":  { "uv": [ 6, 5.5, 5.5, 6 ], "texture": "#texture", "cullface": "south" }
    }
},
{
    "from": [ 7, 3, 17 ],
    "to": [ 9, 11, 18 ],
    "faces": {
        "up":    { "uv": [ 4.5, 6.5, 5.5, 7 ], "texture": "#texture", "cullface": "south" },
        "north": { "uv": [ 4.5, 6.5, 5.5, 10.5 ], "texture": "#texture", "cullface": "south" },
        "south": { "uv": [ 4.5, 6.5, 5.5, 10.5 ], "texture": "#texture", "cullface": "south" },
        "west":  { "uv": [ 4.5, 6.5, 5, 10.5 ], "texture": "#texture", "cullface": "south" },
        "east":  { "uv": [ 5, 6.5, 5.5, 10.5 ], "texture": "#texture", "cullface": "south" }
    }
},
{
    "from": [ 5, 4, 16 ],
    "to": [ 11, 12, 17 ],
    "faces": {
        "up":    { "uv": [ 3.5, 6, 6.5, 6.5 ], "texture": "#texture", "cullface": "south" },
        "north": { "uv": [ 3.5, 6, 6.5, 10 ], "texture": "#texture", "cullface": "south" },
        "south": { "uv": [ 3.5, 6, 6.5, 10 ], "texture": "#texture", "cullface": "south" },
        "west":  { "uv": [ 3.5, 6, 4, 10 ], "texture": "#texture", "cullface": "south" },
        "east":  { "uv": [ 6, 6, 6.5, 10 ], "texture": "#texture", "cullface": "south" }
    }
},
{
    "from": [ 3, 5, 14 ],
    "to": [ 13, 12, 16 ],
    "faces": {
        "down":  { "uv": [ 9, 16, 7, 16 ], "texture": "#texture" },
        "up":    { "uv": [ 2.5, 6, 7.5, 6.5 ], "texture": "#texture" },
        "north": { "uv": [ 2.5, 6, 7.5, 9.5 ], "texture": "#texture" },
        "south": { "uv": [ 2.5, 6, 7.5, 9.5 ], "texture": "#texture", "cullface": "south" },
        "west":  { "uv": [ 2.5, 6, 3, 9.5 ], "texture": "#texture" },
        "east":  { "uv": [ 7, 6, 7.5, 9.5 ], "texture": "#texture" }
    }
},
{
    "from": [ 2, 6, 13 ],
    "to": [ 14, 11, 14 ],
    "faces": {
        "north": { "uv": [ 2, 6.5, 8, 9.5 ], "texture": "#texture" },
        "south": { "uv": [ 2, 6.5, 8, 9.5 ], "texture": "#texture" },
        "west":  { "uv": [ 2, 6.5, 2.5, 9.5 ], "texture": "#texture" },
        "east":  { "uv": [ 7.5, 6.5, 8, 9.5 ], "texture": "#texture" }
    }
},
{
    "from": [ 1, 7, 12 ],
    "to": [ 15, 10, 13 ],
    "faces": {
        "south": { "uv": [ 2, 6.5, 8, 9.5 ], "texture": "#texture" },
        "west":  { "uv": [ 2, 6.5, 2.5, 9.5 ], "texture": "#texture" },
        "east":  { "uv": [ 7.5, 6.5, 8, 9.5 ], "texture": "#texture" }
    }
},
{
    "from": [ 2, 6, 14 ],
    "to": [ 14, 10, 15 ],
    "faces": {
        "down":  { "uv": [ 9, 16, 7, 16 ], "texture": "#texture" },
        "up":    { "uv": [ 2, 6.5, 8, 7 ], "texture": "#texture" },
        "south": { "uv": [ 2, 6.5, 8, 9.5 ], "texture": "#texture" },
        "west":  { "uv": [ 2, 6.5, 2.5, 9.5 ], "texture": "#texture" },
        "east":  { "uv": [ 7.5, 6.5, 8, 9.5 ], "texture": "#texture" }
    }
},
{
    "from": [ 4, 6, 16 ],
    "to": [ 12, 10, 17 ],
    "faces": {
        "down":  { "uv": [ 9, 16, 7, 16 ], "texture": "#texture", "cullface": "south" },
        "up":    { "uv": [ 3, 7, 7, 7.5 ], "texture": "#texture", "cullface": "south" },
        "south": { "uv": [ 3, 7, 7, 9 ], "texture": "#texture", "cullface": "south" },
        "west":  { "uv": [ 3, 7, 3.5, 9 ], "texture": "#texture", "cullface": "south" },
        "east":  { "uv": [ 6.5, 7, 7, 9 ], "texture": "#texture", "cullface": "south" }
    }
},
{
    "from": [ 6, 5, 17 ],
    "to": [ 10, 9, 18 ],
    "faces": {
        "down":  { "uv": [ 9, 16, 7, 16 ], "texture": "#texture", "cullface": "south" },
        "up":    { "uv": [ 4, 7, 6, 7.5 ], "texture": "#texture", "cullface": "south" },
        "south": { "uv": [ 4, 7, 6, 9 ], "texture": "#texture", "cullface": "south" },
        "west":  { "uv": [ 4, 7, 4.5, 9 ], "texture": "#texture", "cullface": "south" },
        "east":  { "uv": [ 5.5, 7, 6, 9 ], "texture": "#texture", "cullface": "south" }
    }
}
],
"display": {
    "thirdperson": {
        "rotation": [ -180, 0, 0 ],
        "translation": [ 0, 3.5, -0.5 ],
        "scale": [ 0.6, 0.6, 0.6 ]
    },
    "head": {
        "rotation": [ 0, 180, 0 ],
        "translation": [ 0, 1.4, -1 ],
        "scale": [ 1.23, 1.23, 1.23 ]
    },
    "gui": {
        "rotation": [ -30, 135, 0 ],
        "translation": [ 0, -1.1, 0 ],
        "scale": [ 0.8, 0.8, 0.8 ]
    }
}
}