{
"__comment": "designed by hypixel minecraft server with bdcraft cubik pro 0.93 beta - http://bdcraft.net",
"textures": {
    "texture": "items/shadowhunterbonnet"
},
"elements": [ 
{
    "from": [ -2, 14, 4 ],
    "to": [ 8, 15, 11 ],
    "faces": {
        "up":    { "uv": [ 2.5, 1.5, 6, 2 ], "rotation": 90, "texture": "#texture", "cullface": "west" },
        "north": { "uv": [ 7, 7, 11, 7.5 ], "texture": "#texture", "cullface": "west" },
        "south": { "uv": [ 6.5, 8.5, 10.5, 9 ], "texture": "#texture", "cullface": "west" },
        "west":  { "uv": [ 3, 2, 6.5, 2.5 ], "texture": "#texture", "cullface": "west" }
    }
},
{
    "from": [ -1, 15, 4 ],
    "to": [ 8, 16, 11 ],
    "faces": {
        "up":    { "uv": [ 4, 1, 4.5, 1.5 ], "texture": "#texture", "cullface": "west" },
        "north": { "uv": [ 4, 1, 4.5, 1.5 ], "texture": "#texture", "cullface": "west" },
        "south": { "uv": [ 4, 1, 4.5, 1.5 ], "texture": "#texture", "cullface": "west" },
        "west":  { "uv": [ 2.5, 1.5, 6, 2 ], "texture": "#texture", "cullface": "west" }
    }
},
{
    "from": [ 0, 16, 5 ],
    "to": [ 8, 17, 10 ],
    "faces": {
        "up":    { "uv": [ 6.5, 7.5, 10.5, 8 ], "texture": "#texture", "cullface": "up" },
        "north": { "uv": [ 10.5, 7.5, 6.5, 8 ], "texture": "#texture", "cullface": "up" },
        "south": { "uv": [ 6.5, 7.5, 10.5, 8 ], "texture": "#texture", "cullface": "up" },
        "west":  { "uv": [ 3, 1, 3.5, 1.5 ], "texture": "#texture", "cullface": "up" }
    }
},
{
    "from": [ 1, 17, 6 ],
    "to": [ 8, 18, 9 ],
    "faces": {
        "up":    { "uv": [ 3.5, 0.5, 7, 1 ], "texture": "#texture", "cullface": "up" },
        "north": { "uv": [ 7, 7, 10.5, 7.5 ], "texture": "#texture", "cullface": "up" },
        "south": { "uv": [ 7, 7, 10.5, 7.5 ], "texture": "#texture", "cullface": "up" },
        "west":  { "uv": [ 4, 0.5, 7, 1 ], "texture": "#texture", "cullface": "up" }
    }
},
{
    "from": [ 2, 17, 9 ],
    "to": [ 8, 18, 11 ],
    "faces": {
        "down":  { "uv": [ 3.5, 0.5, 7, 1 ], "texture": "#texture", "cullface": "up" },
        "up":    { "uv": [ 3.5, 0.5, 7, 1 ], "texture": "#texture", "cullface": "up" },
        "south": { "uv": [ 7.5, 7, 10.5, 7.5 ], "texture": "#texture", "cullface": "up" },
        "west":  { "uv": [ 5, 0.5, 7, 1 ], "texture": "#texture", "cullface": "up" }
    }
},
{
    "from": [ 3, 17, 11 ],
    "to": [ 8, 18, 12 ],
    "faces": {
        "up":    { "uv": [ 6, 0, 6.5, 0.5 ], "texture": "#texture", "cullface": "up" },
        "south": { "uv": [ 8, 7, 10.5, 7.5 ], "texture": "#texture", "cullface": "up" },
        "west":  { "uv": [ 5.5, 0, 6.5, 0.5 ], "texture": "#texture", "cullface": "up" }
    }
},
{
    "from": [ 5, 17, 12 ],
    "to": [ 8, 18, 13 ],
    "faces": {
        "up":    { "uv": [ 10, 7, 10.5, 7.5 ], "texture": "#texture", "cullface": "up" },
        "south": { "uv": [ 9, 7, 10.5, 7.5 ], "texture": "#texture", "cullface": "up" },
        "west":  { "uv": [ 10, 7, 10.5, 7.5 ], "texture": "#texture", "cullface": "up" }
    }
},
{
    "from": [ 1, 16, 10 ],
    "to": [ 8, 17, 12 ],
    "faces": {
        "down":  { "uv": [ 7, 7.5, 10.5, 8 ], "texture": "#texture", "cullface": "up" },
        "up":    { "uv": [ 7, 7.5, 10.5, 8 ], "texture": "#texture", "cullface": "up" },
        "south": { "uv": [ 7, 7.5, 10.5, 8 ], "texture": "#texture", "cullface": "up" },
        "west":  { "uv": [ 6.5, 7.5, 8.5, 8 ], "texture": "#texture", "cullface": "up" }
    }
},
{
    "from": [ 3, 16, 13 ],
    "to": [ 8, 17, 14 ],
    "faces": {
        "up":    { "uv": [ 8, 7.5, 10.5, 8 ], "texture": "#texture", "cullface": "up" },
        "south": { "uv": [ 8, 7.5, 10.5, 8 ], "texture": "#texture", "cullface": "up" },
        "west":  { "uv": [ 7.5, 7.5, 8.5, 8 ], "texture": "#texture", "cullface": "up" }
    }
},
{
    "from": [ 0, 15, 11 ],
    "to": [ 8, 16, 13 ],
    "faces": {
        "up":    { "uv": [ 7, 8, 7.5, 8.5 ], "texture": "#texture", "cullface": "up" },
        "south": { "uv": [ 7, 8, 7.5, 8.5 ], "texture": "#texture" },
        "west":  { "uv": [ 7, 8, 7.5, 8.5 ], "texture": "#texture", "cullface": "west" }
    }
},
{
    "from": [ 1, 15, 13 ],
    "to": [ 8, 16, 14 ],
    "faces": {
        "up":    { "uv": [ 7, 8, 10.5, 8.5 ], "texture": "#texture", "cullface": "up" },
        "south": { "uv": [ 7, 8, 10.5, 8.5 ], "texture": "#texture" },
        "west":  { "uv": [ 7, 8, 8, 8.5 ], "texture": "#texture" }
    }
},
{
    "from": [ 2, 15, 14 ],
    "to": [ 8, 16, 15 ],
    "faces": {
        "up":    { "uv": [ 7.5, 8, 10.5, 8.5 ], "texture": "#texture", "cullface": "up" },
        "south": { "uv": [ 7.5, 8, 10.5, 8.5 ], "texture": "#texture" },
        "west":  { "uv": [ 7.5, 8, 8.5, 8.5 ], "texture": "#texture" }
    }
},
{
    "from": [ 5, 15, 15 ],
    "to": [ 8, 16, 16 ],
    "faces": {
        "up":    { "uv": [ 9, 8, 10.5, 8.5 ], "texture": "#texture", "cullface": "up" },
        "south": { "uv": [ 9, 8, 10.5, 8.5 ], "texture": "#texture", "cullface": "south" },
        "west":  { "uv": [ 9, 8, 9.5, 8.5 ], "texture": "#texture" }
    }
},
{
    "from": [ 6, 16, 14 ],
    "to": [ 10, 17, 15 ],
    "faces": {
        "down":  { "uv": [ 9.5, 7.5, 10.5, 8 ], "texture": "#texture", "cullface": "up" },
        "up":    { "uv": [ 9.5, 7.5, 10.5, 8 ], "texture": "#texture", "cullface": "up" },
        "north": { "uv": [ 9.5, 7.5, 10.5, 8 ], "texture": "#texture", "cullface": "up" },
        "south": { "uv": [ 9.5, 7.5, 10.5, 8 ], "texture": "#texture", "cullface": "up" },
        "west":  { "uv": [ 9.5, 7.5, 10.5, 8 ], "texture": "#texture", "cullface": "up" },
        "east":  { "uv": [ 9.5, 7.5, 10.5, 8 ], "texture": "#texture", "cullface": "up" }
    }
},
{
    "from": [ 3, 16, 1 ],
    "to": [ 8, 17, 2 ],
    "faces": {
        "up":    { "uv": [ 1.5, 1, 2, 1.5 ], "texture": "#texture", "cullface": "up" },
        "north": { "uv": [ 1.5, 1, 2, 1.5 ], "texture": "#texture", "cullface": "up" },
        "west":  { "uv": [ 1.5, 1, 2, 1.5 ], "texture": "#texture", "cullface": "up" }
    }
},
{
    "from": [ 1, 15, 1 ],
    "to": [ 8, 16, 2 ],
    "faces": {
        "up":    { "uv": [ 1, 1.5, 1.5, 2 ], "texture": "#texture", "cullface": "up" },
        "north": { "uv": [ 1, 1.5, 1.5, 2 ], "texture": "#texture" },
        "west":  { "uv": [ 1, 1.5, 2, 2 ], "texture": "#texture" }
    }
},
{
    "from": [ 2, 16, 2 ],
    "to": [ 8, 17, 3 ],
    "faces": {
        "up":    { "uv": [ 1.5, 1, 2, 1.5 ], "texture": "#texture", "cullface": "up" },
        "north": { "uv": [ 1.5, 1, 2, 1.5 ], "texture": "#texture", "cullface": "up" },
        "west":  { "uv": [ 1.5, 1, 2, 1.5 ], "texture": "#texture", "cullface": "up" }
    }
},
{
    "from": [ 0, 15, 2 ],
    "to": [ 8, 16, 4 ],
    "faces": {
        "up":    { "uv": [ 1.5, 1, 2, 1.5 ], "texture": "#texture", "cullface": "up" },
        "north": { "uv": [ 1.5, 1, 2, 1.5 ], "texture": "#texture" },
        "west":  { "uv": [ 1.5, 1, 2, 1.5 ], "texture": "#texture", "cullface": "west" }
    }
},
{
    "from": [ 1, 16, 3 ],
    "to": [ 8, 17, 5 ],
    "faces": {
        "down":  { "uv": [ 1.5, 1, 2, 1.5 ], "texture": "#texture", "cullface": "up" },
        "up":    { "uv": [ 1.5, 1, 2, 1.5 ], "texture": "#texture", "cullface": "up" },
        "north": { "uv": [ 1.5, 1, 2, 1.5 ], "texture": "#texture", "cullface": "up" },
        "west":  { "uv": [ 1.5, 1, 2, 1.5 ], "texture": "#texture", "cullface": "up" }
    }
},
{
    "from": [ 3, 18, 6 ],
    "to": [ 8, 19, 9 ],
    "faces": {
        "up":    { "uv": [ 4, 0, 6.5, 0.5 ], "texture": "#texture", "cullface": "up" },
        "north": { "uv": [ 8, 6.5, 10.5, 7 ], "texture": "#texture", "cullface": "up" },
        "south": { "uv": [ 8, 6.5, 10.5, 7 ], "texture": "#texture", "cullface": "up" },
        "west":  { "uv": [ 3.5, 0, 6.5, 0.5 ], "texture": "#texture", "cullface": "up" }
    }
},
{
    "from": [ 4, 18, 9 ],
    "to": [ 8, 19, 11 ],
    "faces": {
        "up":    { "uv": [ 5, 0, 6.5, 0.5 ], "texture": "#texture", "cullface": "up" },
        "south": { "uv": [ 9, 6.5, 10.5, 7 ], "texture": "#texture", "cullface": "up" },
        "west":  { "uv": [ 4.5, 0, 6.5, 0.5 ], "texture": "#texture", "cullface": "up" }
    }
},
{
    "from": [ 5, 18, 11 ],
    "to": [ 8, 19, 12 ],
    "faces": {
        "up":    { "uv": [ 9, 6.5, 10.5, 7 ], "texture": "#texture", "cullface": "up" },
        "south": { "uv": [ 9, 6.5, 10.5, 7 ], "texture": "#texture", "cullface": "up" },
        "west":  { "uv": [ 10, 6.5, 10.5, 7 ], "texture": "#texture", "cullface": "up" }
    }
},
{
    "from": [ -1, 4, 1 ],
    "to": [ 8, 15, 4 ],
    "faces": {
        "down":  { "uv": [ 1.5, 7, 3, 7.5 ], "texture": "#texture", "cullface": "west" },
        "up":    { "uv": [ 1.5, 2, 3, 2.5 ], "texture": "#texture", "cullface": "west" },
        "north": { "uv": [ 1.5, 2, 2, 7.5 ], "texture": "#texture", "cullface": "west" },
        "south": { "uv": [ 3, 2, 3.5, 7.5 ], "texture": "#texture", "cullface": "west" },
        "west":  { "uv": [ 1.5, 2, 3, 7.5 ], "texture": "#texture", "cullface": "west" }
    }
},
{
    "from": [ 4, 14, -1 ],
    "to": [ 8, 15, 0 ],
    "faces": {
        "up":    { "uv": [ 1.5, 1, 5.5, 1.5 ], "texture": "#texture", "cullface": "north" },
        "north": { "uv": [ 1.5, 1, 5.5, 1.5 ], "texture": "#texture", "cullface": "north" },
        "west":  { "uv": [ 1.5, 1, 2, 1.5 ], "texture": "#texture", "cullface": "north" }
    }
},
{
    "from": [ -1, 11, 11 ],
    "to": [ 8, 15, 14 ],
    "faces": {
        "down":  { "uv": [ 6.5, 8.5, 7, 9 ], "texture": "#texture", "cullface": "west" },
        "up":    { "uv": [ 6.5, 8.5, 7, 9 ], "texture": "#texture", "cullface": "west" },
        "north": { "uv": [ 7, 8.5, 6.5, 9 ], "texture": "#texture", "cullface": "west" },
        "south": { "uv": [ 7, 8.5, 6.5, 9 ], "texture": "#texture", "cullface": "west" },
        "west":  { "uv": [ 6.5, 2, 8, 4 ], "texture": "#texture", "cullface": "west" }
    }
},
{
    "from": [ 0, 14, 14 ],
    "to": [ 8, 15, 15 ],
    "faces": {
        "up":    { "uv": [ 6.5, 8.5, 10.5, 9 ], "texture": "#texture" },
        "south": { "uv": [ 6.5, 8.5, 10.5, 9 ], "texture": "#texture" },
        "west":  { "uv": [ 9.5, 8.5, 10.5, 9 ], "texture": "#texture", "cullface": "west" }
    }
},
{
    "from": [ 2, 14, 15 ],
    "to": [ 8, 15, 16 ],
    "faces": {
        "up":    { "uv": [ 7.5, 8.5, 10.5, 9 ], "texture": "#texture" },
        "south": { "uv": [ 7.5, 8.5, 10.5, 9 ], "texture": "#texture", "cullface": "south" },
        "west":  { "uv": [ 8, 8.5, 8.5, 9 ], "texture": "#texture" }
    }
},
{
    "from": [ 2, 13, -1 ],
    "to": [ 8, 14, 0 ],
    "faces": {
        "up":    { "uv": [ 2, 0.5, 3, 1.5 ], "texture": "#texture", "cullface": "north" },
        "north": { "uv": [ 1, 1.5, 2, 2 ], "texture": "#texture", "cullface": "north" },
        "west":  { "uv": [ 1.5, 1, 2, 2 ], "texture": "#texture", "cullface": "north" }
    }
},
{
    "from": [ 0, 13, 0 ],
    "to": [ 8, 15, 1 ],
    "faces": {
        "up":    { "uv": [ 1, 1.5, 2.5, 2.5 ], "texture": "#texture" },
        "north": { "uv": [ 1, 1.5, 2, 2 ], "texture": "#texture", "cullface": "north" },
        "west":  { "uv": [ 1, 1.5, 2, 2.5 ], "texture": "#texture", "cullface": "west" }
    }
},
{
    "from": [ -1, 13, 14 ],
    "to": [ 8, 14, 15 ],
    "faces": {
        "down":  { "uv": [ 6.5, 9, 10.5, 9.5 ], "texture": "#texture", "cullface": "west" },
        "up":    { "uv": [ 6.5, 9, 10.5, 9.5 ], "texture": "#texture", "cullface": "west" },
        "south": { "uv": [ 6.5, 9, 10.5, 9.5 ], "texture": "#texture", "cullface": "west" },
        "west":  { "uv": [ 6, 9, 6.5, 9.5 ], "texture": "#texture", "cullface": "west" }
    }
},
{
    "from": [ 1, 13, 15 ],
    "to": [ 8, 14, 16 ],
    "faces": {
        "down":  { "uv": [ 7, 9, 10.5, 9.5 ], "texture": "#texture" },
        "up":    { "uv": [ 7, 9, 10.5, 9.5 ], "texture": "#texture" },
        "south": { "uv": [ 7, 9, 10.5, 9.5 ], "texture": "#texture", "cullface": "south" },
        "west":  { "uv": [ 7, 9, 7.5, 9.5 ], "texture": "#texture" }
    }
},
{
    "from": [ 3, 13, 16 ],
    "to": [ 8, 14, 17 ],
    "faces": {
        "down":  { "uv": [ 8, 9, 10.5, 9.5 ], "texture": "#texture", "cullface": "south" },
        "up":    { "uv": [ 8, 9, 10.5, 9.5 ], "texture": "#texture", "cullface": "south" },
        "south": { "uv": [ 8, 9, 10.5, 9.5 ], "texture": "#texture", "cullface": "south" },
        "west":  { "uv": [ 8, 9, 8.5, 9.5 ], "texture": "#texture", "cullface": "south" }
    }
},
{
    "from": [ 2, 12, 17 ],
    "to": [ 8, 13, 18 ],
    "faces": {
        "down":  { "uv": [ 7.5, 9.5, 10.5, 10 ], "texture": "#texture", "cullface": "south" },
        "up":    { "uv": [ 7.5, 9.5, 10.5, 10 ], "texture": "#texture", "cullface": "south" },
        "north": { "uv": [ 7.5, 9.5, 10.5, 10 ], "texture": "#texture", "cullface": "south" },
        "south": { "uv": [ 7.5, 9.5, 10.5, 10 ], "texture": "#texture", "cullface": "south" },
        "west":  { "uv": [ 7.5, 9.5, 8, 10 ], "texture": "#texture", "cullface": "south" }
    }
},
{
    "from": [ 1, 11, 18 ],
    "to": [ 8, 12, 19 ],
    "faces": {
        "down":  { "uv": [ 7, 10, 10.5, 10.5 ], "texture": "#texture", "cullface": "south" },
        "up":    { "uv": [ 7, 10, 10.5, 10.5 ], "texture": "#texture", "cullface": "south" },
        "north": { "uv": [ 7, 10, 10.5, 10.5 ], "texture": "#texture", "cullface": "south" },
        "south": { "uv": [ 7, 10, 10.5, 10.5 ], "texture": "#texture", "cullface": "south" },
        "west":  { "uv": [ 7, 10, 7.5, 10.5 ], "texture": "#texture", "cullface": "south" }
    }
},
{
    "from": [ 1, 10, 14 ],
    "to": [ 8, 11, 18 ],
    "faces": {
        "down":  { "uv": [ 7, 10.5, 10.5, 11 ], "texture": "#texture", "cullface": "south" },
        "up":    { "uv": [ 7, 10.5, 10.5, 11 ], "texture": "#texture", "cullface": "south" },
        "south": { "uv": [ 7, 10.5, 10.5, 11 ], "texture": "#texture", "cullface": "south" },
        "west":  { "uv": [ 7, 10.5, 7.5, 11 ], "texture": "#texture", "cullface": "south" }
    }
},
{
    "from": [ 0, 11, 16 ],
    "to": [ 3, 13, 17 ],
    "faces": {
        "down":  { "uv": [ 6.5, 10, 8, 10.5 ], "texture": "#texture", "cullface": "south" },
        "up":    { "uv": [ 6.5, 9.5, 8, 10 ], "texture": "#texture", "cullface": "south" },
        "south": { "uv": [ 6.5, 9.5, 8, 10.5 ], "texture": "#texture", "cullface": "south" },
        "west":  { "uv": [ 6.5, 9.5, 7, 10.5 ], "texture": "#texture", "cullface": "south" },
        "east":  { "uv": [ 7.5, 9.5, 8, 10.5 ], "texture": "#texture", "cullface": "south" }
    }
},
{
    "from": [ 0, 11, 17 ],
    "to": [ 2, 12, 18 ],
    "faces": {
        "down":  { "uv": [ 7.5, 3.5, 9.5, 4 ], "texture": "#texture", "cullface": "south" },
        "up":    { "uv": [ 7.5, 3.5, 9.5, 4 ], "texture": "#texture", "cullface": "south" },
        "south": { "uv": [ 7, 10, 8, 10.5 ], "texture": "#texture", "cullface": "south" },
        "west":  { "uv": [ 9, 3, 9.5, 4 ], "texture": "#texture", "cullface": "south" },
        "east":  { "uv": [ 9, 3, 9.5, 4 ], "texture": "#texture", "cullface": "south" }
    }
},
{
    "from": [ -1, 11, 14 ],
    "to": [ 3, 13, 16 ],
    "faces": {
        "down":  { "uv": [ 6, 10, 8, 10.5 ], "texture": "#texture", "cullface": "west" },
        "up":    { "uv": [ 6, 9.5, 8, 10 ], "texture": "#texture", "cullface": "west" },
        "south": { "uv": [ 6, 9.5, 8, 10.5 ], "texture": "#texture", "cullface": "west" },
        "west":  { "uv": [ 8, 3, 9, 4 ], "texture": "#texture", "cullface": "west" },
        "east":  { "uv": [ 8, 3, 9, 4 ], "texture": "#texture", "cullface": "west" }
    }
},
{
    "from": [ -2, 12, 3 ],
    "to": [ 8, 14, 12 ],
    "faces": {
        "up":    { "uv": [ 7.5, 7, 8.5, 8 ], "texture": "#texture", "cullface": "west" },
        "north": { "uv": [ 6.5, 9, 10.5, 10 ], "texture": "#texture", "cullface": "west" },
        "south": { "uv": [ 6.5, 9, 10.5, 10 ], "texture": "#texture", "cullface": "west" },
        "west":  { "uv": [ 2.5, 2.5, 7, 3.5 ], "texture": "#texture", "cullface": "west" }
    }
},
{
    "from": [ -2, 12, 2 ],
    "to": [ -1, 13, 3 ],
    "faces": {
        "up":    { "uv": [ 2.5, 2, 3, 3 ], "texture": "#texture", "cullface": "west" },
        "north": { "uv": [ 2, 1.5, 2.5, 2.5 ], "texture": "#texture", "cullface": "west" },
        "west":  { "uv": [ 2, 1, 3, 2 ], "texture": "#texture", "cullface": "west" }
    }
},
{
    "from": [ -1, 6, 0 ],
    "to": [ 8, 13, 1 ],
    "faces": {
        "down":  { "uv": [ 0.5, 4, 1, 4.5 ], "texture": "#texture", "cullface": "west" },
        "up":    { "uv": [ 0.5, 3, 1, 3.5 ], "texture": "#texture", "cullface": "west" },
        "north": { "uv": [ 1, 3, 1.5, 6.5 ], "texture": "#texture", "cullface": "west" },
        "west":  { "uv": [ 1, 3, 1.5, 6.5 ], "texture": "#texture", "cullface": "west" }
    }
},
{
    "from": [ 0, 8, -1 ],
    "to": [ 8, 12, 0 ],
    "faces": {
        "down":  { "uv": [ 0.5, 4.5, 1, 5 ], "texture": "#texture", "cullface": "north" },
        "up":    { "uv": [ 0.5, 3.5, 1, 4 ], "texture": "#texture", "cullface": "north" },
        "north": { "uv": [ 0.5, 3.5, 1, 5 ], "texture": "#texture", "cullface": "north" },
        "west":  { "uv": [ 0.5, 3.5, 1, 5 ], "texture": "#texture", "cullface": "north" }
    }
},
{
    "from": [ -1, 11, 16 ],
    "to": [ 0, 12, 17 ],
    "faces": {
        "down":  { "uv": [ 6, 10, 6.5, 10.5 ], "texture": "#texture", "cullface": "west" },
        "up":    { "uv": [ 6, 10, 6.5, 10.5 ], "texture": "#texture", "cullface": "west" },
        "south": { "uv": [ 6, 9.5, 6.5, 10.5 ], "texture": "#texture", "cullface": "west" },
        "west":  { "uv": [ 6, 9.5, 6.5, 10.5 ], "texture": "#texture", "cullface": "west" }
    }
},
{
    "from": [ -2, 10, 2 ],
    "to": [ 8, 12, 13 ],
    "faces": {
        "down":  { "uv": [ 5.5, 10, 10.5, 11 ], "texture": "#texture", "cullface": "west" },
        "up":    { "uv": [ 5.5, 10, 10.5, 11 ], "texture": "#texture", "cullface": "west" },
        "north": { "uv": [ 5.5, 10, 10.5, 11 ], "texture": "#texture", "cullface": "west" },
        "south": { "uv": [ 5.5, 10, 10.5, 11 ], "texture": "#texture", "cullface": "west" },
        "west":  { "uv": [ 2, 3.5, 7.5, 4.5 ], "texture": "#texture", "cullface": "west" }
    }
},
{
    "from": [ 0, 10, 14 ],
    "to": [ 1, 11, 17 ],
    "faces": {
        "down":  { "uv": [ 6.5, 10.5, 7, 11.5 ], "texture": "#texture", "cullface": "south" },
        "up":    { "uv": [ 6.5, 10.5, 7, 11.5 ], "texture": "#texture", "cullface": "south" },
        "south": { "uv": [ 6.5, 10.5, 7, 11 ], "texture": "#texture", "cullface": "south" },
        "west":  { "uv": [ 8, 4, 9.5, 4.5 ], "texture": "#texture", "cullface": "south" }
    }
},
{
    "from": [ -1, 10, 14 ],
    "to": [ 0, 11, 15 ],
    "faces": {
        "down":  { "uv": [ 6, 10.5, 6.5, 11 ], "texture": "#texture", "cullface": "west" },
        "south": { "uv": [ 8, 4, 8.5, 4.5 ], "texture": "#texture", "cullface": "west" },
        "west":  { "uv": [ 8.5, 4, 9, 4.5 ], "texture": "#texture", "cullface": "west" }
    }
},
{
    "from": [ 3, 8, -2 ],
    "to": [ 8, 9, -1 ],
    "faces": {
        "down":  { "uv": [ 0, 5, 0.5, 5.5 ], "texture": "#texture", "cullface": "north" },
        "north": { "uv": [ 0, 5, 0.5, 5.5 ], "texture": "#texture", "cullface": "north" },
        "west":  { "uv": [ 0, 4.5, 0.5, 5.5 ], "texture": "#texture", "cullface": "north" }
    }
},
{
    "from": [ 2, 9, -2 ],
    "to": [ 8, 11, -1 ],
    "faces": {
        "down":  { "uv": [ 0, 4.5, 0.5, 5 ], "texture": "#texture", "cullface": "north" },
        "up":    { "uv": [ 0, 4, 0.5, 4.5 ], "texture": "#texture", "cullface": "north" },
        "north": { "uv": [ 0, 4, 0.5, 5 ], "texture": "#texture", "cullface": "north" },
        "west":  { "uv": [ 0, 4, 0.5, 5 ], "texture": "#texture", "cullface": "north" }
    }
},
{
    "from": [ 5, 7, -2 ],
    "to": [ 8, 8, -1 ],
    "faces": {
        "down":  { "uv": [ 0, 5.5, 0.5, 6 ], "texture": "#texture", "cullface": "north" },
        "north": { "uv": [ 0, 5.5, 0.5, 6 ], "texture": "#texture", "cullface": "north" },
        "west":  { "uv": [ 0, 5.5, 0.5, 6 ], "texture": "#texture", "cullface": "north" }
    }
},
{
    "from": [ 2, 6, -1 ],
    "to": [ 8, 7, 0 ],
    "faces": {
        "down":  { "uv": [ 0.5, 6, 1, 6.5 ], "texture": "#texture", "cullface": "north" },
        "north": { "uv": [ 0.5, 6, 1, 6.5 ], "texture": "#texture", "cullface": "north" },
        "west":  { "uv": [ 0.5, 6, 1, 7 ], "texture": "#texture", "cullface": "north" }
    }
},
{
    "from": [ 1, 7, -1 ],
    "to": [ 8, 8, 0 ],
    "faces": {
        "down":  { "uv": [ 0.5, 5.5, 1, 6 ], "texture": "#texture", "cullface": "north" },
        "north": { "uv": [ 0.5, 5.5, 1, 6 ], "texture": "#texture", "cullface": "north" },
        "west":  { "uv": [ 0.5, 5.5, 1, 6 ], "texture": "#texture", "cullface": "north" }
    }
},
{
    "from": [ 1, 12, -1 ],
    "to": [ 8, 13, 0 ],
    "faces": {
        "up":    { "uv": [ 0.5, 2, 1, 2.5 ], "texture": "#texture", "cullface": "north" },
        "north": { "uv": [ 0.5, 2, 1, 2.5 ], "texture": "#texture", "cullface": "north" },
        "west":  { "uv": [ 0.5, 2, 1, 3 ], "texture": "#texture", "cullface": "north" }
    }
},
{
    "from": [ 0, 4, 0 ],
    "to": [ 8, 6, 1 ],
    "faces": {
        "down":  { "uv": [ 1, 6.5, 1.5, 7 ], "texture": "#texture" },
        "north": { "uv": [ 1, 6.5, 1.5, 7.5 ], "texture": "#texture", "cullface": "north" },
        "west":  { "uv": [ 1, 6.5, 1.5, 7.5 ], "texture": "#texture", "cullface": "west" }
    }
},
{
    "from": [ 1, 2, 1 ],
    "to": [ 8, 4, 3 ],
    "faces": {
        "down":  { "uv": [ 1.5, 7.5, 2, 8 ], "texture": "#texture" },
        "north": { "uv": [ 1.5, 7.5, 2, 8 ], "texture": "#texture" },
        "south": { "uv": [ 1.5, 7.5, 2, 8 ], "texture": "#texture" },
        "west":  { "uv": [ 1.5, 7.5, 2.5, 8.5 ], "texture": "#texture" },
        "east":  { "uv": [ 2.5, 7.5, 1.5, 8.5 ], "texture": "#texture" }
    }
},
{
    "from": [ -1, 2, 3 ],
    "to": [ 8, 3, 8 ],
    "faces": {
        "down":  { "uv": [ 2.5, 8, 5, 8.5 ], "rotation": 270, "texture": "#texture", "cullface": "west" },
        "up":    { "uv": [ 2.5, 8, 5, 8.5 ], "rotation": 90, "texture": "#texture", "cullface": "west" },
        "north": { "uv": [ 6, 14.5, 7, 15 ], "texture": "#texture", "cullface": "west" },
        "south": { "uv": [ 6.5, 15, 10.5, 15.5 ], "texture": "#texture", "cullface": "west" },
        "west":  { "uv": [ 2.5, 8, 5, 8.5 ], "texture": "#texture", "cullface": "west" }
    }
},
{
    "from": [ 4, 5, -1 ],
    "to": [ 8, 6, 0 ],
    "faces": {
        "down":  { "uv": [ 0.5, 6.5, 1, 7 ], "texture": "#texture", "cullface": "north" },
        "north": { "uv": [ 0.5, 6.5, 1, 7 ], "texture": "#texture", "cullface": "north" },
        "west":  { "uv": [ 0.5, 6.5, 1, 7 ], "texture": "#texture", "cullface": "north" }
    }
},
{
    "from": [ 3, 1, 2 ],
    "to": [ 8, 2, 3 ],
    "faces": {
        "down":  { "uv": [ 2, 8.5, 2.5, 9 ], "texture": "#texture" },
        "north": { "uv": [ 2, 8.5, 2.5, 9 ], "texture": "#texture" },
        "west":  { "uv": [ 2, 8.5, 2.5, 9 ], "texture": "#texture" },
        "east":  { "uv": [ 2, 8.5, 2.5, 9 ], "texture": "#texture" }
    }
},
{
    "from": [ 2, 1, 3 ],
    "to": [ 8, 2, 4 ],
    "faces": {
        "down":  { "uv": [ 2, 8.5, 4, 9 ], "texture": "#texture" },
        "north": { "uv": [ 2, 8.5, 4, 9 ], "texture": "#texture" },
        "west":  { "uv": [ 2, 8.5, 4, 9 ], "texture": "#texture" },
        "east":  { "uv": [ 2, 8.5, 4, 9 ], "texture": "#texture" }
    }
},
{
    "from": [ 1, 1, 4 ],
    "to": [ 8, 2, 5 ],
    "faces": {
        "down":  { "uv": [ 2.5, 8.5, 4, 9 ], "texture": "#texture" },
        "north": { "uv": [ 2.5, 8.5, 4, 9 ], "texture": "#texture" },
        "south": { "uv": [ 2.5, 8.5, 4, 9 ], "texture": "#texture" },
        "west":  { "uv": [ 3, 8.5, 3.5, 9 ], "texture": "#texture" }
    }
},
{
    "from": [ -2, 2, 5 ],
    "to": [ -1, 3, 6 ],
    "faces": {
        "down":  { "uv": [ 3.5, 8, 4, 8.5 ], "texture": "#texture", "cullface": "west" },
        "north": { "uv": [ 3.5, 8, 4, 8.5 ], "texture": "#texture", "cullface": "west" },
        "south": { "uv": [ 3.5, 8, 4, 8.5 ], "texture": "#texture", "cullface": "west" },
        "west":  { "uv": [ 3.5, 8, 4, 8.5 ], "texture": "#texture", "cullface": "west" }
    }
},
{
    "from": [ 1, 3, 0 ],
    "to": [ 8, 4, 1 ],
    "faces": {
        "down":  { "uv": [ 1, 7.5, 1.5, 8 ], "texture": "#texture" },
        "north": { "uv": [ 1, 7.5, 1.5, 8 ], "texture": "#texture", "cullface": "north" },
        "west":  { "uv": [ 1, 7.5, 1.5, 8 ], "texture": "#texture" }
    }
},
{
    "from": [ -2, 3, 4 ],
    "to": [ -1, 4, 8 ],
    "faces": {
        "down":  { "uv": [ 3, 7.5, 5, 8 ], "rotation": 90, "texture": "#texture", "cullface": "west" },
        "north": { "uv": [ 5.5, 14, 6, 14.5 ], "texture": "#texture", "cullface": "west" },
        "south": { "uv": [ 8.5, 10, 9, 11 ], "texture": "#texture", "cullface": "west" },
        "west":  { "uv": [ 3, 7.5, 5, 8 ], "texture": "#texture", "cullface": "west" },
        "east":  { "uv": [ 5, 7.5, 3, 8 ], "texture": "#texture", "cullface": "west" }
    }
},
{
    "from": [ -1, 3, 2 ],
    "to": [ 8, 4, 4 ],
    "faces": {
        "down":  { "uv": [ 2, 7.5, 3, 8 ], "texture": "#texture", "cullface": "west" },
        "north": { "uv": [ 2, 7.5, 3, 8 ], "texture": "#texture", "cullface": "west" },
        "south": { "uv": [ 2, 7.5, 3, 8 ], "texture": "#texture", "cullface": "west" },
        "west":  { "uv": [ 2, 7.5, 3, 8 ], "texture": "#texture", "cullface": "west" }
    }
},
{
    "from": [ -2, 8, 1 ],
    "to": [ -1, 10, 12 ],
    "faces": {
        "down":  { "uv": [ 7, 5, 1.5, 5.5 ], "rotation": 90, "texture": "#texture", "cullface": "west" },
        "up":    { "uv": [ 1.5, 4.5, 7, 5 ], "rotation": 90, "texture": "#texture", "cullface": "west" },
        "north": { "uv": [ 5.5, 11, 6, 12 ], "texture": "#texture", "cullface": "west" },
        "south": { "uv": [ 5.5, 11, 6, 12 ], "texture": "#texture", "cullface": "west" },
        "west":  { "uv": [ 1.5, 4.5, 7, 5.5 ], "texture": "#texture", "cullface": "west" },
        "east":  { "uv": [ 7, 4.5, 1.5, 5.5 ], "texture": "#texture", "cullface": "west" }
    }
},
{
    "from": [ -2, 7, 1 ],
    "to": [ -1, 8, 11 ],
    "faces": {
        "down":  { "uv": [ 6.5, 5.5, 1.5, 6 ], "rotation": 90, "texture": "#texture", "cullface": "west" },
        "north": { "uv": [ 5.5, 12, 6, 12.5 ], "texture": "#texture", "cullface": "west" },
        "south": { "uv": [ 5.5, 12, 6, 12.5 ], "texture": "#texture", "cullface": "west" },
        "west":  { "uv": [ 1.5, 5.5, 6.5, 6 ], "texture": "#texture", "cullface": "west" },
        "east":  { "uv": [ 6.5, 5.5, 1.5, 6 ], "texture": "#texture", "cullface": "west" }
    }
},
{
    "from": [ -1, 6, 2 ],
    "to": [ 0, 7, 10 ],
    "faces": {
        "down":  { "uv": [ 2, 6, 6, 6.5 ], "rotation": 90, "texture": "#texture", "cullface": "west" },
        "up":    { "uv": [ 2, 6, 6, 6.5 ], "rotation": 90, "texture": "#texture", "cullface": "west" },
        "north": { "uv": [ 6, 12.5, 6.5, 13 ], "texture": "#texture", "cullface": "west" },
        "south": { "uv": [ 6, 12.5, 6.5, 13 ], "texture": "#texture", "cullface": "west" },
        "west":  { "uv": [ 2, 6, 6, 6.5 ], "texture": "#texture", "cullface": "west" },
        "east":  { "uv": [ 6, 6, 2, 6.5 ], "texture": "#texture", "cullface": "west" }
    }
},
{
    "from": [ -1, 5, 2 ],
    "to": [ 0, 6, 9 ],
    "faces": {
        "down":  { "uv": [ 2, 6.5, 5.5, 7 ], "rotation": 90, "texture": "#texture", "cullface": "west" },
        "north": { "uv": [ 6, 13, 6.5, 13.5 ], "texture": "#texture", "cullface": "west" },
        "south": { "uv": [ 6, 13, 6.5, 13.5 ], "texture": "#texture", "cullface": "west" },
        "west":  { "uv": [ 2, 6.5, 5.5, 7 ], "texture": "#texture", "cullface": "west" },
        "east":  { "uv": [ 5.5, 6.5, 2, 7 ], "texture": "#texture", "cullface": "west" }
    }
},
{
    "from": [ -2, 4, 2 ],
    "to": [ -1, 5, 9 ],
    "faces": {
        "down":  { "uv": [ 2, 7, 5.5, 7.5 ], "rotation": 90, "texture": "#texture", "cullface": "west" },
        "up":    { "uv": [ 2, 7, 5.5, 7.5 ], "rotation": 90, "texture": "#texture", "cullface": "west" },
        "north": { "uv": [ 5.5, 13.5, 6, 14 ], "texture": "#texture", "cullface": "west" },
        "south": { "uv": [ 5.5, 13.5, 6, 14 ], "texture": "#texture", "cullface": "west" },
        "west":  { "uv": [ 2, 7, 5.5, 7.5 ], "texture": "#texture", "cullface": "west" },
        "east":  { "uv": [ 5.5, 7, 2, 7.5 ], "texture": "#texture", "cullface": "west" }
    }
},
{
    "from": [ 4, 18, 4 ],
    "to": [ 8, 19, 6 ],
    "faces": {
        "up":    { "uv": [ 5, 0, 6.5, 0.5 ], "texture": "#texture", "cullface": "up" },
        "north": { "uv": [ 9, 6.5, 10.5, 7 ], "texture": "#texture", "cullface": "up" },
        "west":  { "uv": [ 4.5, 0, 6.5, 0.5 ], "texture": "#texture", "cullface": "up" }
    }
},
{
    "from": [ 5, 18, 3 ],
    "to": [ 8, 19, 4 ],
    "faces": {
        "up":    { "uv": [ 9, 6.5, 10.5, 7 ], "texture": "#texture", "cullface": "up" },
        "north": { "uv": [ 9, 6.5, 10.5, 7 ], "texture": "#texture", "cullface": "up" },
        "west":  { "uv": [ 10, 6.5, 10.5, 7 ], "texture": "#texture", "cullface": "up" }
    }
},
{
    "from": [ 2, 17, 4 ],
    "to": [ 8, 18, 6 ],
    "faces": {
        "down":  { "uv": [ 3.5, 0.5, 7, 1 ], "texture": "#texture", "cullface": "up" },
        "up":    { "uv": [ 3.5, 0.5, 7, 1 ], "texture": "#texture", "cullface": "up" },
        "north": { "uv": [ 7.5, 7, 10.5, 7.5 ], "texture": "#texture", "cullface": "up" },
        "west":  { "uv": [ 3, 0.5, 4, 1 ], "texture": "#texture", "cullface": "up" }
    }
},
{
    "from": [ 3, 17, 3 ],
    "to": [ 8, 18, 4 ],
    "faces": {
        "up":    { "uv": [ 6, 0, 6.5, 0.5 ], "texture": "#texture", "cullface": "up" },
        "north": { "uv": [ 8, 7, 10.5, 7.5 ], "texture": "#texture", "cullface": "up" },
        "west":  { "uv": [ 2.5, 0.5, 3.5, 1 ], "texture": "#texture", "cullface": "up" },
        "east":  { "uv": [ 2.5, 0.5, 3.5, 1 ], "texture": "#texture", "cullface": "up" }
    }
},
{
    "from": [ 5, 17, 2 ],
    "to": [ 8, 18, 3 ],
    "faces": {
        "up":    { "uv": [ 10, 7, 10.5, 7.5 ], "texture": "#texture", "cullface": "up" },
        "north": { "uv": [ 9, 7, 10.5, 7.5 ], "texture": "#texture", "cullface": "up" },
        "west":  { "uv": [ 10, 7, 10.5, 7.5 ], "texture": "#texture", "cullface": "up" }
    }
},
{
    "from": [ 8, 16, 13 ],
    "to": [ 13, 17, 14 ],
    "faces": {
        "up":    { "uv": [ 10.5, 7.5, 8, 8 ], "texture": "#texture", "cullface": "up" },
        "south": { "uv": [ 10.5, 7.5, 8, 8 ], "texture": "#texture", "cullface": "up" },
        "east":  { "uv": [ 7.5, 7.5, 8.5, 8 ], "texture": "#texture", "cullface": "up" }
    }
},
{
    "from": [ 8, 16, 12 ],
    "to": [ 14, 17, 13 ],
    "faces": {
        "up":    { "uv": [ 8.5, 7.5, 7.5, 8 ], "texture": "#texture", "cullface": "up" },
        "south": { "uv": [ 8.5, 7.5, 7.5, 8 ], "texture": "#texture", "cullface": "up" },
        "east":  { "uv": [ 7.5, 7.5, 8.5, 8 ], "texture": "#texture", "cullface": "up" }
    }
},
{
    "from": [ 2, 16, 12 ],
    "to": [ 8, 17, 13 ],
    "faces": {
        "up":    { "uv": [ 8.5, 7.5, 7.5, 8 ], "texture": "#texture", "cullface": "up" },
        "south": { "uv": [ 8.5, 7.5, 7.5, 8 ], "texture": "#texture", "cullface": "up" },
        "west":  { "uv": [ 7.5, 7.5, 8.5, 8 ], "texture": "#texture", "cullface": "up" }
    }
},
{
    "from": [ 8, 16, 10 ],
    "to": [ 15, 17, 12 ],
    "faces": {
        "down":  { "uv": [ 10.5, 7.5, 7, 8 ], "texture": "#texture", "cullface": "up" },
        "up":    { "uv": [ 10.5, 7.5, 7, 8 ], "texture": "#texture", "cullface": "up" },
        "south": { "uv": [ 10.5, 7.5, 7, 8 ], "texture": "#texture", "cullface": "up" },
        "east":  { "uv": [ 6.5, 7.5, 8.5, 8 ], "texture": "#texture", "cullface": "up" }
    }
},
{
    "from": [ 8, 16, 5 ],
    "to": [ 16, 17, 10 ],
    "faces": {
        "up":    { "uv": [ 10.5, 7.5, 6.5, 8 ], "texture": "#texture", "cullface": "up" },
        "north": { "uv": [ 6.5, 7.5, 10.5, 8 ], "texture": "#texture", "cullface": "up" },
        "south": { "uv": [ 10.5, 7.5, 6.5, 8 ], "texture": "#texture", "cullface": "up" },
        "east":  { "uv": [ 3, 1, 3.5, 1.5 ], "texture": "#texture", "cullface": "up" }
    }
},
{
    "from": [ 8, 16, 3 ],
    "to": [ 15, 17, 5 ],
    "faces": {
        "down":  { "uv": [ 1.5, 1, 2, 1.5 ], "texture": "#texture", "cullface": "up" },
        "up":    { "uv": [ 1.5, 1, 2, 1.5 ], "texture": "#texture", "cullface": "up" },
        "north": { "uv": [ 1.5, 1, 2, 1.5 ], "texture": "#texture", "cullface": "up" },
        "east":  { "uv": [ 1.5, 1, 2, 1.5 ], "texture": "#texture", "cullface": "up" }
    }
},
{
    "from": [ 8, 16, 2 ],
    "to": [ 14, 17, 3 ],
    "faces": {
        "up":    { "uv": [ 1.5, 1, 2, 1.5 ], "texture": "#texture", "cullface": "up" },
        "north": { "uv": [ 1.5, 1, 2, 1.5 ], "texture": "#texture", "cullface": "up" },
        "east":  { "uv": [ 1.5, 1, 2, 1.5 ], "texture": "#texture", "cullface": "up" }
    }
},
{
    "from": [ 8, 16, 1 ],
    "to": [ 13, 17, 2 ],
    "faces": {
        "up":    { "uv": [ 1.5, 1, 2, 1.5 ], "texture": "#texture", "cullface": "up" },
        "north": { "uv": [ 1.5, 1, 2, 1.5 ], "texture": "#texture", "cullface": "up" },
        "east":  { "uv": [ 1.5, 1, 2, 1.5 ], "texture": "#texture", "cullface": "up" }
    }
},
{
    "from": [ 8, 17, 2 ],
    "to": [ 11, 18, 3 ],
    "faces": {
        "up":    { "uv": [ 10, 7, 10.5, 7.5 ], "texture": "#texture", "cullface": "up" },
        "north": { "uv": [ 9, 7, 10.5, 7.5 ], "texture": "#texture", "cullface": "up" },
        "south": { "uv": [ 9, 7, 10.5, 7.5 ], "texture": "#texture", "cullface": "up" },
        "east":  { "uv": [ 10, 7, 10.5, 7.5 ], "texture": "#texture", "cullface": "up" }
    }
},
{
    "from": [ 8, 18, 3 ],
    "to": [ 11, 19, 4 ],
    "faces": {
        "down":  { "uv": [ 9, 6.5, 10.5, 7 ], "texture": "#texture", "cullface": "up" },
        "up":    { "uv": [ 9, 6.5, 10.5, 7 ], "texture": "#texture", "cullface": "up" },
        "north": { "uv": [ 9, 6.5, 10.5, 7 ], "texture": "#texture", "cullface": "up" },
        "east":  { "uv": [ 10, 6.5, 10.5, 7 ], "texture": "#texture", "cullface": "up" }
    }
},
{
    "from": [ 8, 18, 4 ],
    "to": [ 12, 19, 6 ],
    "faces": {
        "up":    { "uv": [ 5, 0, 6.5, 0.5 ], "texture": "#texture", "cullface": "up" },
        "north": { "uv": [ 9, 6.5, 10.5, 7 ], "texture": "#texture", "cullface": "up" },
        "east":  { "uv": [ 4.5, 0, 6.5, 0.5 ], "texture": "#texture", "cullface": "up" }
    }
},
{
    "from": [ 8, 18, 6 ],
    "to": [ 13, 19, 9 ],
    "faces": {
        "up":    { "uv": [ 4, 0, 6.5, 0.5 ], "texture": "#texture", "cullface": "up" },
        "north": { "uv": [ 8, 6.5, 10.5, 7 ], "texture": "#texture", "cullface": "up" },
        "south": { "uv": [ 8, 6.5, 10.5, 7 ], "texture": "#texture", "cullface": "up" },
        "east":  { "uv": [ 3.5, 0, 6.5, 0.5 ], "texture": "#texture", "cullface": "up" }
    }
},
{
    "from": [ 8, 18, 9 ],
    "to": [ 12, 19, 11 ],
    "faces": {
        "up":    { "uv": [ 5, 0, 6.5, 0.5 ], "texture": "#texture", "cullface": "up" },
        "south": { "uv": [ 9, 6.5, 10.5, 7 ], "texture": "#texture", "cullface": "up" },
        "east":  { "uv": [ 4.5, 0, 6.5, 0.5 ], "texture": "#texture", "cullface": "up" }
    }
},
{
    "from": [ 8, 18, 11 ],
    "to": [ 11, 19, 12 ],
    "faces": {
        "up":    { "uv": [ 9, 6.5, 10.5, 7 ], "texture": "#texture", "cullface": "up" },
        "south": { "uv": [ 9, 6.5, 10.5, 7 ], "texture": "#texture", "cullface": "up" },
        "east":  { "uv": [ 10, 6.5, 10.5, 7 ], "texture": "#texture", "cullface": "up" }
    }
},
{
    "from": [ 8, 17, 12 ],
    "to": [ 11, 18, 13 ],
    "faces": {
        "up":    { "uv": [ 10, 7, 10.5, 7.5 ], "texture": "#texture", "cullface": "up" },
        "south": { "uv": [ 9, 7, 10.5, 7.5 ], "texture": "#texture", "cullface": "up" },
        "east":  { "uv": [ 10, 7, 10.5, 7.5 ], "texture": "#texture", "cullface": "up" }
    }
},
{
    "from": [ 8, 17, 11 ],
    "to": [ 13, 18, 12 ],
    "faces": {
        "up":    { "uv": [ 6, 0, 6.5, 0.5 ], "texture": "#texture", "cullface": "up" },
        "south": { "uv": [ 8, 7, 10.5, 7.5 ], "texture": "#texture", "cullface": "up" },
        "east":  { "uv": [ 5.5, 0, 6.5, 0.5 ], "texture": "#texture", "cullface": "up" }
    }
},
{
    "from": [ 8, 17, 9 ],
    "to": [ 14, 18, 11 ],
    "faces": {
        "down":  { "uv": [ 3.5, 0.5, 7, 1 ], "texture": "#texture", "cullface": "up" },
        "up":    { "uv": [ 3.5, 0.5, 7, 1 ], "texture": "#texture", "cullface": "up" },
        "south": { "uv": [ 7.5, 7, 10.5, 7.5 ], "texture": "#texture", "cullface": "up" },
        "east":  { "uv": [ 5, 0.5, 7, 1 ], "texture": "#texture", "cullface": "up" }
    }
},
{
    "from": [ 8, 17, 4 ],
    "to": [ 14, 18, 6 ],
    "faces": {
        "down":  { "uv": [ 3.5, 0.5, 7, 1 ], "texture": "#texture", "cullface": "up" },
        "up":    { "uv": [ 3.5, 0.5, 7, 1 ], "texture": "#texture", "cullface": "up" },
        "north": { "uv": [ 7.5, 7, 10.5, 7.5 ], "texture": "#texture", "cullface": "up" },
        "east":  { "uv": [ 4, 0.5, 3, 1 ], "texture": "#texture", "cullface": "up" }
    }
},
{
    "from": [ 8, 17, 6 ],
    "to": [ 15, 18, 9 ],
    "faces": {
        "up":    { "uv": [ 3.5, 0.5, 7, 1 ], "texture": "#texture", "cullface": "up" },
        "north": { "uv": [ 7, 7, 10.5, 7.5 ], "texture": "#texture", "cullface": "up" },
        "south": { "uv": [ 7, 7, 10.5, 7.5 ], "texture": "#texture", "cullface": "up" },
        "east":  { "uv": [ 4, 0.5, 7, 1 ], "texture": "#texture", "cullface": "up" }
    }
},
{
    "from": [ 8, 4, 1 ],
    "to": [ 17, 15, 4 ],
    "faces": {
        "down":  { "uv": [ 3, 7, 1.5, 7.5 ], "texture": "#texture", "cullface": "east" },
        "up":    { "uv": [ 1.5, 2, 3, 2.5 ], "texture": "#texture", "cullface": "east" },
        "north": { "uv": [ 1.5, 2, 2, 7.5 ], "texture": "#texture", "cullface": "east" },
        "south": { "uv": [ 3, 2, 3.5, 7.5 ], "texture": "#texture", "cullface": "east" },
        "east":  { "uv": [ 3, 2, 1.5, 7.5 ], "texture": "#texture", "cullface": "east" }
    }
},
{
    "from": [ 3, 15, 0 ],
    "to": [ 8, 16, 1 ],
    "faces": {
        "up":    { "uv": [ 1, 1.5, 1.5, 2 ], "texture": "#texture", "cullface": "up" },
        "north": { "uv": [ 1, 1.5, 1.5, 2 ], "texture": "#texture", "cullface": "north" },
        "west":  { "uv": [ 1, 1.5, 2, 2 ], "texture": "#texture" }
    }
},
{
    "from": [ 8, 15, 15 ],
    "to": [ 11, 16, 16 ],
    "faces": {
        "up":    { "uv": [ 9, 8, 10.5, 8.5 ], "texture": "#texture", "cullface": "up" },
        "south": { "uv": [ 9, 8, 10.5, 8.5 ], "texture": "#texture", "cullface": "south" },
        "east":  { "uv": [ 9, 8, 9.5, 8.5 ], "texture": "#texture" }
    }
},
{
    "from": [ 8, 15, 14 ],
    "to": [ 14, 16, 15 ],
    "faces": {
        "up":    { "uv": [ 10.5, 8, 7.5, 8.5 ], "texture": "#texture", "cullface": "up" },
        "south": { "uv": [ 10.5, 8, 7.5, 8.5 ], "texture": "#texture" },
        "east":  { "uv": [ 7.5, 8, 8.5, 8.5 ], "texture": "#texture" }
    }
},
{
    "from": [ 8, 15, 13 ],
    "to": [ 15, 16, 14 ],
    "faces": {
        "up":    { "uv": [ 10.5, 8, 7, 8.5 ], "texture": "#texture", "cullface": "up" },
        "south": { "uv": [ 10.5, 8, 7, 8.5 ], "texture": "#texture" },
        "east":  { "uv": [ 7, 8, 8, 8.5 ], "texture": "#texture" }
    }
},
{
    "from": [ 8, 15, 11 ],
    "to": [ 16, 16, 13 ],
    "faces": {
        "up":    { "uv": [ 6.5, 8, 7, 8.5 ], "texture": "#texture", "cullface": "up" },
        "south": { "uv": [ 6.5, 8, 7, 8.5 ], "texture": "#texture" },
        "east":  { "uv": [ 6.5, 8, 7, 8.5 ], "texture": "#texture", "cullface": "east" }
    }
},
{
    "from": [ 8, 15, 4 ],
    "to": [ 17, 16, 11 ],
    "faces": {
        "up":    { "uv": [ 4, 1, 4.5, 1.5 ], "texture": "#texture", "cullface": "east" },
        "north": { "uv": [ 4, 1, 4.5, 1.5 ], "texture": "#texture", "cullface": "east" },
        "south": { "uv": [ 4, 1, 4.5, 1.5 ], "texture": "#texture", "cullface": "east" },
        "east":  { "uv": [ 4, 1, 4.5, 1.5 ], "texture": "#texture", "cullface": "east" }
    }
},
{
    "from": [ 8, 15, 2 ],
    "to": [ 16, 16, 4 ],
    "faces": {
        "up":    { "uv": [ 1.5, 1, 2, 1.5 ], "texture": "#texture", "cullface": "up" },
        "north": { "uv": [ 1.5, 1, 2, 1.5 ], "texture": "#texture" },
        "east":  { "uv": [ 1.5, 1, 2, 1.5 ], "texture": "#texture", "cullface": "east" }
    }
},
{
    "from": [ 8, 15, 1 ],
    "to": [ 15, 16, 2 ],
    "faces": {
        "up":    { "uv": [ 1, 1.5, 1.5, 2 ], "texture": "#texture", "cullface": "up" },
        "north": { "uv": [ 1, 1.5, 1.5, 2 ], "texture": "#texture" },
        "east":  { "uv": [ 1, 1.5, 2, 2 ], "texture": "#texture" }
    }
},
{
    "from": [ 8, 15, 0 ],
    "to": [ 13, 16, 1 ],
    "faces": {
        "up":    { "uv": [ 1, 1.5, 1.5, 2 ], "texture": "#texture", "cullface": "up" },
        "north": { "uv": [ 1, 1.5, 1.5, 2 ], "texture": "#texture", "cullface": "north" },
        "east":  { "uv": [ 1, 1.5, 2, 2 ], "texture": "#texture" }
    }
},
{
    "from": [ 2, 1, 5 ],
    "to": [ 8, 2, 6 ],
    "faces": {
        "down":  { "uv": [ 2, 8.5, 4, 9 ], "texture": "#texture" },
        "south": { "uv": [ 2, 8.5, 4, 9 ], "texture": "#texture" },
        "west":  { "uv": [ 2, 8.5, 4, 9 ], "texture": "#texture" }
    }
},
{
    "from": [ -1, 10, 13 ],
    "to": [ 8, 11, 14 ],
    "faces": {
        "down":  { "uv": [ 7.5, 10.5, 8, 11 ], "texture": "#texture", "cullface": "west" },
        "south": { "uv": [ 8, 10.5, 7.5, 11 ], "texture": "#texture", "cullface": "west" },
        "west":  { "uv": [ 7.5, 4, 8, 4.5 ], "texture": "#texture", "cullface": "west" }
    }
},
{
    "from": [ 3, 11, -2 ],
    "to": [ 8, 12, -1 ],
    "faces": {
        "up":    { "uv": [ 0, 4, 0.5, 4.5 ], "texture": "#texture", "cullface": "north" },
        "north": { "uv": [ 0, 4, 0.5, 4.5 ], "texture": "#texture", "cullface": "north" },
        "west":  { "uv": [ 0, 3.5, 0.5, 4.5 ], "texture": "#texture", "cullface": "north" }
    }
},
{
    "from": [ 5, 12, -2 ],
    "to": [ 8, 13, -1 ],
    "faces": {
        "up":    { "uv": [ 0, 3.5, 0.5, 4 ], "texture": "#texture", "cullface": "north" },
        "north": { "uv": [ 0, 3.5, 0.5, 4 ], "texture": "#texture", "cullface": "north" },
        "west":  { "uv": [ 0, 3.5, 0.5, 4 ], "texture": "#texture", "cullface": "north" }
    }
},
{
    "from": [ 8, 14, -1 ],
    "to": [ 12, 15, 0 ],
    "faces": {
        "up":    { "uv": [ 1.5, 1, 5.5, 1.5 ], "texture": "#texture", "cullface": "north" },
        "north": { "uv": [ 1.5, 1, 5.5, 1.5 ], "texture": "#texture", "cullface": "north" },
        "east":  { "uv": [ 1.5, 1, 2, 1.5 ], "texture": "#texture", "cullface": "north" }
    }
},
{
    "from": [ 8, 12, -2 ],
    "to": [ 11, 13, -1 ],
    "faces": {
        "up":    { "uv": [ 0, 3.5, 0.5, 4 ], "texture": "#texture", "cullface": "north" },
        "north": { "uv": [ 0, 3.5, 0.5, 4 ], "texture": "#texture", "cullface": "north" },
        "east":  { "uv": [ 0, 3.5, 0.5, 4 ], "texture": "#texture", "cullface": "north" }
    }
},
{
    "from": [ 8, 11, -2 ],
    "to": [ 13, 12, -1 ],
    "faces": {
        "up":    { "uv": [ 0, 4, 0.5, 4.5 ], "texture": "#texture", "cullface": "north" },
        "north": { "uv": [ 0, 4, 0.5, 4.5 ], "texture": "#texture", "cullface": "north" },
        "east":  { "uv": [ 0, 3.5, 0.5, 4.5 ], "texture": "#texture", "cullface": "north" }
    }
},
{
    "from": [ 8, 13, -1 ],
    "to": [ 14, 14, 0 ],
    "faces": {
        "up":    { "uv": [ 2, 0.5, 3, 1.5 ], "texture": "#texture", "cullface": "north" },
        "north": { "uv": [ 1, 1.5, 2, 2 ], "texture": "#texture", "cullface": "north" },
        "east":  { "uv": [ 1.5, 1, 2, 2 ], "texture": "#texture", "cullface": "north" }
    }
},
{
    "from": [ 8, 9, -2 ],
    "to": [ 14, 11, -1 ],
    "faces": {
        "down":  { "uv": [ 0, 4.5, 0.5, 5 ], "texture": "#texture", "cullface": "north" },
        "up":    { "uv": [ 0, 4, 0.5, 4.5 ], "texture": "#texture", "cullface": "north" },
        "north": { "uv": [ 0, 4, 0.5, 5 ], "texture": "#texture", "cullface": "north" },
        "east":  { "uv": [ 0, 4, 0.5, 5 ], "texture": "#texture", "cullface": "north" }
    }
},
{
    "from": [ 8, 12, -1 ],
    "to": [ 15, 13, 0 ],
    "faces": {
        "up":    { "uv": [ 0.5, 2, 1, 2.5 ], "texture": "#texture", "cullface": "north" },
        "north": { "uv": [ 0.5, 2, 1, 2.5 ], "texture": "#texture", "cullface": "north" },
        "east":  { "uv": [ 0.5, 2, 1, 3 ], "texture": "#texture", "cullface": "north" }
    }
},
{
    "from": [ 8, 8, -1 ],
    "to": [ 16, 12, 0 ],
    "faces": {
        "down":  { "uv": [ 0.5, 4.5, 1, 5 ], "texture": "#texture", "cullface": "north" },
        "up":    { "uv": [ 0.5, 3.5, 1, 4 ], "texture": "#texture", "cullface": "north" },
        "north": { "uv": [ 0.5, 3.5, 1, 5 ], "texture": "#texture", "cullface": "north" },
        "east":  { "uv": [ 0.5, 3.5, 1, 5 ], "texture": "#texture", "cullface": "north" }
    }
},
{
    "from": [ 8, 13, 0 ],
    "to": [ 16, 15, 1 ],
    "faces": {
        "up":    { "uv": [ 1, 1.5, 2.5, 2.5 ], "texture": "#texture" },
        "north": { "uv": [ 1, 1.5, 2, 2 ], "texture": "#texture", "cullface": "north" },
        "east":  { "uv": [ 1, 1.5, 2, 2.5 ], "texture": "#texture", "cullface": "east" }
    }
},
{
    "from": [ 8, 6, 0 ],
    "to": [ 17, 13, 1 ],
    "faces": {
        "down":  { "uv": [ 0.5, 4, 1, 4.5 ], "texture": "#texture", "cullface": "east" },
        "up":    { "uv": [ 0.5, 3, 1, 3.5 ], "texture": "#texture", "cullface": "east" },
        "north": { "uv": [ 1, 3, 1.5, 6.5 ], "texture": "#texture", "cullface": "east" },
        "east":  { "uv": [ 1.5, 3, 1, 6.5 ], "texture": "#texture", "cullface": "east" }
    }
},
{
    "from": [ 17, 8, 1 ],
    "to": [ 18, 10, 12 ],
    "faces": {
        "down":  { "uv": [ 7, 5, 1.5, 5.5 ], "rotation": 90, "texture": "#texture", "cullface": "east" },
        "up":    { "uv": [ 1.5, 4.5, 7, 5 ], "rotation": 90, "texture": "#texture", "cullface": "east" },
        "north": { "uv": [ 5.5, 11, 6, 12 ], "texture": "#texture", "cullface": "east" },
        "south": { "uv": [ 5.5, 11, 6, 12 ], "texture": "#texture", "cullface": "east" },
        "west":  { "uv": [ 1.5, 4.5, 7, 5.5 ], "texture": "#texture", "cullface": "east" },
        "east":  { "uv": [ 7, 4.5, 1.5, 5.5 ], "texture": "#texture", "cullface": "east" }
    }
},
{
    "from": [ 17, 12, 2 ],
    "to": [ 18, 13, 3 ],
    "faces": {
        "up":    { "uv": [ 2.5, 2, 3, 3 ], "texture": "#texture", "cullface": "east" },
        "north": { "uv": [ 2, 1.5, 2.5, 2.5 ], "texture": "#texture", "cullface": "east" },
        "east":  { "uv": [ 2, 1, 3, 2 ], "texture": "#texture", "cullface": "east" }
    }
},
{
    "from": [ 8, 12, 3 ],
    "to": [ 18, 14, 12 ],
    "faces": {
        "up":    { "uv": [ 7.5, 7, 8.5, 8 ], "texture": "#texture", "cullface": "east" },
        "north": { "uv": [ 10.5, 9, 6.5, 10 ], "texture": "#texture", "cullface": "east" },
        "south": { "uv": [ 10.5, 9, 6.5, 10 ], "texture": "#texture", "cullface": "east" },
        "east":  { "uv": [ 7, 2.5, 2.5, 3.5 ], "texture": "#texture", "cullface": "east" }
    }
},
{
    "from": [ 8, 14, 4 ],
    "to": [ 18, 15, 11 ],
    "faces": {
        "up":    { "uv": [ 2.5, 1.5, 6, 2 ], "rotation": 90, "texture": "#texture", "cullface": "east" },
        "north": { "uv": [ 11, 7, 7, 7.5 ], "texture": "#texture", "cullface": "east" },
        "south": { "uv": [ 10.5, 8.5, 6.5, 9 ], "texture": "#texture", "cullface": "east" },
        "east":  { "uv": [ 6.5, 2, 3, 2.5 ], "texture": "#texture", "cullface": "east" }
    }
},
{
    "from": [ 8, 10, 2 ],
    "to": [ 18, 12, 13 ],
    "faces": {
        "down":  { "uv": [ 10.5, 10, 5.5, 11 ], "texture": "#texture", "cullface": "east" },
        "up":    { "uv": [ 10.5, 10, 5.5, 11 ], "texture": "#texture", "cullface": "east" },
        "north": { "uv": [ 10.5, 10, 5.5, 11 ], "texture": "#texture", "cullface": "east" },
        "south": { "uv": [ 10.5, 10, 5.5, 11 ], "texture": "#texture", "cullface": "east" },
        "east":  { "uv": [ 7.5, 3.5, 2, 4.5 ], "texture": "#texture", "cullface": "east" }
    }
},
{
    "from": [ 8, 14, 15 ],
    "to": [ 14, 15, 16 ],
    "faces": {
        "up":    { "uv": [ 10.5, 8.5, 7.5, 9 ], "texture": "#texture" },
        "south": { "uv": [ 10.5, 8.5, 7.5, 9 ], "texture": "#texture", "cullface": "south" },
        "east":  { "uv": [ 8, 8.5, 8.5, 9 ], "texture": "#texture" }
    }
},
{
    "from": [ 8, 13, 16 ],
    "to": [ 13, 14, 17 ],
    "faces": {
        "down":  { "uv": [ 10.5, 9, 8, 9.5 ], "texture": "#texture", "cullface": "south" },
        "up":    { "uv": [ 10.5, 9, 8, 9.5 ], "texture": "#texture", "cullface": "south" },
        "south": { "uv": [ 10.5, 9, 8, 9.5 ], "texture": "#texture", "cullface": "south" },
        "east":  { "uv": [ 8, 9, 8.5, 9.5 ], "texture": "#texture", "cullface": "south" }
    }
},
{
    "from": [ 8, 12, 17 ],
    "to": [ 14, 13, 18 ],
    "faces": {
        "down":  { "uv": [ 10.5, 9.5, 7.5, 10 ], "texture": "#texture", "cullface": "south" },
        "up":    { "uv": [ 10.5, 9.5, 7.5, 10 ], "texture": "#texture", "cullface": "south" },
        "north": { "uv": [ 10.5, 9.5, 7.5, 10 ], "texture": "#texture", "cullface": "south" },
        "south": { "uv": [ 10.5, 9.5, 7.5, 10 ], "texture": "#texture", "cullface": "south" },
        "east":  { "uv": [ 7.5, 9.5, 8, 10 ], "texture": "#texture", "cullface": "south" }
    }
},
{
    "from": [ 8, 10, 14 ],
    "to": [ 15, 11, 18 ],
    "faces": {
        "down":  { "uv": [ 10.5, 10.5, 7, 11 ], "texture": "#texture", "cullface": "south" },
        "up":    { "uv": [ 10.5, 10.5, 7, 11 ], "texture": "#texture", "cullface": "south" },
        "south": { "uv": [ 10.5, 10.5, 7, 11 ], "texture": "#texture", "cullface": "south" },
        "east":  { "uv": [ 7, 10.5, 7.5, 11 ], "texture": "#texture", "cullface": "south" }
    }
},
{
    "from": [ 8, 11, 11 ],
    "to": [ 17, 15, 14 ],
    "faces": {
        "down":  { "uv": [ 6.5, 8.5, 7, 9 ], "texture": "#texture", "cullface": "east" },
        "up":    { "uv": [ 6.5, 8.5, 7, 9 ], "texture": "#texture", "cullface": "east" },
        "north": { "uv": [ 7, 8.5, 6.5, 9 ], "texture": "#texture", "cullface": "east" },
        "south": { "uv": [ 7, 8.5, 6.5, 9 ], "texture": "#texture", "cullface": "east" },
        "east":  { "uv": [ 8, 2, 6.5, 4 ], "texture": "#texture", "cullface": "east" }
    }
},
{
    "from": [ 8, 11, 18 ],
    "to": [ 15, 12, 19 ],
    "faces": {
        "down":  { "uv": [ 7, 10, 10.5, 10.5 ], "texture": "#texture", "cullface": "south" },
        "up":    { "uv": [ 7, 10, 10.5, 10.5 ], "texture": "#texture", "cullface": "south" },
        "north": { "uv": [ 7, 10, 10.5, 10.5 ], "texture": "#texture", "cullface": "south" },
        "south": { "uv": [ 7, 10, 10.5, 10.5 ], "texture": "#texture", "cullface": "south" },
        "east":  { "uv": [ 7, 10, 7.5, 10.5 ], "texture": "#texture", "cullface": "south" }
    }
},
{
    "from": [ 13, 11, 16 ],
    "to": [ 16, 13, 17 ],
    "faces": {
        "down":  { "uv": [ 8, 9.5, 6.5, 10 ], "texture": "#texture", "cullface": "south" },
        "up":    { "uv": [ 8, 9.5, 6.5, 10 ], "texture": "#texture", "cullface": "south" },
        "south": { "uv": [ 8, 9.5, 6.5, 10.5 ], "texture": "#texture", "cullface": "south" },
        "west":  { "uv": [ 7.5, 9.5, 8, 10.5 ], "texture": "#texture", "cullface": "south" },
        "east":  { "uv": [ 6.5, 9.5, 7, 10.5 ], "texture": "#texture", "cullface": "south" }
    }
},
{
    "from": [ 8, 12, 17 ],
    "to": [ 14, 13, 18 ],
    "faces": {
        "down":  { "uv": [ 7.5, 9.5, 10.5, 10 ], "texture": "#texture", "cullface": "south" },
        "up":    { "uv": [ 7.5, 9.5, 10.5, 10 ], "texture": "#texture", "cullface": "south" },
        "north": { "uv": [ 7.5, 9.5, 10.5, 10 ], "texture": "#texture", "cullface": "south" },
        "south": { "uv": [ 7.5, 9.5, 10.5, 10 ], "texture": "#texture", "cullface": "south" },
        "east":  { "uv": [ 10, 9.5, 10.5, 10 ], "texture": "#texture", "cullface": "south" }
    }
},
{
    "from": [ 13, 11, 14 ],
    "to": [ 17, 13, 16 ],
    "faces": {
        "down":  { "uv": [ 8, 9.5, 6, 10 ], "texture": "#texture", "cullface": "east" },
        "up":    { "uv": [ 8, 9.5, 6, 10 ], "texture": "#texture", "cullface": "east" },
        "south": { "uv": [ 8, 9.5, 6, 10.5 ], "texture": "#texture", "cullface": "east" },
        "west":  { "uv": [ 8, 3, 9, 4 ], "texture": "#texture", "cullface": "east" },
        "east":  { "uv": [ 8, 3, 9, 4 ], "texture": "#texture", "cullface": "east" }
    }
},
{
    "from": [ 8, 13, 15 ],
    "to": [ 15, 14, 16 ],
    "faces": {
        "down":  { "uv": [ 10.5, 9, 7, 9.5 ], "texture": "#texture" },
        "up":    { "uv": [ 10.5, 9, 7, 9.5 ], "texture": "#texture" },
        "south": { "uv": [ 10.5, 9, 7, 9.5 ], "texture": "#texture", "cullface": "south" },
        "east":  { "uv": [ 7, 9, 7.5, 9.5 ], "texture": "#texture" }
    }
},
{
    "from": [ 8, 14, 14 ],
    "to": [ 16, 15, 15 ],
    "faces": {
        "up":    { "uv": [ 10.5, 8.5, 6.5, 9 ], "texture": "#texture" },
        "south": { "uv": [ 10.5, 8.5, 6.5, 9 ], "texture": "#texture" },
        "east":  { "uv": [ 9.5, 8.5, 10.5, 9 ], "texture": "#texture", "cullface": "east" }
    }
},
{
    "from": [ 8, 13, 14 ],
    "to": [ 17, 14, 15 ],
    "faces": {
        "down":  { "uv": [ 10.5, 9, 6.5, 9.5 ], "texture": "#texture", "cullface": "east" },
        "up":    { "uv": [ 10.5, 9, 6.5, 9.5 ], "texture": "#texture", "cullface": "east" },
        "south": { "uv": [ 10.5, 9, 6.5, 9.5 ], "texture": "#texture", "cullface": "east" },
        "east":  { "uv": [ 6, 9, 6.5, 9.5 ], "texture": "#texture", "cullface": "east" }
    }
},
{
    "from": [ 14, 11, 17 ],
    "to": [ 16, 12, 18 ],
    "faces": {
        "down":  { "uv": [ 7.5, 3.5, 9.5, 4 ], "texture": "#texture", "cullface": "south" },
        "up":    { "uv": [ 7.5, 3.5, 9.5, 4 ], "texture": "#texture", "cullface": "south" },
        "south": { "uv": [ 7, 10, 8, 10.5 ], "texture": "#texture", "cullface": "south" },
        "west":  { "uv": [ 9, 3, 9.5, 4 ], "texture": "#texture", "cullface": "south" },
        "east":  { "uv": [ 9, 3, 9.5, 4 ], "texture": "#texture", "cullface": "south" }
    }
},
{
    "from": [ 16, 11, 16 ],
    "to": [ 17, 12, 17 ],
    "faces": {
        "down":  { "uv": [ 6, 10, 6.5, 10.5 ], "texture": "#texture", "cullface": "east" },
        "up":    { "uv": [ 6, 10, 6.5, 10.5 ], "texture": "#texture", "cullface": "east" },
        "south": { "uv": [ 6, 9.5, 6.5, 10.5 ], "texture": "#texture", "cullface": "east" },
        "east":  { "uv": [ 6, 9.5, 6.5, 10.5 ], "texture": "#texture", "cullface": "east" }
    }
},
{
    "from": [ 8, 10, 13 ],
    "to": [ 17, 11, 14 ],
    "faces": {
        "down":  { "uv": [ 7.5, 10.5, 8, 11 ], "texture": "#texture", "cullface": "east" },
        "south": { "uv": [ 8, 10.5, 7.5, 11 ], "texture": "#texture", "cullface": "east" },
        "east":  { "uv": [ 7.5, 4, 8, 4.5 ], "texture": "#texture", "cullface": "east" }
    }
},
{
    "from": [ 17, 7, 1 ],
    "to": [ 18, 8, 11 ],
    "faces": {
        "down":  { "uv": [ 6.5, 5.5, 1.5, 6 ], "rotation": 90, "texture": "#texture", "cullface": "east" },
        "north": { "uv": [ 5.5, 12, 6, 12.5 ], "texture": "#texture", "cullface": "east" },
        "south": { "uv": [ 5.5, 12, 6, 12.5 ], "texture": "#texture", "cullface": "east" },
        "west":  { "uv": [ 1.5, 5.5, 6.5, 6 ], "texture": "#texture", "cullface": "east" },
        "east":  { "uv": [ 6.5, 5.5, 1.5, 6 ], "texture": "#texture", "cullface": "east" }
    }
},
{
    "from": [ 16, 6, 2 ],
    "to": [ 17, 7, 10 ],
    "faces": {
        "down":  { "uv": [ 2, 6, 6, 6.5 ], "rotation": 90, "texture": "#texture", "cullface": "east" },
        "up":    { "uv": [ 2, 6, 6, 6.5 ], "rotation": 90, "texture": "#texture", "cullface": "east" },
        "north": { "uv": [ 6, 12.5, 6.5, 13 ], "texture": "#texture", "cullface": "east" },
        "south": { "uv": [ 6, 12.5, 6.5, 13 ], "texture": "#texture", "cullface": "east" },
        "west":  { "uv": [ 2, 6, 6, 6.5 ], "texture": "#texture", "cullface": "east" },
        "east":  { "uv": [ 6, 6, 2, 6.5 ], "texture": "#texture", "cullface": "east" }
    }
},
{
    "from": [ 16, 5, 2 ],
    "to": [ 17, 6, 9 ],
    "faces": {
        "down":  { "uv": [ 2, 6.5, 5.5, 7 ], "rotation": 90, "texture": "#texture", "cullface": "east" },
        "north": { "uv": [ 6, 13, 6.5, 13.5 ], "texture": "#texture", "cullface": "east" },
        "south": { "uv": [ 6, 13, 6.5, 13.5 ], "texture": "#texture", "cullface": "east" },
        "west":  { "uv": [ 2, 6.5, 5.5, 7 ], "texture": "#texture", "cullface": "east" },
        "east":  { "uv": [ 5.5, 6.5, 2, 7 ], "texture": "#texture", "cullface": "east" }
    }
},
{
    "from": [ 17, 4, 2 ],
    "to": [ 18, 5, 9 ],
    "faces": {
        "down":  { "uv": [ 2, 7, 5.5, 7.5 ], "rotation": 90, "texture": "#texture", "cullface": "east" },
        "up":    { "uv": [ 2, 7, 5.5, 7.5 ], "rotation": 90, "texture": "#texture", "cullface": "east" },
        "north": { "uv": [ 5.5, 13.5, 6, 14 ], "texture": "#texture", "cullface": "east" },
        "south": { "uv": [ 5.5, 13.5, 6, 14 ], "texture": "#texture", "cullface": "east" },
        "west":  { "uv": [ 2, 7, 5.5, 7.5 ], "texture": "#texture", "cullface": "east" },
        "east":  { "uv": [ 5.5, 7, 2, 7.5 ], "texture": "#texture", "cullface": "east" }
    }
},
{
    "from": [ 17, 3, 4 ],
    "to": [ 18, 4, 8 ],
    "faces": {
        "down":  { "uv": [ 3, 7.5, 5, 8 ], "rotation": 90, "texture": "#texture", "cullface": "east" },
        "north": { "uv": [ 5.5, 14, 6, 14.5 ], "texture": "#texture", "cullface": "east" },
        "south": { "uv": [ 8.5, 10, 9, 11 ], "texture": "#texture", "cullface": "east" },
        "west":  { "uv": [ 3, 7.5, 5, 8 ], "texture": "#texture", "cullface": "east" },
        "east":  { "uv": [ 5, 7.5, 3, 8 ], "texture": "#texture", "cullface": "east" }
    }
},
{
    "from": [ 8, 3, 2 ],
    "to": [ 17, 4, 4 ],
    "faces": {
        "down":  { "uv": [ 2, 7.5, 3, 8 ], "texture": "#texture", "cullface": "east" },
        "north": { "uv": [ 2, 7.5, 3, 8 ], "texture": "#texture", "cullface": "east" },
        "south": { "uv": [ 2, 7.5, 3, 8 ], "texture": "#texture", "cullface": "east" },
        "east":  { "uv": [ 2, 7.5, 3, 8 ], "texture": "#texture", "cullface": "east" }
    }
},
{
    "from": [ 8, 2, 3 ],
    "to": [ 17, 3, 8 ],
    "faces": {
        "down":  { "uv": [ 2.5, 8, 5, 8.5 ], "rotation": 270, "texture": "#texture", "cullface": "east" },
        "up":    { "uv": [ 2.5, 8, 5, 8.5 ], "rotation": 90, "texture": "#texture", "cullface": "east" },
        "north": { "uv": [ 6, 14.5, 7, 15 ], "texture": "#texture", "cullface": "east" },
        "south": { "uv": [ 6.5, 15, 10.5, 15.5 ], "texture": "#texture", "cullface": "east" },
        "east":  { "uv": [ 5, 8, 2.5, 8.5 ], "texture": "#texture", "cullface": "east" }
    }
},
{
    "from": [ 8, 1, 5 ],
    "to": [ 14, 2, 6 ],
    "faces": {
        "down":  { "uv": [ 2, 8.5, 4, 9 ], "texture": "#texture" },
        "south": { "uv": [ 2, 8.5, 4, 9 ], "texture": "#texture" },
        "east":  { "uv": [ 2, 8.5, 4, 9 ], "texture": "#texture" }
    }
},
{
    "from": [ 8, 1, 4 ],
    "to": [ 15, 2, 5 ],
    "faces": {
        "down":  { "uv": [ 2.5, 8.5, 4, 9 ], "texture": "#texture" },
        "north": { "uv": [ 2.5, 8.5, 4, 9 ], "texture": "#texture" },
        "south": { "uv": [ 2.5, 8.5, 4, 9 ], "texture": "#texture" },
        "east":  { "uv": [ 3, 8.5, 3.5, 9 ], "texture": "#texture" }
    }
},
{
    "from": [ 17, 2, 5 ],
    "to": [ 18, 3, 6 ],
    "faces": {
        "down":  { "uv": [ 3.5, 8, 4, 8.5 ], "texture": "#texture", "cullface": "east" },
        "north": { "uv": [ 3.5, 8, 4, 8.5 ], "texture": "#texture", "cullface": "east" },
        "south": { "uv": [ 3.5, 8, 4, 8.5 ], "texture": "#texture", "cullface": "east" },
        "east":  { "uv": [ 3.5, 8, 4, 8.5 ], "texture": "#texture", "cullface": "east" }
    }
},
{
    "from": [ 8, 10, 14 ],
    "to": [ 15, 11, 18 ],
    "faces": {
        "down":  { "uv": [ 7, 10.5, 10.5, 11 ], "texture": "#texture", "cullface": "south" },
        "up":    { "uv": [ 7, 10.5, 10.5, 11 ], "texture": "#texture", "cullface": "south" },
        "south": { "uv": [ 7, 10.5, 10.5, 11 ], "texture": "#texture", "cullface": "south" },
        "east":  { "uv": [ 8.5, 10.5, 10.5, 11 ], "texture": "#texture", "cullface": "south" }
    }
},
{
    "from": [ 8, 11, 18 ],
    "to": [ 15, 12, 19 ],
    "faces": {
        "down":  { "uv": [ 7, 10, 10.5, 10.5 ], "texture": "#texture", "cullface": "south" },
        "up":    { "uv": [ 7, 10, 10.5, 10.5 ], "texture": "#texture", "cullface": "south" },
        "north": { "uv": [ 7, 10, 10.5, 10.5 ], "texture": "#texture", "cullface": "south" },
        "south": { "uv": [ 7, 10, 10.5, 10.5 ], "texture": "#texture", "cullface": "south" },
        "east":  { "uv": [ 7, 10, 7.5, 10.5 ], "texture": "#texture", "cullface": "south" }
    }
},
{
    "from": [ 8, 12, 17 ],
    "to": [ 14, 13, 18 ],
    "faces": {
        "down":  { "uv": [ 7.5, 9.5, 10.5, 10 ], "texture": "#texture", "cullface": "south" },
        "up":    { "uv": [ 7.5, 9.5, 10.5, 10 ], "texture": "#texture", "cullface": "south" },
        "north": { "uv": [ 7.5, 9.5, 10.5, 10 ], "texture": "#texture", "cullface": "south" },
        "south": { "uv": [ 7.5, 9.5, 10.5, 10 ], "texture": "#texture", "cullface": "south" },
        "east":  { "uv": [ 10, 9.5, 10.5, 10 ], "texture": "#texture", "cullface": "south" }
    }
},
{
    "from": [ 15, 10, 14 ],
    "to": [ 16, 11, 17 ],
    "faces": {
        "down":  { "uv": [ 6.5, 10.5, 7, 11.5 ], "texture": "#texture", "cullface": "south" },
        "up":    { "uv": [ 6.5, 10.5, 7, 11.5 ], "texture": "#texture", "cullface": "south" },
        "south": { "uv": [ 6.5, 10.5, 7, 11 ], "texture": "#texture", "cullface": "south" },
        "east":  { "uv": [ 8, 4, 9.5, 4.5 ], "texture": "#texture", "cullface": "south" }
    }
},
{
    "from": [ 16, 10, 14 ],
    "to": [ 17, 11, 15 ],
    "faces": {
        "down":  { "uv": [ 6, 10.5, 6.5, 11 ], "texture": "#texture", "cullface": "east" },
        "south": { "uv": [ 8, 4, 8.5, 4.5 ], "texture": "#texture", "cullface": "east" },
        "east":  { "uv": [ 8.5, 4, 9, 4.5 ], "texture": "#texture", "cullface": "east" }
    }
},
{
    "from": [ 8, 8, -2 ],
    "to": [ 13, 9, -1 ],
    "faces": {
        "down":  { "uv": [ 0, 5, 0.5, 5.5 ], "texture": "#texture", "cullface": "north" },
        "north": { "uv": [ 0, 5, 0.5, 5.5 ], "texture": "#texture", "cullface": "north" },
        "east":  { "uv": [ 0, 4.5, 0.5, 5.5 ], "texture": "#texture", "cullface": "north" }
    }
},
{
    "from": [ 8, 7, -2 ],
    "to": [ 11, 8, -1 ],
    "faces": {
        "down":  { "uv": [ 0, 5.5, 0.5, 6 ], "texture": "#texture", "cullface": "north" },
        "north": { "uv": [ 0, 5.5, 0.5, 6 ], "texture": "#texture", "cullface": "north" },
        "east":  { "uv": [ 0, 5.5, 0.5, 6 ], "texture": "#texture", "cullface": "north" }
    }
},
{
    "from": [ 8, 7, -1 ],
    "to": [ 15, 8, 0 ],
    "faces": {
        "down":  { "uv": [ 0.5, 5.5, 1, 6 ], "texture": "#texture", "cullface": "north" },
        "north": { "uv": [ 0.5, 5.5, 1, 6 ], "texture": "#texture", "cullface": "north" },
        "east":  { "uv": [ 0.5, 5.5, 1, 6 ], "texture": "#texture", "cullface": "north" }
    }
},
{
    "from": [ 8, 6, -1 ],
    "to": [ 14, 7, 0 ],
    "faces": {
        "down":  { "uv": [ 0.5, 6, 1, 6.5 ], "texture": "#texture", "cullface": "north" },
        "north": { "uv": [ 0.5, 6, 1, 6.5 ], "texture": "#texture", "cullface": "north" },
        "east":  { "uv": [ 0.5, 6, 1, 7 ], "texture": "#texture", "cullface": "north" }
    }
},
{
    "from": [ 8, 5, -1 ],
    "to": [ 12, 6, 0 ],
    "faces": {
        "down":  { "uv": [ 0.5, 6.5, 1, 7 ], "texture": "#texture", "cullface": "north" },
        "north": { "uv": [ 0.5, 6.5, 1, 7 ], "texture": "#texture", "cullface": "north" },
        "east":  { "uv": [ 0.5, 6.5, 1, 7 ], "texture": "#texture", "cullface": "north" }
    }
},
{
    "from": [ 8, 4, 0 ],
    "to": [ 16, 6, 1 ],
    "faces": {
        "down":  { "uv": [ 1, 6.5, 1.5, 7 ], "texture": "#texture" },
        "north": { "uv": [ 1, 6.5, 1.5, 7.5 ], "texture": "#texture", "cullface": "north" },
        "east":  { "uv": [ 1, 6.5, 1.5, 7.5 ], "texture": "#texture", "cullface": "east" }
    }
},
{
    "from": [ 8, 3, 0 ],
    "to": [ 15, 4, 1 ],
    "faces": {
        "down":  { "uv": [ 1, 7.5, 1.5, 8 ], "texture": "#texture" },
        "north": { "uv": [ 1, 7.5, 1.5, 8 ], "texture": "#texture", "cullface": "north" },
        "south": { "uv": [ 1, 7.5, 1.5, 8 ], "texture": "#texture" },
        "east":  { "uv": [ 1, 7.5, 1.5, 8 ], "texture": "#texture" }
    }
},
{
    "from": [ 7.5, 2, 1 ],
    "to": [ 14.5, 4, 3 ],
    "faces": {
        "down":  { "uv": [ 1.5, 7.5, 2, 8 ], "texture": "#texture" },
        "up":    { "uv": [ 1.5, 7.5, 2, 8 ], "texture": "#texture" },
        "north": { "uv": [ 1.5, 7.5, 2, 8 ], "texture": "#texture" },
        "south": { "uv": [ 1.5, 7.5, 2, 8 ], "texture": "#texture" },
        "west":  { "uv": [ 1.5, 7.5, 2.5, 8.5 ], "texture": "#texture" },
        "east":  { "uv": [ 2.5, 7.5, 1.5, 8.5 ], "texture": "#texture" }
    }
},
{
    "from": [ -1, 8, 11 ],
    "to": [ 1, 10, 13 ],
    "faces": {
        "down":  { "uv": [ 7, 4.5, 7.5, 5 ], "texture": "#texture", "cullface": "west" },
        "north": { "uv": [ 7, 4.5, 7.5, 5 ], "texture": "#texture", "cullface": "west" },
        "south": { "uv": [ 7, 4.5, 7.5, 5 ], "texture": "#texture", "cullface": "west" },
        "west":  { "uv": [ 7, 4.5, 7.5, 5 ], "texture": "#texture", "cullface": "west" },
        "east":  { "uv": [ 7, 4.5, 7.5, 5 ], "texture": "#texture", "cullface": "west" }
    }
},
{
    "from": [ -1, 7, 10 ],
    "to": [ 1, 8, 12 ],
    "faces": {
        "down":  { "uv": [ 7, 4.5, 7.5, 5 ], "texture": "#texture", "cullface": "west" },
        "up":    { "uv": [ 7, 4.5, 7.5, 5 ], "texture": "#texture", "cullface": "west" },
        "north": { "uv": [ 7, 4.5, 7.5, 5 ], "texture": "#texture", "cullface": "west" },
        "south": { "uv": [ 7, 4.5, 7.5, 5 ], "texture": "#texture", "cullface": "west" },
        "west":  { "uv": [ 7, 4.5, 7.5, 5 ], "texture": "#texture", "cullface": "west" },
        "east":  { "uv": [ 7, 4.5, 7.5, 5 ], "texture": "#texture", "cullface": "west" }
    }
},
{
    "from": [ 0, 6, 9 ],
    "to": [ 1, 7, 11 ],
    "faces": {
        "down":  { "uv": [ 7, 4.5, 7.5, 5 ], "texture": "#texture" },
        "up":    { "uv": [ 7, 4.5, 7.5, 5 ], "texture": "#texture" },
        "north": { "uv": [ 7, 4.5, 7.5, 5 ], "texture": "#texture" },
        "south": { "uv": [ 7, 4.5, 7.5, 5 ], "texture": "#texture" },
        "west":  { "uv": [ 7, 4.5, 7.5, 5 ], "texture": "#texture", "cullface": "west" },
        "east":  { "uv": [ 7, 4.5, 7.5, 5 ], "texture": "#texture" }
    }
},
{
    "from": [ -1, 4, 8 ],
    "to": [ 1, 5, 10 ],
    "faces": {
        "down":  { "uv": [ 7, 4.5, 7.5, 5 ], "texture": "#texture", "cullface": "west" },
        "up":    { "uv": [ 7, 4.5, 7.5, 5 ], "texture": "#texture", "cullface": "west" },
        "north": { "uv": [ 7, 4.5, 7.5, 5 ], "texture": "#texture", "cullface": "west" },
        "south": { "uv": [ 7, 4.5, 7.5, 5 ], "texture": "#texture", "cullface": "west" },
        "west":  { "uv": [ 7, 4.5, 7.5, 5 ], "texture": "#texture", "cullface": "west" },
        "east":  { "uv": [ 7, 4.5, 7.5, 5 ], "texture": "#texture", "cullface": "west" }
    }
},
{
    "from": [ -1, 3, 7 ],
    "to": [ 1, 4, 9 ],
    "faces": {
        "down":  { "uv": [ 7, 4.5, 7.5, 5 ], "texture": "#texture", "cullface": "west" },
        "up":    { "uv": [ 7, 4.5, 7.5, 5 ], "texture": "#texture", "cullface": "west" },
        "north": { "uv": [ 7, 4.5, 7.5, 5 ], "texture": "#texture", "cullface": "west" },
        "south": { "uv": [ 7, 4.5, 7.5, 5 ], "texture": "#texture", "cullface": "west" },
        "west":  { "uv": [ 7, 4.5, 7.5, 5 ], "texture": "#texture", "cullface": "west" },
        "east":  { "uv": [ 7, 4.5, 7.5, 5 ], "texture": "#texture", "cullface": "west" }
    }
},
{
    "from": [ 0, 5, 9 ],
    "to": [ 1, 6, 10 ],
    "faces": {
        "north": { "uv": [ 5.5, 6.5, 6, 7 ], "texture": "#texture" },
        "west":  { "uv": [ 5.5, 6.5, 6, 7 ], "texture": "#texture", "cullface": "west" },
        "east":  { "uv": [ 5.5, 6.5, 6, 7 ], "texture": "#texture" }
    }
},
{
    "from": [ 15, 8, 11 ],
    "to": [ 17, 10, 13 ],
    "faces": {
        "down":  { "uv": [ 7, 4.5, 7.5, 5 ], "texture": "#texture", "cullface": "east" },
        "north": { "uv": [ 7, 4.5, 7.5, 5 ], "texture": "#texture", "cullface": "east" },
        "south": { "uv": [ 7, 4.5, 7.5, 5 ], "texture": "#texture", "cullface": "east" },
        "west":  { "uv": [ 7, 4.5, 7.5, 5 ], "texture": "#texture", "cullface": "east" },
        "east":  { "uv": [ 7, 4.5, 7.5, 5 ], "texture": "#texture", "cullface": "east" }
    }
},
{
    "from": [ 15, 7, 10 ],
    "to": [ 17, 8, 12 ],
    "faces": {
        "down":  { "uv": [ 7, 4.5, 7.5, 5 ], "texture": "#texture", "cullface": "east" },
        "up":    { "uv": [ 7, 4.5, 7.5, 5 ], "texture": "#texture", "cullface": "east" },
        "north": { "uv": [ 7, 4.5, 7.5, 5 ], "texture": "#texture", "cullface": "east" },
        "south": { "uv": [ 7, 4.5, 7.5, 5 ], "texture": "#texture", "cullface": "east" },
        "west":  { "uv": [ 7, 4.5, 7.5, 5 ], "texture": "#texture", "cullface": "east" },
        "east":  { "uv": [ 7, 4.5, 7.5, 5 ], "texture": "#texture", "cullface": "east" }
    }
},
{
    "from": [ 15, 6, 9 ],
    "to": [ 16, 7, 11 ],
    "faces": {
        "down":  { "uv": [ 7, 4.5, 7.5, 5 ], "texture": "#texture" },
        "up":    { "uv": [ 7, 4.5, 7.5, 5 ], "texture": "#texture" },
        "north": { "uv": [ 7, 4.5, 7.5, 5 ], "texture": "#texture" },
        "south": { "uv": [ 7, 4.5, 7.5, 5 ], "texture": "#texture" },
        "west":  { "uv": [ 7, 4.5, 7.5, 5 ], "texture": "#texture" },
        "east":  { "uv": [ 7, 4.5, 7.5, 5 ], "texture": "#texture", "cullface": "east" }
    }
},
{
    "from": [ 15, 4, 8 ],
    "to": [ 17, 5, 10 ],
    "faces": {
        "down":  { "uv": [ 7, 4.5, 7.5, 5 ], "texture": "#texture", "cullface": "east" },
        "up":    { "uv": [ 7, 4.5, 7.5, 5 ], "texture": "#texture", "cullface": "east" },
        "north": { "uv": [ 7, 4.5, 7.5, 5 ], "texture": "#texture", "cullface": "east" },
        "south": { "uv": [ 7, 4.5, 7.5, 5 ], "texture": "#texture", "cullface": "east" },
        "west":  { "uv": [ 7, 4.5, 7.5, 5 ], "texture": "#texture", "cullface": "east" },
        "east":  { "uv": [ 7, 4.5, 7.5, 5 ], "texture": "#texture", "cullface": "east" }
    }
},
{
    "from": [ 15, 5, 9 ],
    "to": [ 16, 6, 10 ],
    "faces": {
        "north": { "uv": [ 5.5, 6.5, 6, 7 ], "texture": "#texture" },
        "west":  { "uv": [ 5.5, 6.5, 6, 7 ], "texture": "#texture" },
        "east":  { "uv": [ 5.5, 6.5, 6, 7 ], "texture": "#texture", "cullface": "east" }
    }
},
{
    "from": [ 15, 3, 7 ],
    "to": [ 17, 4, 9 ],
    "faces": {
        "down":  { "uv": [ 7, 4.5, 7.5, 5 ], "texture": "#texture", "cullface": "east" },
        "up":    { "uv": [ 7, 4.5, 7.5, 5 ], "texture": "#texture", "cullface": "east" },
        "north": { "uv": [ 7, 4.5, 7.5, 5 ], "texture": "#texture", "cullface": "east" },
        "south": { "uv": [ 7, 4.5, 7.5, 5 ], "texture": "#texture", "cullface": "east" },
        "west":  { "uv": [ 7, 4.5, 7.5, 5 ], "texture": "#texture", "cullface": "east" },
        "east":  { "uv": [ 7, 4.5, 7.5, 5 ], "texture": "#texture", "cullface": "east" }
    }
},
{
    "from": [ 0, 1, 10 ],
    "to": [ 1, 6, 11 ],
    "faces": {
        "down":  { "uv": [ 12, 2, 12.5, 2.5 ], "texture": "#texture" },
        "north": { "uv": [ 12, 2, 12.5, 3 ], "texture": "#texture" },
        "south": { "uv": [ 12, 2, 12.5, 3 ], "texture": "#texture" },
        "west":  { "uv": [ 12, 2, 12.5, 3 ], "texture": "#texture", "cullface": "west" },
        "east":  { "uv": [ 12, 2, 12.5, 3 ], "texture": "#texture" }
    }
},
{
    "from": [ 0, 2, 9 ],
    "to": [ 1, 4, 10 ],
    "faces": {
        "down":  { "uv": [ 12, 2, 12.5, 2.5 ], "texture": "#texture" },
        "north": { "uv": [ 12, 2, 12.5, 3 ], "texture": "#texture" },
        "west":  { "uv": [ 12, 2, 12.5, 3 ], "texture": "#texture", "cullface": "west" },
        "east":  { "uv": [ 12, 2, 12.5, 3 ], "texture": "#texture" }
    }
},
{
    "from": [ 0, 2, 8 ],
    "to": [ 1, 3, 9 ],
    "faces": {
        "down":  { "uv": [ 12, 2, 12.5, 2.5 ], "texture": "#texture" },
        "west":  { "uv": [ 12, 2, 12.5, 3 ], "texture": "#texture", "cullface": "west" },
        "east":  { "uv": [ 12, 2, 12.5, 3 ], "texture": "#texture" }
    }
},
{
    "from": [ 0, 1, 11 ],
    "to": [ 1, 5, 12 ],
    "faces": {
        "down":  { "uv": [ 12, 2, 12.5, 2.5 ], "texture": "#texture" },
        "up":    { "uv": [ 12, 2, 12.5, 2.5 ], "texture": "#texture" },
        "south": { "uv": [ 12, 2, 12.5, 3 ], "texture": "#texture" },
        "west":  { "uv": [ 12, 2, 12.5, 3 ], "texture": "#texture", "cullface": "west" },
        "east":  { "uv": [ 12, 2, 12.5, 3 ], "texture": "#texture" }
    }
},
{
    "from": [ 0, 1, 12 ],
    "to": [ 1, 4, 13 ],
    "faces": {
        "down":  { "uv": [ 12, 2, 12.5, 2.5 ], "texture": "#texture" },
        "up":    { "uv": [ 12, 2, 12.5, 2.5 ], "texture": "#texture" },
        "south": { "uv": [ 12, 2, 12.5, 3 ], "texture": "#texture" },
        "west":  { "uv": [ 12, 2, 12.5, 3 ], "texture": "#texture", "cullface": "west" },
        "east":  { "uv": [ 12, 2, 12.5, 3 ], "texture": "#texture" }
    }
},
{
    "from": [ 0, 0, 13 ],
    "to": [ 1, 3, 14 ],
    "faces": {
        "down":  { "uv": [ 12, 2, 12.5, 2.5 ], "texture": "#texture", "cullface": "down" },
        "up":    { "uv": [ 12, 2, 12.5, 2.5 ], "texture": "#texture" },
        "north": { "uv": [ 12, 2, 12.5, 3 ], "texture": "#texture" },
        "south": { "uv": [ 12, 2, 12.5, 3 ], "texture": "#texture" },
        "west":  { "uv": [ 12, 2, 12.5, 3 ], "texture": "#texture", "cullface": "west" },
        "east":  { "uv": [ 12, 2, 12.5, 3 ], "texture": "#texture" }
    }
},
{
    "from": [ 0.5, 0, 14 ],
    "to": [ 15.5, 3, 15.5 ],
    "faces": {
        "down":  { "uv": [ 12, 2, 12.5, 2.5 ], "texture": "#texture", "cullface": "down" },
        "up":    { "uv": [ 12, 2, 12.5, 2.5 ], "texture": "#texture" },
        "north": { "uv": [ 12, 2, 12.5, 3 ], "texture": "#texture" },
        "south": { "uv": [ 12, 2, 12.5, 3 ], "texture": "#texture" },
        "west":  { "uv": [ 12, 2, 12.5, 3 ], "texture": "#texture" },
        "east":  { "uv": [ 12, 2, 12.5, 3 ], "texture": "#texture" }
    }
},
{
    "from": [ 3, 0, 15 ],
    "to": [ 13, 3, 16 ],
    "faces": {
        "down":  { "uv": [ 12, 2, 12.5, 2.5 ], "texture": "#texture", "cullface": "down" },
        "up":    { "uv": [ 12, 2, 12.5, 2.5 ], "texture": "#texture" },
        "north": { "uv": [ 12, 2, 12.5, 3 ], "texture": "#texture" },
        "south": { "uv": [ 12, 2, 12.5, 3 ], "texture": "#texture", "cullface": "south" },
        "west":  { "uv": [ 12, 2, 12.5, 3 ], "texture": "#texture" },
        "east":  { "uv": [ 12, 2, 12.5, 3 ], "texture": "#texture" }
    }
},
{
    "from": [ 6, 0, 16 ],
    "to": [ 10, 3, 17 ],
    "faces": {
        "down":  { "uv": [ 12, 2, 12.5, 2.5 ], "texture": "#texture", "cullface": "south" },
        "up":    { "uv": [ 12, 2, 12.5, 2.5 ], "texture": "#texture", "cullface": "south" },
        "south": { "uv": [ 12, 2, 12.5, 3 ], "texture": "#texture", "cullface": "south" },
        "west":  { "uv": [ 12, 2, 12.5, 3 ], "texture": "#texture", "cullface": "south" },
        "east":  { "uv": [ 12, 2, 12.5, 3 ], "texture": "#texture", "cullface": "south" }
    }
},
{
    "from": [ 15, 0, 13 ],
    "to": [ 16, 3, 14 ],
    "faces": {
        "down":  { "uv": [ 12, 2, 12.5, 2.5 ], "texture": "#texture", "cullface": "down" },
        "up":    { "uv": [ 12, 2, 12.5, 2.5 ], "texture": "#texture" },
        "north": { "uv": [ 12, 2, 12.5, 3 ], "texture": "#texture" },
        "south": { "uv": [ 12, 2, 12.5, 3 ], "texture": "#texture" },
        "west":  { "uv": [ 12, 2, 12.5, 3 ], "texture": "#texture" },
        "east":  { "uv": [ 12, 2, 12.5, 3 ], "texture": "#texture", "cullface": "east" }
    }
},
{
    "from": [ 15, 1, 12 ],
    "to": [ 16, 4, 13 ],
    "faces": {
        "down":  { "uv": [ 12, 2, 12.5, 2.5 ], "texture": "#texture" },
        "up":    { "uv": [ 12, 2, 12.5, 2.5 ], "texture": "#texture" },
        "south": { "uv": [ 12, 2, 12.5, 3 ], "texture": "#texture" },
        "west":  { "uv": [ 12, 2, 12.5, 3 ], "texture": "#texture" },
        "east":  { "uv": [ 12, 2, 12.5, 3 ], "texture": "#texture", "cullface": "east" }
    }
},
{
    "from": [ 15, 1, 11 ],
    "to": [ 16, 5, 12 ],
    "faces": {
        "down":  { "uv": [ 12, 2, 12.5, 2.5 ], "texture": "#texture" },
        "up":    { "uv": [ 12, 2, 12.5, 2.5 ], "texture": "#texture" },
        "south": { "uv": [ 12, 2, 12.5, 3 ], "texture": "#texture" },
        "west":  { "uv": [ 12, 2, 12.5, 3 ], "texture": "#texture" },
        "east":  { "uv": [ 12, 2, 12.5, 3 ], "texture": "#texture", "cullface": "east" }
    }
},
{
    "from": [ 15, 1, 10 ],
    "to": [ 16, 6, 11 ],
    "faces": {
        "down":  { "uv": [ 12, 2, 12.5, 2.5 ], "texture": "#texture" },
        "north": { "uv": [ 12, 2, 12.5, 3 ], "texture": "#texture" },
        "south": { "uv": [ 12, 2, 12.5, 3 ], "texture": "#texture" },
        "west":  { "uv": [ 12, 2, 12.5, 3 ], "texture": "#texture" },
        "east":  { "uv": [ 12, 2, 12.5, 3 ], "texture": "#texture", "cullface": "east" }
    }
}
],
"display": {
    "head": {
        "rotation": [ 0, 180, 0 ],
        "translation": [ 0, 0, 0 ],
        "scale": [ 1, 1, 1 ]
    },
    "fixed": {
        "rotation": [ 0, 180, 0 ],
        "translation": [ 0, 0, 0 ],
        "scale": [ 0.8, 0.8, 0.8 ]
    },
    "gui": {
        "rotation": [ 0, 0, 0 ],
        "translation": [ 0, -1, 0 ],
        "scale": [ 0.6, 0.6, 0.6 ]
    }
}
}
