{
"__comment": "designed by hypixel minecraft server with bdcraft cubik pro 0.93 beta - http://bdcraft.net",
"textures": {
    "texture": "items/commandereaglegogglesunwrap1",
    "texture2": "items/commandereaglegogglesunwrap2",
    "texture4": "items/commandereaglegogglesunwrap4",
    "texture3": "items/commandereaglegogglesunwrap3"
},
"elements": [ 
{
    "from": [ 5, 0, -1 ],
    "to": [ 11, 2, 1 ],
    "faces": {
        "down":  { "uv": [ 11, 12, 10, 11.5 ], "rotation": 90, "texture": "#texture", "cullface": "north" },
        "up":    { "uv": [ 6.5, 11, 9.5, 11.5 ], "texture": "#texture", "cullface": "north" },
        "north": { "uv": [ 9.5, 11, 6.5, 12 ], "texture": "#texture", "cullface": "north" },
        "south": { "uv": [ 6.5, 11, 9.5, 12 ], "texture": "#texture", "cullface": "north" },
        "west":  { "uv": [ 3.5, 11, 4, 12 ], "texture": "#texture2", "cullface": "north" },
        "east":  { "uv": [ 4, 11, 3.5, 12 ], "texture": "#texture2", "cullface": "north" }
    }
},
{
    "from": [ 6, -1, -1 ],
    "to": [ 10, 0, 2 ],
    "faces": {
        "down":  { "uv": [ 9, 12.5, 7, 12 ], "texture": "#texture", "cullface": "north" },
        "up":    { "uv": [ 7, 3.5, 9, 5 ], "texture": "#texture4", "cullface": "north" },
        "north": { "uv": [ 9, 12, 7, 12.5 ], "texture": "#texture", "cullface": "north" },
        "south": { "uv": [ 7, 12, 9, 12.5 ], "texture": "#texture", "cullface": "north" },
        "west":  { "uv": [ 3.5, 12, 5, 12.5 ], "texture": "#texture2", "cullface": "north" },
        "east":  { "uv": [ 5, 12, 3.5, 12.5 ], "texture": "#texture2", "cullface": "north" }
    }
},
{
    "from": [ 3, 0, 0 ],
    "to": [ 13, 1, 2 ],
    "faces": {
        "down":  { "uv": [ 9, 12.5, 7, 12 ], "rotation": 90, "texture": "#texture", "cullface": "down" },
        "up":    { "uv": [ 4, 10.5, 4.5, 11 ], "texture": "#texture" },
        "north": { "uv": [ 10.5, 11.5, 5.5, 12 ], "texture": "#texture", "cullface": "north" },
        "south": { "uv": [ 5.5, 11.5, 10.5, 12 ], "texture": "#texture" },
        "west":  { "uv": [ 4, 11.5, 5, 12 ], "texture": "#texture2" },
        "east":  { "uv": [ 5, 11.5, 4, 12 ], "texture": "#texture2" }
    }
},
{
    "from": [ 1, 1, 0 ],
    "to": [ 3, 2, 1 ],
    "faces": {
        "down":  { "uv": [ 11.5, 11.5, 10.5, 11 ], "texture": "#texture" },
        "up":    { "uv": [ 11.5, 10.5, 12, 11 ], "rotation": 90, "texture": "#texture" },
        "north": { "uv": [ 5.5, 11, 4.5, 11.5 ], "texture": "#texture", "cullface": "north" },
        "south": { "uv": [ 4.5, 11, 5.5, 11.5 ], "texture": "#texture" },
        "west":  { "uv": [ 4, 11, 4.5, 11.5 ], "texture": "#texture2" },
        "east":  { "uv": [ 4.5, 11, 4, 11.5 ], "texture": "#texture2" }
    }
},
{
    "from": [ 13, 1, 0 ],
    "to": [ 15, 2, 1 ],
    "faces": {
        "down":  { "uv": [ 5.5, 11.5, 4.5, 11 ], "texture": "#texture" },
        "up":    { "uv": [ 4, 10.5, 4.5, 11 ], "texture": "#texture" },
        "north": { "uv": [ 11.5, 11, 10.5, 11.5 ], "texture": "#texture", "cullface": "north" },
        "south": { "uv": [ 10.5, 11, 11.5, 11.5 ], "texture": "#texture3" },
        "west":  { "uv": [ 4, 11, 4.5, 11.5 ], "texture": "#texture2" },
        "east":  { "uv": [ 4.5, 11, 4, 11.5 ], "texture": "#texture2" }
    }
},
{
    "from": [ 11, 0, 1 ],
    "to": [ 14, 1, 3 ],
    "faces": {
        "down":  { "uv": [ 5.5, 12, 5, 11.5 ], "texture": "#texture", "cullface": "down" },
        "up":    { "uv": [ 4, 10.5, 4.5, 11 ], "texture": "#texture" },
        "north": { "uv": [ 11, 11.5, 9.5, 12 ], "texture": "#texture" },
        "south": { "uv": [ 9.5, 11.5, 11, 12 ], "texture": "#texture3" },
        "west":  { "uv": [ 4.5, 11.5, 5.5, 12 ], "texture": "#texture2" }
    }
},
{
    "from": [ 2, 0, 1 ],
    "to": [ 5, 1, 3 ],
    "faces": {
        "down":  { "uv": [ 11, 12, 10.5, 11.5 ], "texture": "#texture", "cullface": "down" },
        "up":    { "uv": [ 11.5, 10.5, 12, 11 ], "texture": "#texture" },
        "north": { "uv": [ 6.5, 11.5, 5, 12 ], "texture": "#texture" },
        "south": { "uv": [ 5, 11.5, 6.5, 12 ], "texture": "#texture" },
        "east":  { "uv": [ 5.5, 11.5, 4.5, 12 ], "texture": "#texture2" }
    }
},
{
    "from": [ 13, 0, 3 ],
    "to": [ 14, 1, 4 ],
    "faces": {
        "down":  { "uv": [ 5.5, 12, 5, 11.5 ], "texture": "#texture", "cullface": "down" },
        "up":    { "uv": [ 4, 10.5, 4.5, 11 ], "texture": "#texture" },
        "south": { "uv": [ 10.5, 11.5, 11, 12 ], "texture": "#texture3" },
        "west":  { "uv": [ 5.5, 11.5, 6, 12 ], "texture": "#texture2" }
    }
},
{
    "from": [ 14, 0, 1 ],
    "to": [ 15, 1, 5 ],
    "faces": {
        "down":  { "uv": [ 5, 12, 4.5, 11.5 ], "texture": "#texture", "cullface": "down" },
        "up":    { "uv": [ 4, 10.5, 4.5, 11 ], "texture": "#texture" },
        "north": { "uv": [ 11.5, 11.5, 11, 12 ], "texture": "#texture" },
        "south": { "uv": [ 11, 11.5, 11.5, 12 ], "texture": "#texture3" },
        "west":  { "uv": [ 4.5, 11.5, 6.5, 12 ], "texture": "#texture2" },
        "east":  { "uv": [ 6.5, 11.5, 4.5, 12 ], "texture": "#texture2" }
    }
},
{
    "from": [ 1, 0, 1 ],
    "to": [ 2, 1, 5 ],
    "faces": {
        "down":  { "uv": [ 11.5, 12, 11, 11.5 ], "texture": "#texture", "cullface": "down" },
        "up":    { "uv": [ 11.5, 10.5, 12, 11 ], "texture": "#texture" },
        "north": { "uv": [ 5, 11.5, 4.5, 12 ], "texture": "#texture" },
        "south": { "uv": [ 4.5, 11.5, 5, 12 ], "texture": "#texture" },
        "west":  { "uv": [ 4.5, 11.5, 6.5, 12 ], "texture": "#texture2" },
        "east":  { "uv": [ 6.5, 11.5, 4.5, 12 ], "texture": "#texture2" }
    }
},
{
    "from": [ 2, 0, 3 ],
    "to": [ 3, 1, 4 ],
    "faces": {
        "down":  { "uv": [ 11, 12, 10.5, 11.5 ], "texture": "#texture", "cullface": "down" },
        "up":    { "uv": [ 11.5, 10.5, 12, 11 ], "texture": "#texture" },
        "south": { "uv": [ 5, 11.5, 5.5, 12 ], "texture": "#texture" },
        "east":  { "uv": [ 6, 11.5, 5.5, 12 ], "texture": "#texture2" }
    }
},
{
    "from": [ 15, 1, 1 ],
    "to": [ 16, 2, 4 ],
    "faces": {
        "down":  { "uv": [ 6, 11.5, 4.5, 11 ], "rotation": 90, "texture": "#texture2" },
        "up":    { "uv": [ 4, 10.5, 4.5, 11 ], "texture": "#texture" },
        "north": { "uv": [ 12, 11, 11.5, 11.5 ], "texture": "#texture" },
        "west":  { "uv": [ 4.5, 11, 6, 11.5 ], "texture": "#texture2" },
        "east":  { "uv": [ 6, 11, 4.5, 11.5 ], "texture": "#texture2", "cullface": "east" }
    }
},
{
    "from": [ 0, 1, 1 ],
    "to": [ 1, 2, 4 ],
    "faces": {
        "down":  { "uv": [ 12, 11.5, 11.5, 11 ], "texture": "#texture" },
        "up":    { "uv": [ 11.5, 10.5, 12, 11 ], "rotation": 90, "texture": "#texture" },
        "north": { "uv": [ 4.5, 11, 4, 11.5 ], "texture": "#texture" },
        "west":  { "uv": [ 4.5, 11, 6, 11.5 ], "texture": "#texture2", "cullface": "west" },
        "east":  { "uv": [ 6, 11, 4.5, 11.5 ], "texture": "#texture2" }
    }
},
{
    "from": [ 15, 1, 4 ],
    "to": [ 16, 15, 15 ],
    "faces": {
        "down":  { "uv": [ 4.5, 11.5, 4, 11 ], "texture": "#texture" },
        "up":    { "uv": [ 11.5, 6, 12, 11.5 ], "texture": "#texture4" },
        "north": { "uv": [ 12, 4.5, 11.5, 11.5 ], "texture": "#texture" },
        "south": { "uv": [ 11.5, 4.5, 12, 11.5 ], "texture": "#texture3" },
        "west":  { "uv": [ 6, 4.5, 11.5, 11.5 ], "texture": "#texture2" },
        "east":  { "uv": [ 11.5, 4.5, 6, 11.5 ], "texture": "#texture2", "cullface": "east" }
    }
},
{
    "from": [ 0, 15, 3 ],
    "to": [ 16, 16, 14 ],
    "faces": {
        "down":  { "uv": [ 12, 11, 4, 5.5 ], "texture": "#texture4" },
        "up":    { "uv": [ 4, 5.5, 12, 11 ], "texture": "#texture4", "cullface": "up" },
        "north": { "uv": [ 12, 4, 4, 4.5 ], "texture": "#texture" },
        "south": { "uv": [ 4, 4, 12, 4.5 ], "texture": "#texture3" },
        "west":  { "uv": [ 5.5, 4, 11, 4.5 ], "texture": "#texture2", "cullface": "west" },
        "east":  { "uv": [ 11, 4, 5.5, 4.5 ], "texture": "#texture2", "cullface": "east" }
    }
},
{
    "from": [ 15, 4, 3 ],
    "to": [ 16, 15, 4 ],
    "faces": {
        "down":  { "uv": [ 4.5, 10, 4, 9.5 ], "texture": "#texture" },
        "north": { "uv": [ 12, 4.5, 11.5, 10 ], "texture": "#texture" },
        "west":  { "uv": [ 5.5, 4.5, 6, 10 ], "texture": "#texture2" },
        "east":  { "uv": [ 6, 4.5, 5.5, 10 ], "texture": "#texture2", "cullface": "east" }
    }
},
{
    "from": [ 15, 5, 2 ],
    "to": [ 16, 15, 3 ],
    "faces": {
        "down":  { "uv": [ 4.5, 9.5, 4, 9 ], "texture": "#texture" },
        "up":    { "uv": [ 11.5, 5, 12, 5.5 ], "texture": "#texture4" },
        "north": { "uv": [ 12, 4.5, 11.5, 9.5 ], "texture": "#texture" },
        "west":  { "uv": [ 5, 4.5, 5.5, 9.5 ], "texture": "#texture2" },
        "east":  { "uv": [ 5.5, 4.5, 5, 9.5 ], "texture": "#texture2", "cullface": "east" }
    }
},
{
    "from": [ 15, 6, 1 ],
    "to": [ 16, 15, 2 ],
    "faces": {
        "down":  { "uv": [ 4.5, 9, 4, 8.5 ], "texture": "#texture" },
        "up":    { "uv": [ 11.5, 4.5, 12, 5 ], "texture": "#texture4" },
        "north": { "uv": [ 12, 4.5, 11.5, 9 ], "texture": "#texture" },
        "west":  { "uv": [ 4.5, 4.5, 5, 9 ], "texture": "#texture2" },
        "east":  { "uv": [ 5, 4.5, 4.5, 9 ], "texture": "#texture2", "cullface": "east" }
    }
},
{
    "from": [ 0, 10, 0 ],
    "to": [ 16, 13, 1 ],
    "faces": {
        "down":  { "uv": [ 12, 7, 4, 6.5 ], "texture": "#texture" },
        "up":    { "uv": [ 4, 4, 12, 4.5 ], "texture": "#texture4" },
        "north": { "uv": [ 12, 5.5, 4, 7 ], "texture": "#texture", "cullface": "north" },
        "south": { "uv": [ 4, 5.5, 12, 7 ], "texture": "#texture3" },
        "west":  { "uv": [ 4, 5.5, 4.5, 7 ], "texture": "#texture2", "cullface": "west" },
        "east":  { "uv": [ 4.5, 5.5, 4, 7 ], "texture": "#texture2", "cullface": "east" }
    }
},
{
    "from": [ 0, 1, 4 ],
    "to": [ 1, 15, 15 ],
    "faces": {
        "down":  { "uv": [ 12, 11.5, 11.5, 11 ], "texture": "#texture" },
        "up":    { "uv": [ 4, 6, 4.5, 11.5 ], "texture": "#texture4" },
        "north": { "uv": [ 4.5, 4.5, 4, 11.5 ], "texture": "#texture" },
        "south": { "uv": [ 4, 4.5, 4.5, 11.5 ], "texture": "#texture3" },
        "west":  { "uv": [ 6, 4.5, 11.5, 11.5 ], "texture": "#texture2", "cullface": "west" },
        "east":  { "uv": [ 11.5, 4.5, 6, 11.5 ], "texture": "#texture2" }
    }
},
{
    "from": [ 0, 4, 3 ],
    "to": [ 1, 15, 4 ],
    "faces": {
        "down":  { "uv": [ 12, 10, 11.5, 9.5 ], "texture": "#texture" },
        "north": { "uv": [ 4.5, 4.5, 4, 10 ], "texture": "#texture" },
        "west":  { "uv": [ 5.5, 4.5, 6, 10 ], "texture": "#texture2", "cullface": "west" },
        "east":  { "uv": [ 6, 4.5, 5.5, 10 ], "texture": "#texture2" }
    }
},
{
    "from": [ 0, 5, 2 ],
    "to": [ 1, 15, 3 ],
    "faces": {
        "down":  { "uv": [ 12, 9.5, 11.5, 9 ], "texture": "#texture" },
        "up":    { "uv": [ 4, 5, 4.5, 5.5 ], "texture": "#texture4" },
        "north": { "uv": [ 4.5, 4.5, 4, 9.5 ], "texture": "#texture" },
        "west":  { "uv": [ 5, 4.5, 5.5, 9.5 ], "texture": "#texture2", "cullface": "west" },
        "east":  { "uv": [ 5.5, 4.5, 5, 9.5 ], "texture": "#texture2" }
    }
},
{
    "from": [ 0, 6, 1 ],
    "to": [ 1, 15, 2 ],
    "faces": {
        "down":  { "uv": [ 12, 9, 11.5, 8.5 ], "texture": "#texture" },
        "up":    { "uv": [ 4, 4.5, 4.5, 5 ], "texture": "#texture4" },
        "north": { "uv": [ 4.5, 4.5, 4, 9 ], "texture": "#texture" },
        "west":  { "uv": [ 4.5, 4.5, 5, 9 ], "texture": "#texture2", "cullface": "west" },
        "east":  { "uv": [ 5, 4.5, 4.5, 9 ], "texture": "#texture2" }
    }
},
{
    "from": [ 1, 15, 1 ],
    "to": [ 15, 16, 15 ],
    "faces": {
        "down":  { "uv": [ 11.5, 11.5, 4.5, 4.5 ], "texture": "#texture4" },
        "up":    { "uv": [ 4.5, 4.5, 11.5, 11.5 ], "texture": "#texture4", "cullface": "up" },
        "north": { "uv": [ 11.5, 4, 4.5, 4.5 ], "texture": "#texture" },
        "south": { "uv": [ 4.5, 4, 11.5, 4.5 ], "texture": "#texture3" },
        "west":  { "uv": [ 4.5, 4, 11.5, 4.5 ], "texture": "#texture2" },
        "east":  { "uv": [ 11.5, 4, 4.5, 4.5 ], "texture": "#texture2" }
    }
},
{
    "from": [ 1, 6, 0 ],
    "to": [ 15, 15, 1 ],
    "faces": {
        "down":  { "uv": [ 4.5, 9, 4, 8.5 ], "texture": "#texture2" },
        "up":    { "uv": [ 4.5, 4, 11.5, 4.5 ], "texture": "#texture4" },
        "north": { "uv": [ 11.5, 4.5, 4.5, 9 ], "texture": "#texture", "cullface": "north" },
        "south": { "uv": [ 4.5, 4.5, 11.5, 9 ], "texture": "#texture3" },
        "west":  { "uv": [ 4, 4.5, 4.5, 9 ], "texture": "#texture2" },
        "east":  { "uv": [ 4.5, 4.5, 4, 9 ], "texture": "#texture2" }
    }
},
{
    "from": [ 3, 15, 0 ],
    "to": [ 13, 16, 1 ],
    "faces": {
        "up":    { "uv": [ 5.5, 4, 10.5, 4.5 ], "texture": "#texture4", "cullface": "up" },
        "north": { "uv": [ 10.5, 4, 5.5, 4.5 ], "texture": "#texture", "cullface": "north" },
        "west":  { "uv": [ 4, 4, 4.5, 4.5 ], "texture": "#texture2" },
        "east":  { "uv": [ 4.5, 4, 4, 4.5 ], "texture": "#texture2" }
    }
},
{
    "from": [ 1, 10, -1 ],
    "to": [ 15, 13, 0 ],
    "faces": {
        "down":  { "uv": [ 11.5, 7, 4.5, 6.5 ], "texture": "#texture", "cullface": "north" },
        "up":    { "uv": [ 4.5, 3.5, 11.5, 4 ], "texture": "#texture4", "cullface": "north" },
        "north": { "uv": [ 11.5, 5.5, 4.5, 7 ], "texture": "#texture", "cullface": "north" },
        "west":  { "uv": [ 3.5, 5.5, 4, 7 ], "texture": "#texture2", "cullface": "north" },
        "east":  { "uv": [ 4, 5.5, 3.5, 7 ], "texture": "#texture2", "cullface": "north" }
    }
},
{
    "from": [ 2, 13, -1 ],
    "to": [ 14, 14, 0 ],
    "faces": {
        "up":    { "uv": [ 5, 3.5, 11, 4 ], "texture": "#texture4", "cullface": "north" },
        "north": { "uv": [ 11, 5, 5, 5.5 ], "texture": "#texture", "cullface": "north" },
        "west":  { "uv": [ 3.5, 5, 4, 5.5 ], "texture": "#texture2", "cullface": "north" },
        "east":  { "uv": [ 4, 5, 3.5, 5.5 ], "texture": "#texture2", "cullface": "north" }
    }
},
{
    "from": [ 3, 14, -1 ],
    "to": [ 13, 15, 0 ],
    "faces": {
        "up":    { "uv": [ 5.5, 3.5, 10.5, 4 ], "texture": "#texture4", "cullface": "north" },
        "north": { "uv": [ 10.5, 4.5, 5.5, 5 ], "texture": "#texture", "cullface": "north" },
        "west":  { "uv": [ 3.5, 4.5, 4, 5 ], "texture": "#texture2", "cullface": "north" },
        "east":  { "uv": [ 4, 4.5, 3.5, 5 ], "texture": "#texture2", "cullface": "north" }
    }
},
{
    "from": [ 1, 9, -1 ],
    "to": [ 6, 10, 0 ],
    "faces": {
        "north": { "uv": [ 7, 7, 4.5, 7.5 ], "texture": "#texture", "cullface": "north" },
        "west":  { "uv": [ 3.5, 7, 4, 7.5 ], "texture": "#texture2", "cullface": "north" },
        "east":  { "uv": [ 4, 7, 3.5, 7.5 ], "texture": "#texture2", "cullface": "north" }
    }
},
{
    "from": [ 10, 9, -1 ],
    "to": [ 15, 10, 0 ],
    "faces": {
        "north": { "uv": [ 11.5, 7, 9, 7.5 ], "texture": "#texture", "cullface": "north" },
        "west":  { "uv": [ 3.5, 7, 4, 7.5 ], "texture": "#texture2", "cullface": "north" },
        "east":  { "uv": [ 4, 7, 3.5, 7.5 ], "texture": "#texture2", "cullface": "north" }
    }
},
{
    "from": [ 1, 6, -1 ],
    "to": [ 7, 9, 0 ],
    "faces": {
        "down":  { "uv": [ 4, 9, 3.5, 8.5 ], "texture": "#texture2", "cullface": "north" },
        "up":    { "uv": [ 4.5, 7.5, 7.5, 8 ], "texture": "#texture", "cullface": "north" },
        "north": { "uv": [ 7.5, 7.5, 4.5, 9 ], "texture": "#texture", "cullface": "north" },
        "west":  { "uv": [ 3.5, 7.5, 4, 9 ], "texture": "#texture2", "cullface": "north" },
        "east":  { "uv": [ 4, 7.5, 3.5, 9 ], "texture": "#texture2", "cullface": "north" }
    }
},
{
    "from": [ 9, 6, -1 ],
    "to": [ 15, 9, 0 ],
    "faces": {
        "down":  { "uv": [ 4, 9, 3.5, 8.5 ], "texture": "#texture2", "cullface": "north" },
        "up":    { "uv": [ 8.5, 7.5, 11.5, 8 ], "texture": "#texture", "cullface": "north" },
        "north": { "uv": [ 11.5, 7.5, 8.5, 9 ], "texture": "#texture", "cullface": "north" },
        "west":  { "uv": [ 3.5, 7.5, 4, 9 ], "texture": "#texture2", "cullface": "north" },
        "east":  { "uv": [ 4, 7.5, 3.5, 9 ], "texture": "#texture2", "cullface": "north" }
    }
},
{
    "from": [ 2, 5, -1 ],
    "to": [ 6, 6, 1 ],
    "faces": {
        "down":  { "uv": [ 4.5, 9.5, 3.5, 9 ], "rotation": 90, "texture": "#texture2", "cullface": "north" },
        "up":    { "uv": [ 5, 3.5, 7, 4.5 ], "texture": "#texture4", "cullface": "north" },
        "north": { "uv": [ 7, 9, 5, 9.5 ], "texture": "#texture", "cullface": "north" },
        "south": { "uv": [ 5, 9, 7, 9.5 ], "texture": "#texture3", "cullface": "north" },
        "west":  { "uv": [ 3.5, 9, 4.5, 9.5 ], "texture": "#texture2", "cullface": "north" },
        "east":  { "uv": [ 4.5, 9, 3.5, 9.5 ], "texture": "#texture2", "cullface": "north" }
    }
},
{
    "from": [ 10, 5, -1 ],
    "to": [ 14, 6, 1 ],
    "faces": {
        "down":  { "uv": [ 4.5, 9.5, 3.5, 9 ], "rotation": 90, "texture": "#texture2", "cullface": "north" },
        "up":    { "uv": [ 9, 3.5, 11, 4.5 ], "texture": "#texture4", "cullface": "north" },
        "north": { "uv": [ 11, 9, 9, 9.5 ], "texture": "#texture", "cullface": "north" },
        "south": { "uv": [ 9, 9, 11, 9.5 ], "texture": "#texture3", "cullface": "north" },
        "west":  { "uv": [ 3.5, 9, 4.5, 9.5 ], "texture": "#texture2", "cullface": "north" },
        "east":  { "uv": [ 4.5, 9, 3.5, 9.5 ], "texture": "#texture2", "cullface": "north" }
    }
},
{
    "from": [ 2, 6, -2 ],
    "to": [ 6, 9, -1 ],
    "faces": {
        "down":  { "uv": [ 5, 9, 7, 8.5 ], "texture": "#texture", "cullface": "north" },
        "up":    { "uv": [ 5, 7.5, 7, 8 ], "texture": "#texture", "cullface": "north" },
        "north": { "uv": [ 7, 7.5, 5, 9 ], "texture": "#texture", "cullface": "north" },
        "west":  { "uv": [ 3, 7.5, 3.5, 9 ], "texture": "#texture2", "cullface": "north" },
        "east":  { "uv": [ 3.5, 7.5, 3, 9 ], "texture": "#texture2", "cullface": "north" }
    }
},
{
    "from": [ 10, 6, -2 ],
    "to": [ 14, 9, -1 ],
    "faces": {
        "down":  { "uv": [ 9, 9, 11, 8.5 ], "texture": "#texture", "cullface": "north" },
        "up":    { "uv": [ 10.5, 3, 11, 3.5 ], "texture": "#texture4", "cullface": "north" },
        "north": { "uv": [ 11, 7.5, 9, 9 ], "texture": "#texture", "cullface": "north" },
        "west":  { "uv": [ 3, 7.5, 3.5, 9 ], "texture": "#texture2", "cullface": "north" },
        "east":  { "uv": [ 3.5, 7.5, 3, 9 ], "texture": "#texture2", "cullface": "north" }
    }
},
{
    "from": [ 11, 9, -2 ],
    "to": [ 14, 10, -1 ],
    "faces": {
        "up":    { "uv": [ 9.5, 3, 11, 3.5 ], "texture": "#texture4", "cullface": "north" },
        "north": { "uv": [ 11, 7, 9.5, 7.5 ], "texture": "#texture", "cullface": "north" },
        "west":  { "uv": [ 3, 7, 3.5, 7.5 ], "texture": "#texture2", "cullface": "north" },
        "east":  { "uv": [ 3.5, 7, 3, 7.5 ], "texture": "#texture2", "cullface": "north" }
    }
},
{
    "from": [ 2, 9, -2 ],
    "to": [ 5, 10, -1 ],
    "faces": {
        "up":    { "uv": [ 5, 3, 6.5, 3.5 ], "texture": "#texture4", "cullface": "north" },
        "north": { "uv": [ 6.5, 7, 5, 7.5 ], "texture": "#texture", "cullface": "north" },
        "west":  { "uv": [ 3, 7, 3.5, 7.5 ], "texture": "#texture2", "cullface": "north" },
        "east":  { "uv": [ 3.5, 7, 3, 7.5 ], "texture": "#texture2", "cullface": "north" }
    }
},
{
    "from": [ 3, 10, -2 ],
    "to": [ 13, 13, -1 ],
    "faces": {
        "down":  { "uv": [ 10.5, 7, 5.5, 6.5 ], "texture": "#texture", "cullface": "north" },
        "up":    { "uv": [ 5.5, 3, 10.5, 3.5 ], "texture": "#texture4", "cullface": "north" },
        "north": { "uv": [ 10.5, 5.5, 5.5, 7 ], "texture": "#texture", "cullface": "north" },
        "west":  { "uv": [ 3, 5.5, 3.5, 7 ], "texture": "#texture2", "cullface": "north" },
        "east":  { "uv": [ 3.5, 5.5, 3, 7 ], "texture": "#texture2", "cullface": "north" }
    }
},
{
    "from": [ 5, 15, -1 ],
    "to": [ 11, 16, 0 ],
    "faces": {
        "up":    { "uv": [ 6.5, 3.5, 9.5, 4 ], "texture": "#texture4", "cullface": "north" },
        "north": { "uv": [ 9.5, 4, 6.5, 4.5 ], "texture": "#texture", "cullface": "north" },
        "west":  { "uv": [ 3.5, 4, 4, 4.5 ], "texture": "#texture2", "cullface": "north" },
        "east":  { "uv": [ 4, 4, 3.5, 4.5 ], "texture": "#texture2", "cullface": "north" }
    }
},
{
    "from": [ 4, 13, -2 ],
    "to": [ 12, 14, -1 ],
    "faces": {
        "up":    { "uv": [ 6, 3, 10, 3.5 ], "texture": "#texture4", "cullface": "north" },
        "north": { "uv": [ 10, 5, 6, 5.5 ], "texture": "#texture", "cullface": "north" },
        "west":  { "uv": [ 3, 5, 3.5, 5.5 ], "texture": "#texture2", "cullface": "north" },
        "east":  { "uv": [ 3.5, 5, 3, 5.5 ], "texture": "#texture2", "cullface": "north" }
    }
},
{
    "from": [ 6, 14, -2 ],
    "to": [ 10, 15, -1 ],
    "faces": {
        "up":    { "uv": [ 7, 3, 9, 3.5 ], "texture": "#texture4", "cullface": "north" },
        "north": { "uv": [ 9, 4.5, 7, 5 ], "texture": "#texture", "cullface": "north" },
        "west":  { "uv": [ 3, 4.5, 3.5, 5 ], "texture": "#texture2", "cullface": "north" },
        "east":  { "uv": [ 3.5, 4.5, 3, 5 ], "texture": "#texture2", "cullface": "north" }
    }
},
{
    "from": [ 1, -1, 15 ],
    "to": [ 15, 15, 16 ],
    "faces": {
        "down":  { "uv": [ 11.5, 12.5, 4.5, 12 ], "texture": "#texture3", "cullface": "down" },
        "up":    { "uv": [ 4.5, 11.5, 11.5, 12 ], "texture": "#texture4", "cullface": "down" },
        "north": { "uv": [ 11.5, 4.5, 4.5, 12.5 ], "texture": "#texture3", "cullface": "down" },
        "south": { "uv": [ 4.5, 4.5, 11.5, 12.5 ], "texture": "#texture3", "cullface": "down" },
        "west":  { "uv": [ 11.5, 4.5, 12, 12.5 ], "texture": "#texture2", "cullface": "down" },
        "east":  { "uv": [ 12, 4.5, 11.5, 12.5 ], "texture": "#texture2", "cullface": "down" }
    }
},
{
    "from": [ -1, 4, 15 ],
    "to": [ 17, 13, 16 ],
    "faces": {
        "down":  { "uv": [ 12.5, 10, 3.5, 9.5 ], "texture": "#texture3" },
        "up":    { "uv": [ 3.5, 11.5, 12.5, 12 ], "texture": "#texture4" },
        "north": { "uv": [ 12.5, 5.5, 3.5, 10 ], "texture": "#texture3" },
        "south": { "uv": [ 3.5, 5.5, 12.5, 10 ], "texture": "#texture3", "cullface": "south" },
        "west":  { "uv": [ 11.5, 5.5, 12, 10 ], "texture": "#texture2" },
        "east":  { "uv": [ 12, 5.5, 11.5, 10 ], "texture": "#texture2" }
    }
},
{
    "from": [ 0, 2, 15 ],
    "to": [ 16, 4, 16 ],
    "faces": {
        "down":  { "uv": [ 12, 11, 4, 10.5 ], "texture": "#texture3" },
        "north": { "uv": [ 12, 10, 4, 11 ], "texture": "#texture3" },
        "south": { "uv": [ 4, 10, 12, 11 ], "texture": "#texture3", "cullface": "south" },
        "west":  { "uv": [ 11.5, 10, 12, 11 ], "texture": "#texture2", "cullface": "west" },
        "east":  { "uv": [ 12, 10, 11.5, 11 ], "texture": "#texture2", "cullface": "east" }
    }
},
{
    "from": [ 2, 15, 15 ],
    "to": [ 14, 16, 16 ],
    "faces": {
        "up":    { "uv": [ 5, 11.5, 11, 12 ], "texture": "#texture4", "cullface": "up" },
        "south": { "uv": [ 5, 4, 11, 4.5 ], "texture": "#texture3", "cullface": "south" },
        "west":  { "uv": [ 11.5, 4, 12, 4.5 ], "texture": "#texture2" },
        "east":  { "uv": [ 12, 4, 11.5, 4.5 ], "texture": "#texture2" }
    }
},
{
    "from": [ 5, 4, 16 ],
    "to": [ 11, 16, 17 ],
    "faces": {
        "down":  { "uv": [ 9.5, 10, 6.5, 9.5 ], "texture": "#texture3", "cullface": "south" },
        "up":    { "uv": [ 6.5, 12, 9.5, 12.5 ], "texture": "#texture4", "cullface": "south" },
        "north": { "uv": [ 9.5, 4, 6.5, 10 ], "texture": "#texture", "cullface": "south" },
        "south": { "uv": [ 6.5, 4, 9.5, 10 ], "texture": "#texture3", "cullface": "south" },
        "west":  { "uv": [ 12, 4, 12.5, 10 ], "texture": "#texture2", "cullface": "south" },
        "east":  { "uv": [ 12.5, 4, 12, 10 ], "texture": "#texture2", "cullface": "south" }
    }
},
{
    "from": [ 3, 5, 16 ],
    "to": [ 13, 15, 17 ],
    "faces": {
        "down":  { "uv": [ 10.5, 9.5, 5.5, 9 ], "texture": "#texture3", "cullface": "south" },
        "up":    { "uv": [ 5.5, 12, 10.5, 12.5 ], "texture": "#texture4", "cullface": "south" },
        "south": { "uv": [ 5.5, 4.5, 10.5, 9.5 ], "texture": "#texture3", "cullface": "south" },
        "west":  { "uv": [ 12, 4.5, 12.5, 9.5 ], "texture": "#texture2", "cullface": "south" },
        "east":  { "uv": [ 12.5, 4.5, 12, 9.5 ], "texture": "#texture2", "cullface": "south" }
    }
},
{
    "from": [ 2, 6, 16 ],
    "to": [ 14, 14, 17 ],
    "faces": {
        "down":  { "uv": [ 11, 9, 5, 8.5 ], "texture": "#texture3", "cullface": "south" },
        "up":    { "uv": [ 5, 12, 11, 12.5 ], "texture": "#texture4", "cullface": "south" },
        "south": { "uv": [ 5, 5, 11, 9 ], "texture": "#texture3", "cullface": "south" },
        "west":  { "uv": [ 12, 5, 12.5, 9 ], "texture": "#texture2", "cullface": "south" },
        "east":  { "uv": [ 12.5, 5, 12, 9 ], "texture": "#texture2", "cullface": "south" }
    }
},
{
    "from": [ 1, 7, 16 ],
    "to": [ 15, 12, 17 ],
    "faces": {
        "down":  { "uv": [ 11.5, 8.5, 4.5, 8 ], "texture": "#texture3", "cullface": "south" },
        "up":    { "uv": [ 4.5, 12, 11.5, 12.5 ], "texture": "#texture4", "cullface": "south" },
        "south": { "uv": [ 4.5, 6, 11.5, 8.5 ], "texture": "#texture3", "cullface": "south" },
        "west":  { "uv": [ 12, 6, 12.5, 8.5 ], "texture": "#texture2", "cullface": "south" },
        "east":  { "uv": [ 12.5, 6, 12, 8.5 ], "texture": "#texture2", "cullface": "south" }
    }
},
{
    "from": [ 5, 6, 17 ],
    "to": [ 11, 14, 18 ],
    "faces": {
        "down":  { "uv": [ 9.5, 9, 6.5, 8.5 ], "texture": "#texture3", "cullface": "south" },
        "up":    { "uv": [ 6.5, 12.5, 9.5, 13 ], "texture": "#texture4", "cullface": "south" },
        "south": { "uv": [ 6.5, 5, 9.5, 9 ], "texture": "#texture3", "cullface": "south" },
        "west":  { "uv": [ 12.5, 5, 13, 9 ], "texture": "#texture2", "cullface": "south" },
        "east":  { "uv": [ 13, 5, 12.5, 9 ], "texture": "#texture2", "cullface": "south" }
    }
},
{
    "from": [ 4, 7, 17 ],
    "to": [ 12, 13, 18 ],
    "faces": {
        "down":  { "uv": [ 10, 8.5, 6, 8 ], "texture": "#texture3", "cullface": "south" },
        "up":    { "uv": [ 6, 12.5, 10, 13 ], "texture": "#texture4", "cullface": "south" },
        "south": { "uv": [ 6, 5.5, 10, 8.5 ], "texture": "#texture3", "cullface": "south" },
        "west":  { "uv": [ 12.5, 5.5, 13, 8.5 ], "texture": "#texture2", "cullface": "south" },
        "east":  { "uv": [ 13, 5.5, 12.5, 8.5 ], "texture": "#texture2", "cullface": "south" }
    }
},
{
    "from": [ 3, 8, 17 ],
    "to": [ 13, 11, 18 ],
    "faces": {
        "down":  { "uv": [ 10.5, 8, 5.5, 7.5 ], "texture": "#texture3", "cullface": "south" },
        "up":    { "uv": [ 5.5, 12.5, 10.5, 13 ], "texture": "#texture4", "cullface": "south" },
        "south": { "uv": [ 5.5, 6.5, 10.5, 8 ], "texture": "#texture3", "cullface": "south" },
        "west":  { "uv": [ 12.5, 6.5, 13, 8 ], "texture": "#texture2", "cullface": "south" },
        "east":  { "uv": [ 13, 6.5, 12.5, 8 ], "texture": "#texture2", "cullface": "south" }
    }
},
{
    "from": [ 2, -2, 16 ],
    "to": [ 14, 0, 17 ],
    "faces": {
        "down":  { "uv": [ 11, 13, 5, 12.5 ], "texture": "#texture3", "cullface": "south" },
        "up":    { "uv": [ 5, 12, 11, 12.5 ], "texture": "#texture3", "cullface": "south" },
        "north": { "uv": [ 11, 12, 5, 13 ], "texture": "#texture3", "cullface": "south" },
        "south": { "uv": [ 5, 12, 11, 13 ], "texture": "#texture3", "cullface": "south" },
        "west":  { "uv": [ 12, 12, 12.5, 13 ], "texture": "#texture2", "cullface": "south" },
        "east":  { "uv": [ 12.5, 12, 12, 13 ], "texture": "#texture2", "cullface": "south" }
    }
},
{
    "from": [ 3, 0, 16 ],
    "to": [ 13, 1, 17 ],
    "faces": {
        "up":    { "uv": [ 5.5, 11.5, 10.5, 12 ], "texture": "#texture3", "cullface": "south" },
        "south": { "uv": [ 5.5, 11.5, 10.5, 12 ], "texture": "#texture3", "cullface": "south" },
        "west":  { "uv": [ 12, 11.5, 12.5, 12 ], "texture": "#texture2", "cullface": "south" },
        "east":  { "uv": [ 12.5, 11.5, 12, 12 ], "texture": "#texture2", "cullface": "south" }
    }
},
{
    "from": [ 5, 1, 16 ],
    "to": [ 11, 2, 17 ],
    "faces": {
        "up":    { "uv": [ 6.5, 11, 9.5, 11.5 ], "texture": "#texture3", "cullface": "south" },
        "south": { "uv": [ 6.5, 11, 9.5, 11.5 ], "texture": "#texture3", "cullface": "south" },
        "west":  { "uv": [ 12, 11, 12.5, 11.5 ], "texture": "#texture2", "cullface": "south" },
        "east":  { "uv": [ 12.5, 11, 12, 11.5 ], "texture": "#texture2", "cullface": "south" }
    }
},
{
    "from": [ 12, -2, 15 ],
    "to": [ 14, -1, 16 ],
    "faces": {
        "down":  { "uv": [ 11, 13, 10, 12.5 ], "texture": "#texture3", "cullface": "down" },
        "north": { "uv": [ 11, 12.5, 10, 13 ], "texture": "#texture3", "cullface": "down" },
        "west":  { "uv": [ 11.5, 12.5, 12, 13 ], "texture": "#texture2", "cullface": "down" },
        "east":  { "uv": [ 12, 12.5, 11.5, 13 ], "texture": "#texture2", "cullface": "down" }
    }
},
{
    "from": [ 2, -2, 15 ],
    "to": [ 4, -1, 16 ],
    "faces": {
        "down":  { "uv": [ 6, 13, 5, 12.5 ], "texture": "#texture3", "cullface": "down" },
        "north": { "uv": [ 6, 12.5, 5, 13 ], "texture": "#texture3", "cullface": "down" },
        "west":  { "uv": [ 11.5, 12.5, 12, 13 ], "texture": "#texture2", "cullface": "down" },
        "east":  { "uv": [ 12, 12.5, 11.5, 13 ], "texture": "#texture2", "cullface": "down" }
    }
},
{
    "from": [ 4, -2, 17 ],
    "to": [ 12, -1, 18 ],
    "faces": {
        "down":  { "uv": [ 10, 13, 6, 12.5 ], "texture": "#texture3", "cullface": "south" },
        "up":    { "uv": [ 6, 12, 10, 12.5 ], "texture": "#texture3", "cullface": "south" },
        "south": { "uv": [ 6, 12.5, 10, 13 ], "texture": "#texture3", "cullface": "south" },
        "west":  { "uv": [ 12.5, 12.5, 13, 13 ], "texture": "#texture2", "cullface": "south" },
        "east":  { "uv": [ 13, 12.5, 12.5, 13 ], "texture": "#texture2", "cullface": "south" }
    }
},
{
    "from": [ 6, -1, 17 ],
    "to": [ 10, 0, 18 ],
    "faces": {
        "up":    { "uv": [ 7, 12, 9, 12.5 ], "texture": "#texture3", "cullface": "south" },
        "south": { "uv": [ 7, 12, 9, 12.5 ], "texture": "#texture3", "cullface": "south" },
        "west":  { "uv": [ 12.5, 12, 13, 12.5 ], "texture": "#texture2", "cullface": "south" },
        "east":  { "uv": [ 13, 12, 12.5, 12.5 ], "texture": "#texture2", "cullface": "south" }
    }
},
{
    "from": [ 0, 0, 14 ],
    "to": [ 1, 1, 15 ],
    "faces": {
        "down":  { "uv": [ 12, 12, 11.5, 11.5 ], "texture": "#texture3", "cullface": "down" },
        "north": { "uv": [ 4.5, 11.5, 4, 12 ], "texture": "#texture3" },
        "south": { "uv": [ 4, 11.5, 4.5, 12 ], "texture": "#texture3" },
        "west":  { "uv": [ 11, 11.5, 11.5, 12 ], "texture": "#texture2", "cullface": "west" },
        "east":  { "uv": [ 11.5, 11.5, 11, 12 ], "texture": "#texture2" }
    }
},
{
    "from": [ 15, 0, 14 ],
    "to": [ 16, 1, 15 ],
    "faces": {
        "down":  { "uv": [ 12, 12, 11.5, 11.5 ], "texture": "#texture3", "cullface": "down" },
        "north": { "uv": [ 12, 11.5, 11.5, 12 ], "texture": "#texture3" },
        "south": { "uv": [ 11.5, 11.5, 12, 12 ], "texture": "#texture3" },
        "west":  { "uv": [ 11, 11.5, 11.5, 12 ], "texture": "#texture2" },
        "east":  { "uv": [ 11.5, 11.5, 11, 12 ], "texture": "#texture2", "cullface": "east" }
    }
},
{
    "from": [ -1, 1, 6 ],
    "to": [ 0, 15, 14 ],
    "faces": {
        "down":  { "uv": [ 12.5, 11, 12, 7 ], "texture": "#texture", "cullface": "west" },
        "up":    { "uv": [ 3.5, 7, 4, 11 ], "texture": "#texture4", "cullface": "west" },
        "north": { "uv": [ 4, 4.5, 3.5, 11.5 ], "texture": "#texture", "cullface": "west" },
        "south": { "uv": [ 3.5, 4.5, 4, 11.5 ], "texture": "#texture3", "cullface": "west" },
        "west":  { "uv": [ 7, 4.5, 11, 11.5 ], "texture": "#texture2", "cullface": "west" }
    }
},
{
    "from": [ -1, 2, 14 ],
    "to": [ 0, 14, 15 ],
    "faces": {
        "down":  { "uv": [ 12.5, 11.5, 12, 11 ], "texture": "#texture", "cullface": "west" },
        "up":    { "uv": [ 3.5, 11, 4, 11.5 ], "texture": "#texture4", "cullface": "west" },
        "south": { "uv": [ 3.5, 5, 4, 11 ], "texture": "#texture3", "cullface": "west" },
        "west":  { "uv": [ 11, 5, 11.5, 11 ], "texture": "#texture2", "cullface": "west" }
    }
},
{
    "from": [ -1, 2, 5 ],
    "to": [ 0, 15, 6 ],
    "faces": {
        "down":  { "uv": [ 12.5, 7, 12, 6.5 ], "texture": "#texture", "cullface": "west" },
        "up":    { "uv": [ 3.5, 6.5, 4, 7 ], "texture": "#texture4", "cullface": "west" },
        "north": { "uv": [ 4, 4.5, 3.5, 11 ], "texture": "#texture", "cullface": "west" },
        "west":  { "uv": [ 6.5, 4.5, 7, 11 ], "texture": "#texture2", "cullface": "west" }
    }
},
{
    "from": [ -1, 4, 4 ],
    "to": [ 0, 15, 5 ],
    "faces": {
        "down":  { "uv": [ 12.5, 10, 12, 9.5 ], "texture": "#texture", "cullface": "west" },
        "up":    { "uv": [ 3.5, 6, 4, 6.5 ], "texture": "#texture4", "cullface": "west" },
        "north": { "uv": [ 4, 4.5, 3.5, 10 ], "texture": "#texture", "cullface": "west" },
        "west":  { "uv": [ 6, 4.5, 6.5, 10 ], "texture": "#texture2", "cullface": "west" }
    }
},
{
    "from": [ -1, 6, 3 ],
    "to": [ 0, 14, 4 ],
    "faces": {
        "down":  { "uv": [ 12.5, 9, 12, 8.5 ], "texture": "#texture", "cullface": "west" },
        "up":    { "uv": [ 3.5, 5.5, 4, 6 ], "texture": "#texture4", "cullface": "west" },
        "north": { "uv": [ 4, 5, 3.5, 9 ], "texture": "#texture", "cullface": "west" },
        "west":  { "uv": [ 5.5, 5, 6, 9 ], "texture": "#texture2", "cullface": "west" }
    }
},
{
    "from": [ -1, 10, 2 ],
    "to": [ 0, 12, 3 ],
    "faces": {
        "down":  { "uv": [ 12.5, 7, 12, 6.5 ], "texture": "#texture", "cullface": "west" },
        "up":    { "uv": [ 3.5, 5, 4, 5.5 ], "texture": "#texture4", "cullface": "west" },
        "north": { "uv": [ 4, 6, 3.5, 7 ], "texture": "#texture", "cullface": "west" },
        "west":  { "uv": [ 5, 6, 5.5, 7 ], "texture": "#texture2", "cullface": "west" }
    }
},
{
    "from": [ -1, 15, 6 ],
    "to": [ 17, 16, 12 ],
    "faces": {
        "down":  { "uv": [ 12.5, 10, 3.5, 7 ], "texture": "#texture4" },
        "up":    { "uv": [ 3.5, 7, 12.5, 10 ], "texture": "#texture4", "cullface": "up" },
        "north": { "uv": [ 12.5, 4, 3.5, 4.5 ], "texture": "#texture" },
        "south": { "uv": [ 3.5, 4, 12.5, 4.5 ], "texture": "#texture3" },
        "west":  { "uv": [ 7, 4, 10, 4.5 ], "texture": "#texture2" },
        "east":  { "uv": [ 10, 4, 7, 4.5 ], "texture": "#texture2" }
    }
},
{
    "from": [ 16, 2, 14 ],
    "to": [ 17, 14, 15 ],
    "faces": {
        "down":  { "uv": [ 4, 11.5, 3.5, 11 ], "texture": "#texture", "cullface": "east" },
        "up":    { "uv": [ 12, 11, 12.5, 11.5 ], "texture": "#texture4", "cullface": "east" },
        "south": { "uv": [ 12, 5, 12.5, 11 ], "texture": "#texture3", "cullface": "east" },
        "east":  { "uv": [ 11.5, 5, 11, 11 ], "texture": "#texture2", "cullface": "east" }
    }
},
{
    "from": [ 16, 1, 6 ],
    "to": [ 17, 15, 14 ],
    "faces": {
        "down":  { "uv": [ 11, 11.5, 7, 11 ], "rotation": 90, "texture": "#texture2", "cullface": "east" },
        "up":    { "uv": [ 12, 7, 12.5, 11 ], "texture": "#texture4", "cullface": "east" },
        "north": { "uv": [ 12.5, 4.5, 12, 11.5 ], "texture": "#texture", "cullface": "east" },
        "south": { "uv": [ 12, 4.5, 12.5, 11.5 ], "texture": "#texture3", "cullface": "east" },
        "east":  { "uv": [ 11, 4.5, 7, 11.5 ], "texture": "#texture2", "cullface": "east" }
    }
},
{
    "from": [ 16, 2, 5 ],
    "to": [ 17, 15, 6 ],
    "faces": {
        "down":  { "uv": [ 4, 11, 3.5, 10.5 ], "texture": "#texture", "cullface": "east" },
        "up":    { "uv": [ 12, 6.5, 12.5, 7 ], "texture": "#texture4", "cullface": "east" },
        "north": { "uv": [ 12.5, 4.5, 12, 11 ], "texture": "#texture", "cullface": "east" },
        "east":  { "uv": [ 7, 4.5, 6.5, 11 ], "texture": "#texture2", "cullface": "east" }
    }
},
{
    "from": [ 16, 4, 4 ],
    "to": [ 17, 15, 5 ],
    "faces": {
        "down":  { "uv": [ 4, 10, 3.5, 9.5 ], "texture": "#texture", "cullface": "east" },
        "up":    { "uv": [ 12, 6, 12.5, 6.5 ], "texture": "#texture4", "cullface": "east" },
        "north": { "uv": [ 12.5, 4.5, 12, 10 ], "texture": "#texture", "cullface": "east" },
        "east":  { "uv": [ 6.5, 4.5, 6, 10 ], "texture": "#texture2", "cullface": "east" }
    }
},
{
    "from": [ 16, 6, 3 ],
    "to": [ 17, 14, 4 ],
    "faces": {
        "down":  { "uv": [ 4, 9, 3.5, 8.5 ], "texture": "#texture", "cullface": "east" },
        "up":    { "uv": [ 12, 5.5, 12.5, 6 ], "texture": "#texture4", "cullface": "east" },
        "north": { "uv": [ 12.5, 5, 12, 9 ], "texture": "#texture", "cullface": "east" },
        "east":  { "uv": [ 6, 5, 5.5, 9 ], "texture": "#texture2", "cullface": "east" }
    }
},
{
    "from": [ 16, 10, 2 ],
    "to": [ 17, 12, 3 ],
    "faces": {
        "down":  { "uv": [ 4, 7, 3.5, 6.5 ], "texture": "#texture", "cullface": "east" },
        "up":    { "uv": [ 12, 5, 12.5, 5.5 ], "texture": "#texture4", "cullface": "east" },
        "north": { "uv": [ 12.5, 6, 12, 7 ], "texture": "#texture", "cullface": "east" },
        "east":  { "uv": [ 5.5, 6, 5, 7 ], "texture": "#texture2", "cullface": "east" }
    }
},
{
    "from": [ -2, 5, 5 ],
    "to": [ -1, 12, 15 ],
    "faces": {
        "down":  { "uv": [ 13, 9.5, 12.5, 9 ], "texture": "#texture", "cullface": "west" },
        "up":    { "uv": [ 3, 6.5, 3.5, 11.5 ], "texture": "#texture4", "cullface": "west" },
        "north": { "uv": [ 3.5, 6, 3, 9.5 ], "texture": "#texture", "cullface": "west" },
        "south": { "uv": [ 3, 6, 3.5, 9.5 ], "texture": "#texture3", "cullface": "west" },
        "west":  { "uv": [ 6.5, 6, 11.5, 9.5 ], "texture": "#texture2", "cullface": "west" },
        "east":  { "uv": [ 11.5, 6, 6.5, 9.5 ], "texture": "#texture2", "cullface": "west" }
    }
},
{
    "from": [ -2, 4, 6 ],
    "to": [ -1, 13, 14 ],
    "faces": {
        "down":  { "uv": [ 13, 10, 12.5, 9.5 ], "texture": "#texture", "cullface": "west" },
        "up":    { "uv": [ 3, 7, 3.5, 11 ], "texture": "#texture4", "cullface": "west" },
        "north": { "uv": [ 3.5, 5.5, 3, 10 ], "texture": "#texture", "cullface": "west" },
        "south": { "uv": [ 3, 5.5, 3.5, 10 ], "texture": "#texture3", "cullface": "west" },
        "west":  { "uv": [ 7, 5.5, 11, 10 ], "texture": "#texture2", "cullface": "west" }
    }
},
{
    "from": [ -2, 13, 7 ],
    "to": [ -1, 14, 13 ],
    "faces": {
        "up":    { "uv": [ 3, 7.5, 3.5, 10.5 ], "texture": "#texture4", "cullface": "west" },
        "north": { "uv": [ 3.5, 5, 3, 5.5 ], "texture": "#texture", "cullface": "west" },
        "south": { "uv": [ 3, 5, 3.5, 5.5 ], "texture": "#texture3", "cullface": "west" },
        "west":  { "uv": [ 7.5, 5, 10.5, 5.5 ], "texture": "#texture2", "cullface": "west" }
    }
},
{
    "from": [ -2, 3, 8 ],
    "to": [ -1, 4, 13 ],
    "faces": {
        "down":  { "uv": [ 13, 10.5, 12.5, 10 ], "texture": "#texture", "cullface": "west" },
        "north": { "uv": [ 3.5, 10, 3, 10.5 ], "texture": "#texture", "cullface": "west" },
        "south": { "uv": [ 3, 10, 3.5, 10.5 ], "texture": "#texture3", "cullface": "west" },
        "west":  { "uv": [ 8, 10, 10.5, 10.5 ], "texture": "#texture2", "cullface": "west" }
    }
},
{
    "from": [ 17, 5, 5 ],
    "to": [ 18, 12, 15 ],
    "faces": {
        "down":  { "uv": [ 3.5, 9.5, 3, 9 ], "texture": "#texture", "cullface": "east" },
        "up":    { "uv": [ 12.5, 6.5, 13, 11.5 ], "texture": "#texture4", "cullface": "east" },
        "north": { "uv": [ 13, 6, 12.5, 9.5 ], "texture": "#texture", "cullface": "east" },
        "south": { "uv": [ 12.5, 6, 13, 9.5 ], "texture": "#texture3", "cullface": "east" },
        "west":  { "uv": [ 6.5, 6, 11.5, 9.5 ], "texture": "#texture2", "cullface": "east" },
        "east":  { "uv": [ 11.5, 6, 6.5, 9.5 ], "texture": "#texture2", "cullface": "east" }
    }
},
{
    "from": [ 17, 4, 6 ],
    "to": [ 18, 13, 14 ],
    "faces": {
        "down":  { "uv": [ 3.5, 10, 3, 9.5 ], "texture": "#texture", "cullface": "east" },
        "up":    { "uv": [ 12.5, 7, 13, 11 ], "texture": "#texture4", "cullface": "east" },
        "north": { "uv": [ 13, 5.5, 12.5, 10 ], "texture": "#texture", "cullface": "east" },
        "south": { "uv": [ 12.5, 5.5, 13, 10 ], "texture": "#texture3", "cullface": "east" },
        "east":  { "uv": [ 11, 5.5, 7, 10 ], "texture": "#texture2", "cullface": "east" }
    }
},
{
    "from": [ 17, 13, 7 ],
    "to": [ 18, 14, 13 ],
    "faces": {
        "up":    { "uv": [ 12.5, 7.5, 13, 10.5 ], "texture": "#texture4", "cullface": "east" },
        "north": { "uv": [ 13, 5, 12.5, 5.5 ], "texture": "#texture", "cullface": "east" },
        "south": { "uv": [ 12.5, 5, 13, 5.5 ], "texture": "#texture3", "cullface": "east" },
        "east":  { "uv": [ 10.5, 5, 7.5, 5.5 ], "texture": "#texture2", "cullface": "east" }
    }
},
{
    "from": [ 17, 3, 8 ],
    "to": [ 18, 4, 13 ],
    "faces": {
        "down":  { "uv": [ 3.5, 10.5, 3, 10 ], "texture": "#texture", "cullface": "east" },
        "north": { "uv": [ 13, 10, 12.5, 10.5 ], "texture": "#texture", "cullface": "east" },
        "south": { "uv": [ 12.5, 10, 13, 10.5 ], "texture": "#texture3", "cullface": "east" },
        "east":  { "uv": [ 10.5, 10, 8, 10.5 ], "texture": "#texture2", "cullface": "east" }
    }
},
{
    "from": [ 4, 16, 1 ],
    "to": [ 12, 17, 16 ],
    "faces": {
        "down":  { "uv": [ 10, 12, 6, 4.5 ], "texture": "#texture", "cullface": "up" },
        "up":    { "uv": [ 6, 4.5, 10, 12 ], "texture": "#texture4", "cullface": "up" },
        "north": { "uv": [ 10, 3.5, 6, 4 ], "texture": "#texture", "cullface": "up" },
        "south": { "uv": [ 6, 3.5, 10, 4 ], "texture": "#texture3", "cullface": "up" },
        "west":  { "uv": [ 4.5, 3.5, 12, 4 ], "texture": "#texture2", "cullface": "up" },
        "east":  { "uv": [ 12, 3.5, 4.5, 4 ], "texture": "#texture2", "cullface": "up" }
    }
},
{
    "from": [ 5, 16, 0 ],
    "to": [ 11, 17, 1 ],
    "faces": {
        "up":    { "uv": [ 6.5, 4, 9.5, 4.5 ], "texture": "#texture4", "cullface": "up" },
        "north": { "uv": [ 9.5, 3.5, 6.5, 4 ], "texture": "#texture", "cullface": "up" },
        "west":  { "uv": [ 4, 3.5, 4.5, 4 ], "texture": "#texture2", "cullface": "up" },
        "east":  { "uv": [ 4.5, 3.5, 4, 4 ], "texture": "#texture2", "cullface": "up" }
    }
},
{
    "from": [ 2, 16, 2 ],
    "to": [ 14, 17, 15 ],
    "faces": {
        "up":    { "uv": [ 5, 5, 11, 11.5 ], "texture": "#texture4", "cullface": "up" },
        "north": { "uv": [ 11, 3.5, 5, 4 ], "texture": "#texture", "cullface": "up" },
        "south": { "uv": [ 5, 3.5, 11, 4 ], "texture": "#texture3", "cullface": "up" },
        "west":  { "uv": [ 5, 3.5, 11.5, 4 ], "texture": "#texture2", "cullface": "up" },
        "east":  { "uv": [ 11.5, 3.5, 5, 4 ], "texture": "#texture2", "cullface": "up" }
    }
},
{
    "from": [ 1, 16, 3 ],
    "to": [ 15, 17, 14 ],
    "faces": {
        "up":    { "uv": [ 4.5, 5.5, 11.5, 11 ], "texture": "#texture4", "cullface": "up" },
        "north": { "uv": [ 11.5, 3.5, 4.5, 4 ], "texture": "#texture", "cullface": "up" },
        "south": { "uv": [ 4.5, 3.5, 11.5, 4 ], "texture": "#texture3", "cullface": "up" },
        "west":  { "uv": [ 5.5, 3.5, 11, 4 ], "texture": "#texture2", "cullface": "up" },
        "east":  { "uv": [ 11, 3.5, 5.5, 4 ], "texture": "#texture2", "cullface": "up" }
    }
},
{
    "from": [ 0, 16, 5 ],
    "to": [ 16, 17, 12 ],
    "faces": {
        "up":    { "uv": [ 4, 6.5, 12, 10 ], "texture": "#texture4", "cullface": "up" },
        "north": { "uv": [ 12, 3.5, 4, 4 ], "texture": "#texture", "cullface": "up" },
        "south": { "uv": [ 4, 3.5, 12, 4 ], "texture": "#texture3", "cullface": "up" },
        "west":  { "uv": [ 6.5, 3.5, 10, 4 ], "texture": "#texture2", "cullface": "up" },
        "east":  { "uv": [ 10, 3.5, 6.5, 4 ], "texture": "#texture2", "cullface": "up" }
    }
},
{
    "from": [ 5, 17, 2 ],
    "to": [ 11, 18, 15 ],
    "faces": {
        "up":    { "uv": [ 6.5, 5, 9.5, 11.5 ], "texture": "#texture4", "cullface": "up" },
        "north": { "uv": [ 9.5, 3, 6.5, 3.5 ], "texture": "#texture", "cullface": "up" },
        "south": { "uv": [ 6.5, 3, 9.5, 3.5 ], "texture": "#texture3", "cullface": "up" },
        "west":  { "uv": [ 5, 3, 11.5, 3.5 ], "texture": "#texture2", "cullface": "up" },
        "east":  { "uv": [ 11.5, 3, 5, 3.5 ], "texture": "#texture2", "cullface": "up" }
    }
},
{
    "from": [ 6, 17, 1 ],
    "to": [ 10, 18, 2 ],
    "faces": {
        "up":    { "uv": [ 7, 4.5, 9, 5 ], "texture": "#texture4", "cullface": "up" },
        "north": { "uv": [ 9, 3, 7, 3.5 ], "texture": "#texture", "cullface": "up" },
        "west":  { "uv": [ 4.5, 3, 5, 3.5 ], "texture": "#texture2", "cullface": "up" },
        "east":  { "uv": [ 5, 3, 4.5, 3.5 ], "texture": "#texture2", "cullface": "up" }
    }
},
{
    "from": [ 4, 17, 3 ],
    "to": [ 12, 18, 14 ],
    "faces": {
        "up":    { "uv": [ 6, 5.5, 10, 11 ], "texture": "#texture4", "cullface": "up" },
        "north": { "uv": [ 10, 3, 6, 3.5 ], "texture": "#texture", "cullface": "up" },
        "south": { "uv": [ 6, 3, 10, 3.5 ], "texture": "#texture3", "cullface": "up" },
        "west":  { "uv": [ 5.5, 3, 11, 3.5 ], "texture": "#texture2", "cullface": "up" },
        "east":  { "uv": [ 11, 3, 5.5, 3.5 ], "texture": "#texture2", "cullface": "up" }
    }
},
{
    "from": [ 3, 17, 4 ],
    "to": [ 13, 18, 13 ],
    "faces": {
        "up":    { "uv": [ 5.5, 6, 10.5, 10.5 ], "texture": "#texture4", "cullface": "up" },
        "north": { "uv": [ 10.5, 3, 5.5, 3.5 ], "texture": "#texture", "cullface": "up" },
        "south": { "uv": [ 5.5, 3, 10.5, 3.5 ], "texture": "#texture3", "cullface": "up" },
        "west":  { "uv": [ 6, 3, 10.5, 3.5 ], "texture": "#texture2", "cullface": "up" },
        "east":  { "uv": [ 10.5, 3, 6, 3.5 ], "texture": "#texture2", "cullface": "up" }
    }
},
{
    "from": [ 2, 17, 5 ],
    "to": [ 14, 18, 12 ],
    "faces": {
        "up":    { "uv": [ 5, 6.5, 11, 10 ], "texture": "#texture4", "cullface": "up" },
        "north": { "uv": [ 11, 3, 5, 3.5 ], "texture": "#texture", "cullface": "up" },
        "south": { "uv": [ 5, 3, 11, 3.5 ], "texture": "#texture3", "cullface": "up" },
        "west":  { "uv": [ 6.5, 3, 10, 3.5 ], "texture": "#texture2", "cullface": "up" },
        "east":  { "uv": [ 10, 3, 6.5, 3.5 ], "texture": "#texture2", "cullface": "up" }
    }
},
{
    "from": [ 6, 18, 3 ],
    "to": [ 10, 19, 14 ],
    "faces": {
        "up":    { "uv": [ 7, 5.5, 9, 11 ], "texture": "#texture4", "cullface": "up" },
        "north": { "uv": [ 9, 2.5, 7, 3 ], "texture": "#texture", "cullface": "up" },
        "south": { "uv": [ 7, 2.5, 9, 3 ], "texture": "#texture3", "cullface": "up" },
        "west":  { "uv": [ 5.5, 2.5, 11, 3 ], "texture": "#texture2", "cullface": "up" },
        "east":  { "uv": [ 11, 2.5, 5.5, 3 ], "texture": "#texture2", "cullface": "up" }
    }
},
{
    "from": [ 5, 18, 4 ],
    "to": [ 11, 19, 13 ],
    "faces": {
        "up":    { "uv": [ 6.5, 6, 9.5, 10.5 ], "texture": "#texture4", "cullface": "up" },
        "north": { "uv": [ 9.5, 2.5, 6.5, 3 ], "texture": "#texture", "cullface": "up" },
        "south": { "uv": [ 6.5, 2.5, 9.5, 3 ], "texture": "#texture3", "cullface": "up" },
        "west":  { "uv": [ 6, 2.5, 10.5, 3 ], "texture": "#texture2", "cullface": "up" },
        "east":  { "uv": [ 10.5, 2.5, 6, 3 ], "texture": "#texture2", "cullface": "up" }
    }
},
{
    "from": [ 4, 18, 6 ],
    "to": [ 12, 19, 12 ],
    "faces": {
        "up":    { "uv": [ 6, 7, 10, 10 ], "texture": "#texture4", "cullface": "up" },
        "north": { "uv": [ 10, 2.5, 6, 3 ], "texture": "#texture", "cullface": "up" },
        "south": { "uv": [ 6, 2.5, 10, 3 ], "texture": "#texture3", "cullface": "up" },
        "west":  { "uv": [ 7, 2.5, 10, 3 ], "texture": "#texture2", "cullface": "up" },
        "east":  { "uv": [ 10, 2.5, 7, 3 ], "texture": "#texture2", "cullface": "up" }
    }
}
],
"display": {
    "head": {
        "rotation": [ 0, 0, 0 ],
        "translation": [ 0, 0, 0 ],
        "scale": [ 1, 1, 1 ]
    },
    "fixed": {
        "rotation": [ 0, 0, 0 ],
        "translation": [ 0, 0, 0 ],
        "scale": [ 0.8, 0.8, 0.8 ]
    },
    "gui": {
        "rotation": [ 0, 180, 0 ],
        "translation": [ 0, 0, 0 ],
        "scale": [ 0.6, 0.6, 0.6 ]
    }
}
}
