{
"__comment": "designed by hypixel minecraft server with bdcraft cubik pro 0.93 beta - http://bdcraft.net",
"textures": {
    "texture": "items/brightstarheadline"
},
"elements": [ 
{
    "from": [ -1, 16, 5 ],
    "to": [ 8, 17, 11 ],
    "faces": {
        "up":    { "uv": [ 3, 1, 3.5, 1.5 ], "texture": "#texture", "cullface": "west" },
        "north": { "uv": [ 3.5, 1, 6.5, 1.5 ], "texture": "#texture", "cullface": "west" },
        "south": { "uv": [ 3.5, 1, 6.5, 1.5 ], "texture": "#texture", "cullface": "west" },
        "west":  { "uv": [ 3.5, 1, 6.5, 1.5 ], "texture": "#texture", "cullface": "west" }
    }
},
{
    "from": [ 0, 17, 6 ],
    "to": [ 16, 18, 10 ],
    "faces": {
        "down":  { "uv": [ 7, 8, 11, 8.5 ], "texture": "#texture", "cullface": "up" },
        "up":    { "uv": [ 7, 8, 11, 8.5 ], "texture": "#texture", "cullface": "up" },
        "north": { "uv": [ 7, 8, 11, 8.5 ], "texture": "#texture", "cullface": "up" },
        "south": { "uv": [ 7, 8, 11, 8.5 ], "texture": "#texture", "cullface": "up" },
        "west":  { "uv": [ 7, 8, 7.5, 8.5 ], "texture": "#texture", "cullface": "up" },
        "east":  { "uv": [ 7, 8, 7.5, 8.5 ], "texture": "#texture", "cullface": "up" }
    }
},
{
    "from": [ 2, 18, 6 ],
    "to": [ 8, 19, 10 ],
    "faces": {
        "up":    { "uv": [ 8, 7.5, 11, 8 ], "texture": "#texture", "cullface": "up" },
        "north": { "uv": [ 11, 7.5, 8, 8 ], "texture": "#texture", "cullface": "up" },
        "south": { "uv": [ 8, 7.5, 11, 8 ], "texture": "#texture", "cullface": "up" },
        "west":  { "uv": [ 8, 7.5, 9, 8 ], "texture": "#texture", "cullface": "up" }
    }
},
{
    "from": [ 3, 18, 10 ],
    "to": [ 8, 19, 12 ],
    "faces": {
        "up":    { "uv": [ 8.5, 7.5, 11, 8 ], "texture": "#texture", "cullface": "up" },
        "south": { "uv": [ 8.5, 7.5, 11, 8 ], "texture": "#texture", "cullface": "up" },
        "west":  { "uv": [ 8, 7.5, 9, 8 ], "texture": "#texture", "cullface": "up" }
    }
},
{
    "from": [ 4, 18, 12 ],
    "to": [ 8, 19, 13 ],
    "faces": {
        "up":    { "uv": [ 9, 7.5, 11, 8 ], "texture": "#texture", "cullface": "up" },
        "south": { "uv": [ 9, 7.5, 11, 8 ], "texture": "#texture", "cullface": "up" },
        "west":  { "uv": [ 8, 7.5, 9, 8 ], "texture": "#texture", "cullface": "up" }
    }
},
{
    "from": [ 6, 18, 13 ],
    "to": [ 8, 19, 14 ],
    "faces": {
        "up":    { "uv": [ 10, 7.5, 11, 8 ], "texture": "#texture", "cullface": "up" },
        "south": { "uv": [ 10, 7.5, 11, 8 ], "texture": "#texture", "cullface": "up" },
        "west":  { "uv": [ 9.5, 7.5, 10.5, 8 ], "texture": "#texture", "cullface": "up" }
    }
},
{
    "from": [ 1, 17, 10 ],
    "to": [ 15, 18, 12 ],
    "faces": {
        "down":  { "uv": [ 7.5, 8, 11, 8.5 ], "texture": "#texture", "cullface": "up" },
        "up":    { "uv": [ 7.5, 8, 11, 8.5 ], "texture": "#texture", "cullface": "up" },
        "south": { "uv": [ 7.5, 8, 11, 8.5 ], "texture": "#texture", "cullface": "up" },
        "west":  { "uv": [ 7.5, 8, 8, 8.5 ], "texture": "#texture", "cullface": "up" },
        "east":  { "uv": [ 10.5, 8, 11, 8.5 ], "texture": "#texture", "cullface": "up" }
    }
},
{
    "from": [ 2, 17, 12 ],
    "to": [ 14, 18, 14 ],
    "faces": {
        "down":  { "uv": [ 8, 8, 11, 8.5 ], "texture": "#texture", "cullface": "up" },
        "up":    { "uv": [ 8, 8, 11, 8.5 ], "texture": "#texture", "cullface": "up" },
        "south": { "uv": [ 8, 8, 11, 8.5 ], "texture": "#texture", "cullface": "up" },
        "west":  { "uv": [ 8, 8, 9, 8.5 ], "texture": "#texture", "cullface": "up" },
        "east":  { "uv": [ 8, 8, 9, 8.5 ], "texture": "#texture", "cullface": "up" }
    }
},
{
    "from": [ 3.5, 17, 14 ],
    "to": [ 12.5, 18, 15 ],
    "faces": {
        "up":    { "uv": [ 8.5, 8, 11, 8.5 ], "texture": "#texture", "cullface": "up" },
        "south": { "uv": [ 8.5, 8, 11, 8.5 ], "texture": "#texture", "cullface": "up" },
        "west":  { "uv": [ 10, 8, 11, 8.5 ], "texture": "#texture", "cullface": "up" },
        "east":  { "uv": [ 10, 8, 11, 8.5 ], "texture": "#texture", "cullface": "up" }
    }
},
{
    "from": [ 0, 16, 11 ],
    "to": [ 8, 17, 13 ],
    "faces": {
        "up":    { "uv": [ 7, 8.5, 11, 9 ], "texture": "#texture", "cullface": "up" },
        "south": { "uv": [ 7, 8.5, 11, 9 ], "texture": "#texture", "cullface": "up" },
        "west":  { "uv": [ 7, 8.5, 8, 9 ], "texture": "#texture", "cullface": "up" }
    }
},
{
    "from": [ 0, 16, 3 ],
    "to": [ 8, 17, 5 ],
    "faces": {
        "up":    { "uv": [ 1.5, 1, 2.5, 1.5 ], "texture": "#texture", "cullface": "up" },
        "north": { "uv": [ 1.5, 1, 2.5, 1.5 ], "texture": "#texture", "cullface": "up" },
        "west":  { "uv": [ 1.5, 1, 2.5, 1.5 ], "texture": "#texture", "cullface": "up" }
    }
},
{
    "from": [ 1, 16, 13 ],
    "to": [ 8, 17, 14 ],
    "faces": {
        "up":    { "uv": [ 7.5, 8.5, 11, 9 ], "texture": "#texture", "cullface": "up" },
        "south": { "uv": [ 7.5, 8.5, 11, 9 ], "texture": "#texture", "cullface": "up" },
        "west":  { "uv": [ 7, 8.5, 8, 9 ], "texture": "#texture", "cullface": "up" }
    }
},
{
    "from": [ 2.5, 16, 14 ],
    "to": [ 13.5, 17, 15 ],
    "faces": {
        "down":  { "uv": [ 8.5, 8, 14, 8.5 ], "texture": "#texture", "cullface": "up" },
        "up":    { "uv": [ 8.5, 8, 14, 8.5 ], "texture": "#texture", "cullface": "up" },
        "north": { "uv": [ 8, 8, 13.5, 8.5 ], "texture": "#texture", "cullface": "up" },
        "south": { "uv": [ 8, 8, 13.5, 8.5 ], "texture": "#texture", "cullface": "up" },
        "west":  { "uv": [ 9, 8, 10, 8.5 ], "texture": "#texture", "cullface": "up" },
        "east":  { "uv": [ 9, 8, 10, 8.5 ], "texture": "#texture", "cullface": "up" }
    }
},
{
    "from": [ 1, 16, 2 ],
    "to": [ 8, 17, 3 ],
    "faces": {
        "up":    { "uv": [ 1.5, 1, 2.5, 1.5 ], "texture": "#texture", "cullface": "up" },
        "north": { "uv": [ 1.5, 1, 2.5, 1.5 ], "texture": "#texture", "cullface": "up" },
        "west":  { "uv": [ 1.5, 1, 2.5, 1.5 ], "texture": "#texture", "cullface": "up" }
    }
},
{
    "from": [ 3, 16, 1 ],
    "to": [ 8, 17, 2 ],
    "faces": {
        "up":    { "uv": [ 1, 0.5, 5, 1 ], "texture": "#texture", "cullface": "up" },
        "north": { "uv": [ 1, 0.5, 6, 1 ], "texture": "#texture", "cullface": "up" },
        "west":  { "uv": [ 1, 0.5, 2, 1 ], "texture": "#texture", "cullface": "up" }
    }
},
{
    "from": [ -1, 13, 2 ],
    "to": [ 8, 15, 14 ],
    "faces": {
        "up":    { "uv": [ 8, 2, 2, 3 ], "texture": "#texture", "cullface": "west" },
        "south": { "uv": [ 7.5, 2, 8, 3 ], "texture": "#texture", "cullface": "west" },
        "west":  { "uv": [ 2, 2, 8, 3 ], "texture": "#texture", "cullface": "west" }
    }
},
{
    "from": [ 0, 15, 1 ],
    "to": [ 8, 16, 2 ],
    "faces": {
        "up":    { "uv": [ 1.5, 1, 2.5, 2 ], "texture": "#texture", "cullface": "up" },
        "north": { "uv": [ 1.5, 1, 2.5, 1.5 ], "texture": "#texture" },
        "west":  { "uv": [ 1.5, 1, 2.5, 2 ], "texture": "#texture", "cullface": "west" }
    }
},
{
    "from": [ 2, 14, -1 ],
    "to": [ 14, 15, 0 ],
    "faces": {
        "up":    { "uv": [ 0.5, 1.5, 1, 2 ], "texture": "#texture", "cullface": "north" },
        "north": { "uv": [ 0.5, 1.5, 1, 2 ], "texture": "#texture", "cullface": "north" },
        "south": { "uv": [ 0.5, 1.5, 1, 2 ], "texture": "#texture", "cullface": "north" },
        "west":  { "uv": [ 0.5, 1.5, 1, 2 ], "texture": "#texture", "cullface": "north" },
        "east":  { "uv": [ 0.5, 1.5, 1, 2 ], "texture": "#texture", "cullface": "north" }
    }
},
{
    "from": [ 0, 13, 13 ],
    "to": [ 8, 16, 15 ],
    "faces": {
        "down":  { "uv": [ 7, 10, 11, 10.5 ], "texture": "#texture" },
        "up":    { "uv": [ 7, 9, 11, 9.5 ], "texture": "#texture", "cullface": "up" },
        "north": { "uv": [ 11, 9, 7, 10.5 ], "texture": "#texture" },
        "south": { "uv": [ 7, 9, 11, 10.5 ], "texture": "#texture" },
        "west":  { "uv": [ 7, 9, 7.5, 10.5 ], "texture": "#texture", "cullface": "west" }
    }
},
{
    "from": [ 1, 13, 15 ],
    "to": [ 8, 15, 16 ],
    "faces": {
        "up":    { "uv": [ 7.5, 9.5, 11, 10.5 ], "texture": "#texture" },
        "south": { "uv": [ 7.5, 9.5, 11, 10.5 ], "texture": "#texture", "cullface": "south" },
        "west":  { "uv": [ 7.5, 9.5, 8, 10.5 ], "texture": "#texture" }
    }
},
{
    "from": [ 4, 16, 15 ],
    "to": [ 8, 17, 16 ],
    "faces": {
        "up":    { "uv": [ 9, 8.5, 11, 9 ], "texture": "#texture", "cullface": "up" },
        "south": { "uv": [ 9, 8.5, 11, 9 ], "texture": "#texture", "cullface": "up" },
        "west":  { "uv": [ 9, 8.5, 10, 9 ], "texture": "#texture", "cullface": "up" }
    }
},
{
    "from": [ 4.5, 16, 0 ],
    "to": [ 8, 17, 1 ],
    "faces": {
        "up":    { "uv": [ 1, 0.5, 1.5, 1 ], "texture": "#texture", "cullface": "up" },
        "north": { "uv": [ 1, 0.5, 1.5, 1 ], "texture": "#texture", "cullface": "up" },
        "west":  { "uv": [ 1, 0.5, 2, 1 ], "texture": "#texture", "cullface": "up" }
    }
},
{
    "from": [ 6.5, 17, 0 ],
    "to": [ 9.5, 18, 1 ],
    "faces": {
        "down":  { "uv": [ 9.5, 8, 10.5, 9 ], "texture": "#texture", "cullface": "up" },
        "up":    { "uv": [ 9.5, 8, 10.5, 9 ], "texture": "#texture", "cullface": "up" },
        "north": { "uv": [ 9.5, 8, 10.5, 8.5 ], "texture": "#texture", "cullface": "up" },
        "west":  { "uv": [ 9.5, 8, 10.5, 8.5 ], "texture": "#texture", "cullface": "up" },
        "east":  { "uv": [ 9.5, 8, 10.5, 8.5 ], "texture": "#texture", "cullface": "up" }
    }
},
{
    "from": [ 5.5, 16, -1 ],
    "to": [ 10.5, 17, 0 ],
    "faces": {
        "up":    { "uv": [ 1, 0.5, 1.5, 1 ], "texture": "#texture", "cullface": "north" },
        "north": { "uv": [ 1, 0.5, 1.5, 1 ], "texture": "#texture", "cullface": "north" },
        "south": { "uv": [ 1, 0.5, 1.5, 1 ], "texture": "#texture", "cullface": "north" },
        "west":  { "uv": [ 1, 0.5, 1.5, 1 ], "texture": "#texture", "cullface": "north" },
        "east":  { "uv": [ 1, 0.5, 1.5, 1 ], "texture": "#texture", "cullface": "north" }
    }
},
{
    "from": [ 5.5, 17, 15 ],
    "to": [ 10, 18, 16 ],
    "faces": {
        "down":  { "uv": [ 9.5, 8, 11, 8.5 ], "texture": "#texture", "cullface": "up" },
        "up":    { "uv": [ 9.5, 8, 11, 8.5 ], "texture": "#texture", "cullface": "up" },
        "south": { "uv": [ 9.5, 8, 11, 8.5 ], "texture": "#texture", "cullface": "up" },
        "west":  { "uv": [ 9.5, 8, 11, 8.5 ], "texture": "#texture", "cullface": "up" },
        "east":  { "uv": [ 9.5, 8, 11, 8.5 ], "texture": "#texture", "cullface": "up" }
    }
},
{
    "from": [ 5, 16, 16 ],
    "to": [ 8, 17, 17 ],
    "faces": {
        "up":    { "uv": [ 9.5, 8.5, 11, 9 ], "texture": "#texture", "cullface": "south" },
        "south": { "uv": [ 9.5, 8.5, 11, 9 ], "texture": "#texture", "cullface": "south" },
        "west":  { "uv": [ 9.5, 8.5, 10, 9 ], "texture": "#texture", "cullface": "south" }
    }
},
{
    "from": [ -1, 13, 1 ],
    "to": [ 8, 15, 2 ],
    "faces": {
        "up":    { "uv": [ 1, 2.5, 1.5, 3 ], "texture": "#texture", "cullface": "west" },
        "north": { "uv": [ 1, 2.5, 1.5, 3.5 ], "texture": "#texture", "cullface": "west" },
        "west":  { "uv": [ 1, 2.5, 1.5, 3.5 ], "texture": "#texture", "cullface": "west" }
    }
},
{
    "from": [ 0, 13, 0 ],
    "to": [ 8, 15, 1 ],
    "faces": {
        "up":    { "uv": [ 0.5, 2, 1, 2.5 ], "texture": "#texture" },
        "north": { "uv": [ 0.5, 2, 1, 2.5 ], "texture": "#texture", "cullface": "north" },
        "west":  { "uv": [ 0.5, 2, 1, 2.5 ], "texture": "#texture", "cullface": "west" }
    }
},
{
    "from": [ 2, 13, -1 ],
    "to": [ 8, 14, 0 ],
    "faces": {
        "down":  { "uv": [ 14, 0, 8, 0 ], "texture": "#texture", "cullface": "north" },
        "north": { "uv": [ 8, 2, 14, 3 ], "texture": "#texture", "cullface": "north" },
        "west":  { "uv": [ 0, 2, 0, 3 ], "texture": "#texture", "cullface": "north" },
        "east":  { "uv": [ 16, 2, 16, 3 ], "texture": "#texture", "cullface": "north" }
    }
},
{
    "from": [ 2, 14, 15 ],
    "to": [ 8, 15, 16 ],
    "faces": {
        "down":  { "uv": [ 14, 16, 8, 15 ], "texture": "#texture" },
        "west":  { "uv": [ 15, 1, 16, 2 ], "texture": "#texture" }
    }
},
{
    "from": [ -1, 6, 0 ],
    "to": [ 8, 13, 2 ],
    "faces": {
        "down":  { "uv": [ 6.5, 13.5, 11, 14 ], "rotation": 180, "texture": "#texture", "cullface": "west" },
        "up":    { "uv": [ 11, 10.5, 6.5, 11 ], "rotation": 180, "texture": "#texture", "cullface": "west" },
        "north": { "uv": [ 7, 10.5, 6, 12.5 ], "texture": "#texture", "cullface": "west" },
        "south": { "uv": [ 6.5, 10.5, 11, 14 ], "texture": "#texture", "cullface": "west" },
        "west":  { "uv": [ 1, 3, 2, 6.5 ], "texture": "#texture", "cullface": "west" }
    }
},
{
    "from": [ 1, 12, -1 ],
    "to": [ 15, 14, 0 ],
    "faces": {
        "up":    { "uv": [ 0.5, 2.5, 1, 3.5 ], "texture": "#texture", "cullface": "north" },
        "north": { "uv": [ 0.5, 2.5, 1, 3.5 ], "texture": "#texture", "cullface": "north" },
        "south": { "uv": [ 0.5, 2.5, 1, 3.5 ], "texture": "#texture", "cullface": "north" },
        "west":  { "uv": [ 0.5, 2.5, 1, 3.5 ], "texture": "#texture", "cullface": "north" },
        "east":  { "uv": [ 0.5, 2.5, 1, 3.5 ], "texture": "#texture", "cullface": "north" }
    }
},
{
    "from": [ 4, 13, -2 ],
    "to": [ 12, 14, -1 ],
    "faces": {
        "up":    { "uv": [ 0, 2.5, 0.5, 3 ], "texture": "#texture", "cullface": "north" },
        "north": { "uv": [ 0, 2.5, 0.5, 3 ], "texture": "#texture", "cullface": "north" },
        "west":  { "uv": [ 0, 2.5, 0.5, 3 ], "texture": "#texture", "cullface": "north" },
        "east":  { "uv": [ 0, 2.5, 0.5, 3 ], "texture": "#texture", "cullface": "north" }
    }
},
{
    "from": [ 0, 12, 14 ],
    "to": [ 16, 13, 15 ],
    "faces": {
        "down":  { "uv": [ 7, 10, 7.5, 11 ], "texture": "#texture" },
        "up":    { "uv": [ 7, 10, 7.5, 11 ], "texture": "#texture" },
        "north": { "uv": [ 7, 10, 7.5, 11 ], "texture": "#texture" },
        "south": { "uv": [ 7, 10, 7.5, 11 ], "texture": "#texture" }
    }
},
{
    "from": [ 1, 11, 15 ],
    "to": [ 8, 13, 16 ],
    "faces": {
        "down":  { "uv": [ 7.5, 11, 11, 11.5 ], "texture": "#texture" },
        "north": { "uv": [ 11, 10.5, 7.5, 11.5 ], "texture": "#texture" },
        "south": { "uv": [ 7.5, 10.5, 11, 11.5 ], "texture": "#texture", "cullface": "south" },
        "west":  { "uv": [ 7.5, 10.5, 8, 11.5 ], "texture": "#texture" }
    }
},
{
    "from": [ 2, 10, 15 ],
    "to": [ 8, 11, 16 ],
    "faces": {
        "down":  { "uv": [ 7.5, 11.5, 11, 12 ], "texture": "#texture" },
        "south": { "uv": [ 7.5, 11.5, 11, 12 ], "texture": "#texture", "cullface": "south" },
        "west":  { "uv": [ 7.5, 11.5, 8, 12 ], "texture": "#texture" }
    }
},
{
    "from": [ 0, 10, 14 ],
    "to": [ 8, 12, 15 ],
    "faces": {
        "down":  { "uv": [ 7, 11.5, 11, 12 ], "texture": "#texture" },
        "south": { "uv": [ 7, 11, 11, 12 ], "texture": "#texture" },
        "west":  { "uv": [ 7, 11, 7.5, 12 ], "texture": "#texture", "cullface": "west" }
    }
},
{
    "from": [ 6, 14, -2 ],
    "to": [ 10, 15, -1 ],
    "faces": {
        "up":    { "uv": [ 0, 2, 0.5, 2.5 ], "texture": "#texture", "cullface": "north" },
        "north": { "uv": [ 0, 2, 0.5, 2.5 ], "texture": "#texture", "cullface": "north" },
        "west":  { "uv": [ 0, 2, 0.5, 2.5 ], "texture": "#texture", "cullface": "north" },
        "east":  { "uv": [ 0, 2, 0.5, 2.5 ], "texture": "#texture", "cullface": "north" }
    }
},
{
    "from": [ 0, 11, -1 ],
    "to": [ 16, 12, 0 ],
    "faces": {
        "up":    { "uv": [ 0, 4, 0.5, 4.5 ], "texture": "#texture", "cullface": "north" },
        "north": { "uv": [ 0, 3.5, 0.5, 4.5 ], "texture": "#texture", "cullface": "north" },
        "south": { "uv": [ 0, 3.5, 0.5, 4.5 ], "texture": "#texture", "cullface": "north" },
        "west":  { "uv": [ 0, 3.5, 0.5, 4.5 ], "texture": "#texture", "cullface": "north" },
        "east":  { "uv": [ 0, 3.5, 0.5, 4.5 ], "texture": "#texture", "cullface": "north" }
    }
},
{
    "from": [ -1, 10, 2 ],
    "to": [ 8, 13, 14 ],
    "faces": {
        "down":  { "uv": [ 8, 4, 2, 4.5 ], "rotation": 90, "texture": "#texture", "cullface": "west" },
        "south": { "uv": [ 7, 10.5, 11, 12 ], "texture": "#texture", "cullface": "west" },
        "west":  { "uv": [ 2, 3, 8, 4.5 ], "texture": "#texture", "cullface": "west" }
    }
},
{
    "from": [ -1, 5, 2 ],
    "to": [ 0, 10, 12 ],
    "faces": {
        "down":  { "uv": [ 7, 6.5, 2, 7 ], "rotation": 90, "texture": "#texture", "cullface": "west" },
        "north": { "uv": [ 2, 4.5, 2.5, 7 ], "texture": "#texture", "cullface": "west" },
        "south": { "uv": [ 6.5, 4.5, 7, 7 ], "texture": "#texture", "cullface": "west" },
        "west":  { "uv": [ 2, 4.5, 7, 7 ], "texture": "#texture", "cullface": "west" }
    }
},
{
    "from": [ -1, 15, 2 ],
    "to": [ 8, 16, 13 ],
    "faces": {
        "up":    { "uv": [ 1.5, 1, 7, 1.5 ], "texture": "#texture", "cullface": "west" },
        "north": { "uv": [ 2, 1.5, 2.5, 2 ], "texture": "#texture", "cullface": "west" },
        "south": { "uv": [ 2, 1.5, 2.5, 2 ], "texture": "#texture", "cullface": "west" },
        "west":  { "uv": [ 2, 1.5, 7.5, 2 ], "texture": "#texture", "cullface": "west" }
    }
},
{
    "from": [ 3, 15, 16 ],
    "to": [ 8, 16, 17 ],
    "faces": {
        "up":    { "uv": [ 8.5, 9, 11, 9.5 ], "texture": "#texture", "cullface": "south" },
        "south": { "uv": [ 8.5, 9, 11, 9.5 ], "texture": "#texture", "cullface": "south" },
        "west":  { "uv": [ 8.5, 9, 9, 9.5 ], "texture": "#texture", "cullface": "south" }
    }
},
{
    "from": [ 2, 12, 16 ],
    "to": [ 8, 15, 17 ],
    "faces": {
        "down":  { "uv": [ 8, 11, 11, 11.5 ], "texture": "#texture", "cullface": "south" },
        "up":    { "uv": [ 8, 9.5, 11, 10 ], "texture": "#texture", "cullface": "south" },
        "north": { "uv": [ 11, 9.5, 8, 11 ], "texture": "#texture", "cullface": "south" },
        "south": { "uv": [ 8, 9.5, 11, 11 ], "texture": "#texture", "cullface": "south" },
        "west":  { "uv": [ 8, 9.5, 8.5, 11 ], "texture": "#texture", "cullface": "south" }
    }
},
{
    "from": [ 3, 11, 16 ],
    "to": [ 8, 12, 17 ],
    "faces": {
        "down":  { "uv": [ 8.5, 11, 11, 11.5 ], "texture": "#texture", "cullface": "south" },
        "south": { "uv": [ 8.5, 11, 11, 11.5 ], "texture": "#texture", "cullface": "south" },
        "west":  { "uv": [ 9, 10.5, 9.5, 11.5 ], "texture": "#texture", "cullface": "south" }
    }
},
{
    "from": [ 4, 10, 16 ],
    "to": [ 8, 11, 17 ],
    "faces": {
        "down":  { "uv": [ 9, 11.5, 11, 12 ], "texture": "#texture", "cullface": "south" },
        "south": { "uv": [ 9, 11.5, 11, 12 ], "texture": "#texture", "cullface": "south" },
        "west":  { "uv": [ 9, 11.5, 9.5, 12 ], "texture": "#texture", "cullface": "south" }
    }
},
{
    "from": [ 3, 15, -1 ],
    "to": [ 13, 16, 0 ],
    "faces": {
        "up":    { "uv": [ 0.5, 1, 1, 1.5 ], "texture": "#texture", "cullface": "north" },
        "north": { "uv": [ 0.5, 1, 1, 1.5 ], "texture": "#texture", "cullface": "north" },
        "west":  { "uv": [ 0.5, 1, 1, 1.5 ], "texture": "#texture", "cullface": "north" },
        "east":  { "uv": [ 0.5, 1, 1, 1.5 ], "texture": "#texture", "cullface": "north" }
    }
},
{
    "from": [ 2, 15, 15 ],
    "to": [ 8, 16, 16 ],
    "faces": {
        "up":    { "uv": [ 8, 9, 11, 9.5 ], "texture": "#texture", "cullface": "up" },
        "south": { "uv": [ 8, 9, 11, 9.5 ], "texture": "#texture", "cullface": "south" },
        "west":  { "uv": [ 8, 9, 9, 10 ], "texture": "#texture" }
    }
},
{
    "from": [ 5, 11, 17 ],
    "to": [ 8, 16, 18 ],
    "faces": {
        "down":  { "uv": [ 9.5, 11, 11, 11.5 ], "texture": "#texture", "cullface": "south" },
        "up":    { "uv": [ 9.5, 9, 11, 9.5 ], "texture": "#texture", "cullface": "south" },
        "north": { "uv": [ 11, 9, 9.5, 11.5 ], "texture": "#texture", "cullface": "south" },
        "south": { "uv": [ 9.5, 9, 11, 11.5 ], "texture": "#texture", "cullface": "south" },
        "west":  { "uv": [ 10, 9, 10.5, 11.5 ], "texture": "#texture", "cullface": "south" }
    }
},
{
    "from": [ 4, 12, 17 ],
    "to": [ 5, 15, 18 ],
    "faces": {
        "down":  { "uv": [ 9, 9.5, 10, 10 ], "texture": "#texture", "cullface": "south" },
        "up":    { "uv": [ 9, 9.5, 10, 10 ], "texture": "#texture", "cullface": "south" },
        "south": { "uv": [ 9, 9.5, 9.5, 11 ], "texture": "#texture", "cullface": "south" },
        "west":  { "uv": [ 9, 9.5, 9.5, 11 ], "texture": "#texture", "cullface": "south" }
    }
},
{
    "from": [ 3, 11, -2 ],
    "to": [ 13, 13, -1 ],
    "faces": {
        "up":    { "uv": [ 0, 2.5, 0.5, 4.5 ], "texture": "#texture", "cullface": "north" },
        "north": { "uv": [ 0, 2.5, 0.5, 4.5 ], "texture": "#texture", "cullface": "north" },
        "south": { "uv": [ 0, 2.5, 0.5, 4.5 ], "texture": "#texture", "cullface": "north" },
        "west":  { "uv": [ 0, 2.5, 0.5, 4.5 ], "texture": "#texture", "cullface": "north" },
        "east":  { "uv": [ 0, 2.5, 0.5, 4.5 ], "texture": "#texture", "cullface": "north" }
    }
},
{
    "from": [ 2, 10, -1 ],
    "to": [ 8, 11, 0 ],
    "faces": {
        "down":  { "uv": [ 14, 0, 8, 0 ], "texture": "#texture", "cullface": "north" },
        "west":  { "uv": [ 0, 5, 0, 6 ], "texture": "#texture", "cullface": "north" },
        "east":  { "uv": [ 16, 5, 16, 6 ], "texture": "#texture", "cullface": "north" }
    }
},
{
    "from": [ 3, 9, -1 ],
    "to": [ 8, 10, 0 ],
    "faces": {
        "down":  { "uv": [ 16, 0, 16, 0 ], "texture": "#texture", "cullface": "north" },
        "west":  { "uv": [ 0, 5, 0, 6 ], "texture": "#texture", "cullface": "north" },
        "east":  { "uv": [ 16, 5, 16, 6 ], "texture": "#texture", "cullface": "north" }
    }
},
{
    "from": [ 2, 7, -2 ],
    "to": [ 14, 11, -1 ],
    "faces": {
        "down":  { "uv": [ 0, 5.5, 0.5, 6 ], "texture": "#texture", "cullface": "north" },
        "up":    { "uv": [ 0, 5.5, 0.5, 6 ], "texture": "#texture", "cullface": "north" },
        "north": { "uv": [ 0, 5.5, 0.5, 6 ], "texture": "#texture", "cullface": "north" },
        "west":  { "uv": [ 0, 5.5, 0.5, 6 ], "texture": "#texture", "cullface": "north" },
        "east":  { "uv": [ 0, 5.5, 0.5, 6 ], "texture": "#texture", "cullface": "north" }
    }
},
{
    "from": [ 3, 5, -2 ],
    "to": [ 13, 7, -1 ],
    "faces": {
        "down":  { "uv": [ 0, 5.5, 0.5, 6 ], "texture": "#texture", "cullface": "north" },
        "north": { "uv": [ 0, 5.5, 0.5, 6 ], "texture": "#texture", "cullface": "north" },
        "south": { "uv": [ 0, 5.5, 0.5, 6 ], "texture": "#texture", "cullface": "north" },
        "west":  { "uv": [ 0, 5.5, 0.5, 6 ], "texture": "#texture", "cullface": "north" },
        "east":  { "uv": [ 0, 5.5, 0.5, 6 ], "texture": "#texture", "cullface": "north" }
    }
},
{
    "from": [ 4, 4, -2 ],
    "to": [ 12, 5, -1 ],
    "faces": {
        "down":  { "uv": [ 0, 6, 0.5, 6.5 ], "texture": "#texture", "cullface": "north" },
        "north": { "uv": [ 0, 6, 0.5, 6.5 ], "texture": "#texture", "cullface": "north" },
        "west":  { "uv": [ 0, 6, 0.5, 6.5 ], "texture": "#texture", "cullface": "north" },
        "east":  { "uv": [ 0, 6, 0.5, 6.5 ], "texture": "#texture", "cullface": "north" }
    }
},
{
    "from": [ 6, 3, -2 ],
    "to": [ 10, 4, -1 ],
    "faces": {
        "down":  { "uv": [ 0, 6.5, 0.5, 7 ], "texture": "#texture", "cullface": "north" },
        "north": { "uv": [ 0, 6.5, 0.5, 7 ], "texture": "#texture", "cullface": "north" },
        "west":  { "uv": [ 0, 6.5, 0.5, 7 ], "texture": "#texture", "cullface": "north" },
        "east":  { "uv": [ 0, 6.5, 0.5, 7 ], "texture": "#texture", "cullface": "north" }
    }
},
{
    "from": [ 0, 7, -1 ],
    "to": [ 16, 11, 0 ],
    "faces": {
        "north": { "uv": [ 0, 6, 0.5, 6.5 ], "texture": "#texture", "cullface": "north" },
        "south": { "uv": [ 0, 6, 0.5, 6.5 ], "texture": "#texture", "cullface": "north" },
        "west":  { "uv": [ 0, 6, 0.5, 6.5 ], "texture": "#texture", "cullface": "north" },
        "east":  { "uv": [ 0, 6, 0.5, 6.5 ], "texture": "#texture", "cullface": "north" }
    }
},
{
    "from": [ 0, 6, -1 ],
    "to": [ 16, 7, 0 ],
    "faces": {
        "down":  { "uv": [ 0, 6, 0.5, 6.5 ], "texture": "#texture", "cullface": "north" },
        "north": { "uv": [ 0, 6, 0.5, 6.5 ], "texture": "#texture", "cullface": "north" },
        "south": { "uv": [ 0, 6, 0.5, 6.5 ], "texture": "#texture", "cullface": "north" },
        "west":  { "uv": [ 0, 6, 0.5, 6.5 ], "texture": "#texture", "cullface": "north" },
        "east":  { "uv": [ 0, 6, 0.5, 6.5 ], "texture": "#texture", "cullface": "north" }
    }
},
{
    "from": [ 1, 4, -1 ],
    "to": [ 15, 6, 0 ],
    "faces": {
        "down":  { "uv": [ 0, 6, 0.5, 6.5 ], "texture": "#texture", "cullface": "north" },
        "north": { "uv": [ 0, 6, 0.5, 6.5 ], "texture": "#texture", "cullface": "north" },
        "south": { "uv": [ 0, 6, 0.5, 6.5 ], "texture": "#texture", "cullface": "north" },
        "west":  { "uv": [ 0, 6, 0.5, 6.5 ], "texture": "#texture", "cullface": "north" },
        "east":  { "uv": [ 0, 6, 0.5, 6.5 ], "texture": "#texture", "cullface": "north" }
    }
},
{
    "from": [ 2, 3, -1 ],
    "to": [ 14, 4, 0 ],
    "faces": {
        "down":  { "uv": [ 0, 7, 0.5, 7.5 ], "texture": "#texture", "cullface": "north" },
        "north": { "uv": [ 0, 7, 0.5, 7.5 ], "texture": "#texture", "cullface": "north" },
        "south": { "uv": [ 0, 7, 0.5, 7.5 ], "texture": "#texture", "cullface": "north" },
        "west":  { "uv": [ 0, 7, 0.5, 7.5 ], "texture": "#texture", "cullface": "north" },
        "east":  { "uv": [ 0, 7, 0.5, 7.5 ], "texture": "#texture", "cullface": "north" }
    }
},
{
    "from": [ -1, 11, 14 ],
    "to": [ 0, 14, 15 ],
    "faces": {
        "down":  { "uv": [ 6, 10, 6.5, 11 ], "texture": "#texture", "cullface": "west" },
        "up":    { "uv": [ 6, 10, 6.5, 11 ], "texture": "#texture", "cullface": "west" },
        "north": { "uv": [ 6, 10, 6.5, 11.5 ], "texture": "#texture", "cullface": "west" },
        "south": { "uv": [ 6, 10, 6.5, 11.5 ], "texture": "#texture", "cullface": "west" },
        "west":  { "uv": [ 6, 10, 6.5, 11.5 ], "texture": "#texture", "cullface": "west" },
        "east":  { "uv": [ 6, 10, 6.5, 11.5 ], "texture": "#texture", "cullface": "west" }
    }
},
{
    "from": [ -1, 4, 0 ],
    "to": [ 0, 5, 11 ],
    "faces": {
        "down":  { "uv": [ 1, 7, 6.5, 7.5 ], "rotation": 90, "texture": "#texture", "cullface": "west" },
        "up":    { "uv": [ 1, 7, 6.5, 7.5 ], "rotation": 90, "texture": "#texture", "cullface": "west" },
        "north": { "uv": [ 1, 7, 1.5, 8 ], "texture": "#texture", "cullface": "west" },
        "south": { "uv": [ 1, 7, 1.5, 8 ], "texture": "#texture", "cullface": "west" },
        "west":  { "uv": [ 1, 7, 6.5, 7.5 ], "texture": "#texture", "cullface": "west" },
        "east":  { "uv": [ 6.5, 7, 1, 7.5 ], "texture": "#texture", "cullface": "west" }
    }
},
{
    "from": [ -1, 3, 1 ],
    "to": [ 0, 4, 10 ],
    "faces": {
        "down":  { "uv": [ 1.5, 7.5, 2, 8 ], "texture": "#texture", "cullface": "west" },
        "north": { "uv": [ 2, 7.5, 2.5, 8 ], "texture": "#texture", "cullface": "west" },
        "south": { "uv": [ 5.5, 7.5, 6, 8 ], "texture": "#texture", "cullface": "west" },
        "west":  { "uv": [ 2, 7.5, 6, 8 ], "texture": "#texture", "cullface": "west" }
    }
},
{
    "from": [ -1, 2, 3 ],
    "to": [ 0, 3, 9 ],
    "faces": {
        "down":  { "uv": [ 3, 8, 6, 8.5 ], "texture": "#texture", "cullface": "west" },
        "north": { "uv": [ 3, 8, 3.5, 8.5 ], "texture": "#texture", "cullface": "west" },
        "south": { "uv": [ 3, 8, 3.5, 8.5 ], "texture": "#texture", "cullface": "west" },
        "west":  { "uv": [ 3, 8, 6, 8.5 ], "texture": "#texture", "cullface": "west" }
    }
},
{
    "from": [ 0, 4, 0 ],
    "to": [ 1, 5, 1 ],
    "faces": {
        "north": { "uv": [ 15, 11, 16, 12 ], "texture": "#texture", "cullface": "north" }
    }
},
{
    "from": [ 0, 3, 0 ],
    "to": [ 1, 4, 11 ],
    "faces": {
        "down":  { "uv": [ 1.5, 7.5, 6.5, 8 ], "texture": "#texture" },
        "up":    { "uv": [ 1.5, 7.5, 6.5, 8 ], "texture": "#texture" },
        "north": { "uv": [ 6, 15, 6.5, 15.5 ], "texture": "#texture", "cullface": "north" },
        "south": { "uv": [ 7, 15, 7.5, 15.5 ], "texture": "#texture" },
        "west":  { "uv": [ 1.5, 7.5, 6.5, 8 ], "texture": "#texture", "cullface": "west" },
        "east":  { "uv": [ 6.5, 7.5, 1.5, 8 ], "texture": "#texture" }
    }
},
{
    "from": [ 0, 2, 1 ],
    "to": [ 1, 3, 10 ],
    "faces": {
        "down":  { "uv": [ 2, 8, 6, 8.5 ], "texture": "#texture" },
        "north": { "uv": [ 6.5, 15.5, 7, 16 ], "texture": "#texture" },
        "south": { "uv": [ 7, 15.5, 7.5, 16 ], "texture": "#texture" },
        "west":  { "uv": [ 2, 8, 6, 8.5 ], "texture": "#texture", "cullface": "west" },
        "east":  { "uv": [ 2, 8, 6, 8.5 ], "texture": "#texture" }
    }
},
{
    "from": [ 0, 4, 1 ],
    "to": [ 1, 5, 12 ],
    "faces": {
        "down":  { "uv": [ 1.5, 7, 7, 7.5 ], "rotation": 90, "texture": "#texture" },
        "up":    { "uv": [ 1.5, 7, 7, 7.5 ], "rotation": 90, "texture": "#texture" },
        "south": { "uv": [ 7, 14.5, 7.5, 15 ], "texture": "#texture" },
        "west":  { "uv": [ 1.5, 7, 7, 7.5 ], "texture": "#texture", "cullface": "west" },
        "east":  { "uv": [ 7, 7, 1.5, 7.5 ], "texture": "#texture" }
    }
},
{
    "from": [ 0, 5, 2 ],
    "to": [ 1, 10, 13 ],
    "faces": {
        "down":  { "uv": [ 2, 6.5, 7.5, 7 ], "texture": "#texture" },
        "north": { "uv": [ 2, 4.5, 2.5, 7 ], "texture": "#texture" },
        "south": { "uv": [ 7, 12, 7.5, 14.5 ], "texture": "#texture" },
        "west":  { "uv": [ 2, 4.5, 7.5, 7 ], "texture": "#texture", "cullface": "west" },
        "east":  { "uv": [ 7.5, 4.5, 2, 7 ], "texture": "#texture" }
    }
},
{
    "from": [ 1, 3, 0 ],
    "to": [ 8, 6, 1 ],
    "faces": {
        "down":  { "uv": [ 7.5, 15, 11, 15.5 ], "texture": "#texture" },
        "north": { "uv": [ 7.5, 14, 11, 15.5 ], "texture": "#texture", "cullface": "north" },
        "south": { "uv": [ 7.5, 14, 11, 15.5 ], "texture": "#texture" },
        "west":  { "uv": [ 7.5, 14, 8, 15.5 ], "texture": "#texture" }
    }
},
{
    "from": [ 3, 18, 4 ],
    "to": [ 8, 19, 6 ],
    "faces": {
        "up":    { "uv": [ 8.5, 7.5, 11, 8 ], "texture": "#texture", "cullface": "up" },
        "north": { "uv": [ 11, 7.5, 8.5, 8 ], "texture": "#texture", "cullface": "up" },
        "west":  { "uv": [ 8, 7.5, 9, 8 ], "texture": "#texture", "cullface": "up" }
    }
},
{
    "from": [ 1, 17, 4 ],
    "to": [ 15, 18, 6 ],
    "faces": {
        "down":  { "uv": [ 7.5, 8, 11, 8.5 ], "texture": "#texture", "cullface": "up" },
        "up":    { "uv": [ 7.5, 8, 11, 8.5 ], "texture": "#texture", "cullface": "up" },
        "north": { "uv": [ 7.5, 8, 11, 8.5 ], "texture": "#texture", "cullface": "up" },
        "west":  { "uv": [ 7.5, 8, 8, 8.5 ], "texture": "#texture", "cullface": "up" },
        "east":  { "uv": [ 10.5, 8, 11, 8.5 ], "texture": "#texture", "cullface": "up" }
    }
},
{
    "from": [ 2, 17, 2 ],
    "to": [ 14, 18, 4 ],
    "faces": {
        "down":  { "uv": [ 8, 8, 11, 8.5 ], "texture": "#texture", "cullface": "up" },
        "up":    { "uv": [ 8, 8, 11, 8.5 ], "texture": "#texture", "cullface": "up" },
        "north": { "uv": [ 8, 8, 11, 8.5 ], "texture": "#texture", "cullface": "up" },
        "west":  { "uv": [ 8, 8, 9, 8.5 ], "texture": "#texture", "cullface": "up" },
        "east":  { "uv": [ 8, 8, 9, 8.5 ], "texture": "#texture", "cullface": "up" }
    }
},
{
    "from": [ 4, 17, 1 ],
    "to": [ 12, 18, 2 ],
    "faces": {
        "down":  { "uv": [ 9, 8, 11, 8.5 ], "texture": "#texture", "cullface": "up" },
        "up":    { "uv": [ 9, 8, 11, 8.5 ], "texture": "#texture", "cullface": "up" },
        "north": { "uv": [ 9, 8, 11, 8.5 ], "texture": "#texture", "cullface": "up" },
        "west":  { "uv": [ 8, 8, 9, 8.5 ], "texture": "#texture", "cullface": "up" },
        "east":  { "uv": [ 10.5, 8, 11.5, 8.5 ], "texture": "#texture", "cullface": "up" }
    }
},
{
    "from": [ 4, 18, 3 ],
    "to": [ 8, 19, 4 ],
    "faces": {
        "up":    { "uv": [ 9, 7.5, 11, 8 ], "texture": "#texture", "cullface": "up" },
        "north": { "uv": [ 11, 7.5, 9, 8 ], "texture": "#texture", "cullface": "up" },
        "west":  { "uv": [ 8, 7.5, 9, 8 ], "texture": "#texture", "cullface": "up" }
    }
},
{
    "from": [ 6, 18, 2 ],
    "to": [ 8, 19, 3 ],
    "faces": {
        "up":    { "uv": [ 10, 7.5, 11, 8 ], "texture": "#texture", "cullface": "up" },
        "north": { "uv": [ 11, 7.5, 10, 8 ], "texture": "#texture", "cullface": "up" },
        "west":  { "uv": [ 9.5, 7.5, 10.5, 8 ], "texture": "#texture", "cullface": "up" }
    }
},
{
    "from": [ 8, 18, 6 ],
    "to": [ 14, 19, 10 ],
    "faces": {
        "up":    { "uv": [ 11, 7.5, 8, 8 ], "texture": "#texture", "cullface": "up" },
        "north": { "uv": [ 8, 7.5, 11, 8 ], "texture": "#texture", "cullface": "up" },
        "south": { "uv": [ 11, 7.5, 8, 8 ], "texture": "#texture", "cullface": "up" },
        "east":  { "uv": [ 9, 7.5, 8, 8 ], "texture": "#texture", "cullface": "up" }
    }
},
{
    "from": [ 8, 18, 10 ],
    "to": [ 13, 19, 12 ],
    "faces": {
        "up":    { "uv": [ 11, 7.5, 8.5, 8 ], "texture": "#texture", "cullface": "up" },
        "south": { "uv": [ 11, 7.5, 8.5, 8 ], "texture": "#texture", "cullface": "up" },
        "east":  { "uv": [ 9, 7.5, 8, 8 ], "texture": "#texture", "cullface": "up" }
    }
},
{
    "from": [ 8, 18, 12 ],
    "to": [ 12, 19, 13 ],
    "faces": {
        "up":    { "uv": [ 11, 7.5, 9, 8 ], "texture": "#texture", "cullface": "up" },
        "south": { "uv": [ 11, 7.5, 9, 8 ], "texture": "#texture", "cullface": "up" },
        "east":  { "uv": [ 9, 7.5, 8, 8 ], "texture": "#texture", "cullface": "up" }
    }
},
{
    "from": [ 8, 18, 13 ],
    "to": [ 10, 19, 14 ],
    "faces": {
        "up":    { "uv": [ 11, 7.5, 10, 8 ], "texture": "#texture", "cullface": "up" },
        "south": { "uv": [ 11, 7.5, 10, 8 ], "texture": "#texture", "cullface": "up" },
        "east":  { "uv": [ 10.5, 7.5, 9.5, 8 ], "texture": "#texture", "cullface": "up" }
    }
},
{
    "from": [ 8, 18, 4 ],
    "to": [ 13, 19, 6 ],
    "faces": {
        "up":    { "uv": [ 11, 7.5, 8.5, 8 ], "texture": "#texture", "cullface": "up" },
        "north": { "uv": [ 8.5, 7.5, 11, 8 ], "texture": "#texture", "cullface": "up" },
        "east":  { "uv": [ 9, 7.5, 8, 8 ], "texture": "#texture", "cullface": "up" }
    }
},
{
    "from": [ 8, 18, 3 ],
    "to": [ 12, 19, 4 ],
    "faces": {
        "up":    { "uv": [ 11, 7.5, 9, 8 ], "texture": "#texture", "cullface": "up" },
        "north": { "uv": [ 9, 7.5, 11, 8 ], "texture": "#texture", "cullface": "up" },
        "east":  { "uv": [ 9, 7.5, 8, 8 ], "texture": "#texture", "cullface": "up" }
    }
},
{
    "from": [ 8, 18, 2 ],
    "to": [ 10, 19, 3 ],
    "faces": {
        "up":    { "uv": [ 11, 7.5, 10, 8 ], "texture": "#texture", "cullface": "up" },
        "north": { "uv": [ 10, 7.5, 11, 8 ], "texture": "#texture", "cullface": "up" },
        "east":  { "uv": [ 10.5, 7.5, 9.5, 8 ], "texture": "#texture", "cullface": "up" }
    }
},
{
    "from": [ 8, 16, 16 ],
    "to": [ 11, 17, 17 ],
    "faces": {
        "up":    { "uv": [ 11, 8.5, 9.5, 9 ], "texture": "#texture", "cullface": "south" },
        "south": { "uv": [ 11, 8.5, 9.5, 9 ], "texture": "#texture", "cullface": "south" },
        "east":  { "uv": [ 9.5, 8.5, 10, 9 ], "texture": "#texture", "cullface": "south" }
    }
},
{
    "from": [ 8, 11, 17 ],
    "to": [ 11, 16, 18 ],
    "faces": {
        "down":  { "uv": [ 11, 11, 9.5, 11.5 ], "texture": "#texture", "cullface": "south" },
        "up":    { "uv": [ 11, 9, 9.5, 9.5 ], "texture": "#texture", "cullface": "south" },
        "north": { "uv": [ 9.5, 9, 11, 11.5 ], "texture": "#texture", "cullface": "south" },
        "south": { "uv": [ 11, 9, 9.5, 11.5 ], "texture": "#texture", "cullface": "south" },
        "east":  { "uv": [ 10, 9, 10.5, 11.5 ], "texture": "#texture", "cullface": "south" }
    }
},
{
    "from": [ 8, 12, 16 ],
    "to": [ 14, 15, 17 ],
    "faces": {
        "down":  { "uv": [ 11, 11, 8, 11.5 ], "texture": "#texture", "cullface": "south" },
        "up":    { "uv": [ 11, 9.5, 8, 10 ], "texture": "#texture", "cullface": "south" },
        "north": { "uv": [ 8, 9.5, 11, 11 ], "texture": "#texture", "cullface": "south" },
        "south": { "uv": [ 11, 9.5, 8, 11 ], "texture": "#texture", "cullface": "south" },
        "east":  { "uv": [ 8, 9.5, 8.5, 11 ], "texture": "#texture", "cullface": "south" }
    }
},
{
    "from": [ 8, 15, 16 ],
    "to": [ 13, 16, 17 ],
    "faces": {
        "up":    { "uv": [ 11, 9, 8.5, 9.5 ], "texture": "#texture", "cullface": "south" },
        "south": { "uv": [ 11, 9, 8.5, 9.5 ], "texture": "#texture", "cullface": "south" },
        "east":  { "uv": [ 8.5, 9, 9, 9.5 ], "texture": "#texture", "cullface": "south" }
    }
},
{
    "from": [ 8, 10, 16 ],
    "to": [ 12, 11, 17 ],
    "faces": {
        "down":  { "uv": [ 9, 11.5, 11, 12 ], "texture": "#texture", "cullface": "south" },
        "south": { "uv": [ 9, 11.5, 11, 12 ], "texture": "#texture", "cullface": "south" },
        "east":  { "uv": [ 9, 11.5, 9.5, 12 ], "texture": "#texture", "cullface": "south" }
    }
},
{
    "from": [ 8, 10, 15 ],
    "to": [ 14, 11, 16 ],
    "faces": {
        "down":  { "uv": [ 7.5, 11.5, 11, 12 ], "texture": "#texture" },
        "south": { "uv": [ 7.5, 11.5, 11, 12 ], "texture": "#texture", "cullface": "south" },
        "east":  { "uv": [ 7.5, 11.5, 8, 12 ], "texture": "#texture" }
    }
},
{
    "from": [ 8, 11, 16 ],
    "to": [ 13, 12, 17 ],
    "faces": {
        "down":  { "uv": [ 11, 11, 8.5, 11.5 ], "texture": "#texture", "cullface": "south" },
        "south": { "uv": [ 11, 11, 8.5, 11.5 ], "texture": "#texture", "cullface": "south" },
        "east":  { "uv": [ 9, 10.5, 9.5, 11.5 ], "texture": "#texture", "cullface": "south" }
    }
},
{
    "from": [ 8, 10, 14 ],
    "to": [ 16, 12, 15 ],
    "faces": {
        "down":  { "uv": [ 11, 11.5, 7, 12 ], "texture": "#texture" },
        "south": { "uv": [ 11, 11, 7, 12 ], "texture": "#texture" },
        "east":  { "uv": [ 7, 11, 7.5, 12 ], "texture": "#texture", "cullface": "east" }
    }
},
{
    "from": [ 8, 11, 15 ],
    "to": [ 15, 13, 16 ],
    "faces": {
        "down":  { "uv": [ 11, 11, 7.5, 11.5 ], "texture": "#texture" },
        "north": { "uv": [ 7.5, 10.5, 11, 11.5 ], "texture": "#texture" },
        "south": { "uv": [ 11, 10.5, 7.5, 11.5 ], "texture": "#texture", "cullface": "south" },
        "east":  { "uv": [ 7.5, 10.5, 8, 11.5 ], "texture": "#texture" }
    }
},
{
    "from": [ 15, 5, 2 ],
    "to": [ 16, 10, 13 ],
    "faces": {
        "down":  { "uv": [ 2, 6.5, 7.5, 7 ], "texture": "#texture" },
        "north": { "uv": [ 2, 4.5, 2.5, 7 ], "texture": "#texture" },
        "south": { "uv": [ 7, 12, 7.5, 14.5 ], "texture": "#texture" },
        "west":  { "uv": [ 2, 4.5, 7.5, 7 ], "texture": "#texture" },
        "east":  { "uv": [ 7.5, 4.5, 2, 7 ], "texture": "#texture", "cullface": "east" }
    }
},
{
    "from": [ 16, 4, 0 ],
    "to": [ 17, 5, 11 ],
    "faces": {
        "down":  { "uv": [ 1, 7, 6.5, 7.5 ], "rotation": 90, "texture": "#texture", "cullface": "east" },
        "up":    { "uv": [ 1, 7, 6.5, 7.5 ], "rotation": 90, "texture": "#texture", "cullface": "east" },
        "north": { "uv": [ 1, 7, 1.5, 8 ], "texture": "#texture", "cullface": "east" },
        "south": { "uv": [ 1, 7, 1.5, 8 ], "texture": "#texture", "cullface": "east" },
        "west":  { "uv": [ 1, 7, 6.5, 7.5 ], "texture": "#texture", "cullface": "east" },
        "east":  { "uv": [ 6.5, 7, 1, 7.5 ], "texture": "#texture", "cullface": "east" }
    }
},
{
    "from": [ 15, 4, 1 ],
    "to": [ 16, 5, 12 ],
    "faces": {
        "down":  { "uv": [ 1.5, 7, 7, 7.5 ], "rotation": 90, "texture": "#texture" },
        "up":    { "uv": [ 1.5, 7, 7, 7.5 ], "rotation": 90, "texture": "#texture" },
        "south": { "uv": [ 7, 14.5, 7.5, 15 ], "texture": "#texture" },
        "west":  { "uv": [ 1.5, 7, 7, 7.5 ], "texture": "#texture" },
        "east":  { "uv": [ 7, 7, 1.5, 7.5 ], "texture": "#texture", "cullface": "east" }
    }
},
{
    "from": [ 15, 3, 0 ],
    "to": [ 16, 4, 11 ],
    "faces": {
        "down":  { "uv": [ 1.5, 7.5, 6.5, 8 ], "texture": "#texture" },
        "up":    { "uv": [ 1.5, 7.5, 6.5, 8 ], "texture": "#texture" },
        "north": { "uv": [ 6, 15, 6.5, 15.5 ], "texture": "#texture", "cullface": "north" },
        "south": { "uv": [ 7, 15, 7.5, 15.5 ], "texture": "#texture" },
        "west":  { "uv": [ 1.5, 7.5, 6.5, 8 ], "texture": "#texture" },
        "east":  { "uv": [ 6.5, 7.5, 1.5, 8 ], "texture": "#texture", "cullface": "east" }
    }
},
{
    "from": [ 15, 2, 1 ],
    "to": [ 16, 3, 10 ],
    "faces": {
        "down":  { "uv": [ 2, 8, 6, 8.5 ], "texture": "#texture" },
        "north": { "uv": [ 6.5, 15.5, 7, 16 ], "texture": "#texture" },
        "south": { "uv": [ 7, 15.5, 7.5, 16 ], "texture": "#texture" },
        "west":  { "uv": [ 2, 8, 6, 8.5 ], "texture": "#texture" },
        "east":  { "uv": [ 2, 8, 6, 8.5 ], "texture": "#texture", "cullface": "east" }
    }
},
{
    "from": [ 16, 3, 1 ],
    "to": [ 17, 4, 10 ],
    "faces": {
        "down":  { "uv": [ 1.5, 7.5, 2, 8 ], "texture": "#texture", "cullface": "east" },
        "north": { "uv": [ 2, 7.5, 2.5, 8 ], "texture": "#texture", "cullface": "east" },
        "south": { "uv": [ 5.5, 7.5, 6, 8 ], "texture": "#texture", "cullface": "east" },
        "east":  { "uv": [ 6, 7.5, 2, 8 ], "texture": "#texture", "cullface": "east" }
    }
},
{
    "from": [ 16, 2, 3 ],
    "to": [ 17, 3, 9 ],
    "faces": {
        "down":  { "uv": [ 3, 8, 6, 8.5 ], "texture": "#texture", "cullface": "east" },
        "north": { "uv": [ 3, 8, 3.5, 8.5 ], "texture": "#texture", "cullface": "east" },
        "south": { "uv": [ 3, 8, 3.5, 8.5 ], "texture": "#texture", "cullface": "east" },
        "east":  { "uv": [ 3, 8, 6, 8.5 ], "texture": "#texture", "cullface": "east" }
    }
},
{
    "from": [ 8, 3, 0 ],
    "to": [ 15, 6, 1 ],
    "faces": {
        "down":  { "uv": [ 11, 15, 7.5, 15.5 ], "texture": "#texture" },
        "north": { "uv": [ 11, 14, 7.5, 15.5 ], "texture": "#texture", "cullface": "north" },
        "south": { "uv": [ 11, 14, 7.5, 15.5 ], "texture": "#texture" },
        "east":  { "uv": [ 7.5, 14, 8, 15.5 ], "texture": "#texture" }
    }
},
{
    "from": [ 15, 4, 0 ],
    "to": [ 16, 5, 1 ],
    "faces": {
        "north": { "uv": [ 6, 13.5, 7, 14.5 ], "texture": "#texture", "cullface": "north" }
    }
},
{
    "from": [ -1, 5, 0 ],
    "to": [ 1, 6, 2 ],
    "faces": {
        "down":  { "uv": [ 0.5, 5, 1, 5.5 ], "texture": "#texture", "cullface": "west" },
        "north": { "uv": [ 0.5, 5.5, 1, 6.5 ], "texture": "#texture", "cullface": "west" },
        "south": { "uv": [ 0.5, 5.5, 1, 6.5 ], "texture": "#texture", "cullface": "west" },
        "west":  { "uv": [ 0.5, 5.5, 1, 6.5 ], "texture": "#texture", "cullface": "west" },
        "east":  { "uv": [ 0.5, 5.5, 1, 6.5 ], "texture": "#texture", "cullface": "west" }
    }
},
{
    "from": [ 15, 5, 0 ],
    "to": [ 17, 6, 2 ],
    "faces": {
        "down":  { "uv": [ 0.5, 5, 1, 5.5 ], "texture": "#texture", "cullface": "east" },
        "north": { "uv": [ 0.5, 5.5, 1, 6.5 ], "texture": "#texture", "cullface": "east" },
        "south": { "uv": [ 0.5, 5.5, 1, 6.5 ], "texture": "#texture", "cullface": "east" },
        "west":  { "uv": [ 0.5, 5.5, 1, 6.5 ], "texture": "#texture", "cullface": "east" },
        "east":  { "uv": [ 0.5, 5.5, 1, 6.5 ], "texture": "#texture", "cullface": "east" }
    }
},
{
    "from": [ 16, 11, 14 ],
    "to": [ 17, 14, 15 ],
    "faces": {
        "down":  { "uv": [ 6, 10, 6.5, 11 ], "texture": "#texture", "cullface": "east" },
        "up":    { "uv": [ 6, 10, 6.5, 11 ], "texture": "#texture", "cullface": "east" },
        "north": { "uv": [ 6, 10, 6.5, 11.5 ], "texture": "#texture", "cullface": "east" },
        "south": { "uv": [ 6, 10, 6.5, 11.5 ], "texture": "#texture", "cullface": "east" },
        "west":  { "uv": [ 6, 10, 6.5, 11.5 ], "texture": "#texture", "cullface": "east" },
        "east":  { "uv": [ 6, 10, 6.5, 11.5 ], "texture": "#texture", "cullface": "east" }
    }
},
{
    "from": [ 16, 5, 2 ],
    "to": [ 17, 10, 12 ],
    "faces": {
        "down":  { "uv": [ 7, 6.5, 2, 7 ], "rotation": 90, "texture": "#texture", "cullface": "east" },
        "north": { "uv": [ 2, 4.5, 2.5, 7 ], "texture": "#texture", "cullface": "east" },
        "south": { "uv": [ 6.5, 4.5, 7, 7 ], "texture": "#texture", "cullface": "east" },
        "east":  { "uv": [ 7, 4.5, 2, 7 ], "texture": "#texture", "cullface": "east" }
    }
},
{
    "from": [ 8, 10, 2 ],
    "to": [ 17, 13, 14 ],
    "faces": {
        "down":  { "uv": [ 8, 4, 2, 4.5 ], "rotation": 90, "texture": "#texture", "cullface": "east" },
        "south": { "uv": [ 7, 10.5, 11, 12 ], "texture": "#texture", "cullface": "east" },
        "east":  { "uv": [ 8, 3, 2, 4.5 ], "texture": "#texture", "cullface": "east" }
    }
},
{
    "from": [ 8, 13, 2 ],
    "to": [ 17, 15, 14 ],
    "faces": {
        "up":    { "uv": [ 8, 2, 2, 3 ], "texture": "#texture", "cullface": "east" },
        "south": { "uv": [ 7.5, 2, 8, 3 ], "texture": "#texture", "cullface": "east" },
        "east":  { "uv": [ 8, 2, 2, 3 ], "texture": "#texture", "cullface": "east" }
    }
},
{
    "from": [ 8, 15, 2 ],
    "to": [ 17, 16, 13 ],
    "faces": {
        "up":    { "uv": [ 2, 1.5, 7.5, 2 ], "texture": "#texture", "cullface": "east" },
        "north": { "uv": [ 2, 1.5, 2.5, 2 ], "texture": "#texture", "cullface": "east" },
        "south": { "uv": [ 2, 1.5, 2.5, 2 ], "texture": "#texture", "cullface": "east" },
        "east":  { "uv": [ 7.5, 1.5, 2, 2 ], "texture": "#texture", "cullface": "east" }
    }
},
{
    "from": [ 8, 16, 15 ],
    "to": [ 12, 17, 16 ],
    "faces": {
        "up":    { "uv": [ 11, 8.5, 9, 9 ], "texture": "#texture", "cullface": "up" },
        "south": { "uv": [ 11, 8.5, 9, 9 ], "texture": "#texture", "cullface": "up" },
        "east":  { "uv": [ 9, 8.5, 10, 9 ], "texture": "#texture", "cullface": "up" }
    }
},
{
    "from": [ 8, 15, 15 ],
    "to": [ 14, 16, 16 ],
    "faces": {
        "up":    { "uv": [ 11, 9, 8, 9.5 ], "texture": "#texture", "cullface": "up" },
        "south": { "uv": [ 11, 9, 8, 9.5 ], "texture": "#texture", "cullface": "south" },
        "east":  { "uv": [ 8, 9, 9, 10 ], "texture": "#texture" }
    }
},
{
    "from": [ 8, 13, 15 ],
    "to": [ 15, 15, 16 ],
    "faces": {
        "up":    { "uv": [ 11, 9.5, 7.5, 10.5 ], "texture": "#texture" },
        "south": { "uv": [ 11, 9.5, 7.5, 10.5 ], "texture": "#texture", "cullface": "south" },
        "east":  { "uv": [ 7.5, 9.5, 8, 10.5 ], "texture": "#texture" }
    }
},
{
    "from": [ 8, 13, 13 ],
    "to": [ 16, 16, 15 ],
    "faces": {
        "down":  { "uv": [ 11, 10, 7, 10.5 ], "texture": "#texture" },
        "up":    { "uv": [ 11, 9, 7, 9.5 ], "texture": "#texture", "cullface": "up" },
        "north": { "uv": [ 7, 9, 11, 10.5 ], "texture": "#texture" },
        "south": { "uv": [ 11, 9, 7, 10.5 ], "texture": "#texture" },
        "east":  { "uv": [ 7, 9, 7.5, 10.5 ], "texture": "#texture", "cullface": "east" }
    }
},
{
    "from": [ 8, 16, 13 ],
    "to": [ 15, 17, 14 ],
    "faces": {
        "up":    { "uv": [ 11, 8.5, 7.5, 9 ], "texture": "#texture", "cullface": "up" },
        "south": { "uv": [ 11, 8.5, 7.5, 9 ], "texture": "#texture", "cullface": "up" },
        "east":  { "uv": [ 7, 8.5, 8, 9 ], "texture": "#texture", "cullface": "up" }
    }
},
{
    "from": [ 8, 16, 11 ],
    "to": [ 16, 17, 13 ],
    "faces": {
        "up":    { "uv": [ 11, 8.5, 7, 9 ], "texture": "#texture", "cullface": "up" },
        "south": { "uv": [ 11, 8.5, 7, 9 ], "texture": "#texture", "cullface": "up" },
        "east":  { "uv": [ 7, 8.5, 8, 9 ], "texture": "#texture", "cullface": "up" }
    }
},
{
    "from": [ 8, 16, 0 ],
    "to": [ 11.5, 17, 1 ],
    "faces": {
        "up":    { "uv": [ 1, 0.5, 1.5, 1 ], "texture": "#texture", "cullface": "up" },
        "north": { "uv": [ 1, 0.5, 1.5, 1 ], "texture": "#texture", "cullface": "up" },
        "east":  { "uv": [ 1, 0.5, 2, 1 ], "texture": "#texture", "cullface": "up" }
    }
},
{
    "from": [ 1, 15, 0 ],
    "to": [ 15, 16, 1 ],
    "faces": {
        "down":  { "uv": [ 1, 0.5, 1.5, 1 ], "texture": "#texture" },
        "up":    { "uv": [ 1, 0.5, 1.5, 1 ], "texture": "#texture", "cullface": "up" },
        "north": { "uv": [ 1, 0.5, 1.5, 1 ], "texture": "#texture", "cullface": "north" },
        "south": { "uv": [ 1, 0.5, 1.5, 1 ], "texture": "#texture" },
        "west":  { "uv": [ 1, 0.5, 1.5, 1 ], "texture": "#texture" },
        "east":  { "uv": [ 1, 0.5, 1.5, 1 ], "texture": "#texture" }
    }
},
{
    "from": [ 8, 13, 0 ],
    "to": [ 16, 15, 1 ],
    "faces": {
        "up":    { "uv": [ 0.5, 2, 1, 2.5 ], "texture": "#texture" },
        "north": { "uv": [ 0.5, 2, 1, 2.5 ], "texture": "#texture", "cullface": "north" },
        "east":  { "uv": [ 0.5, 2, 1, 2.5 ], "texture": "#texture", "cullface": "east" }
    }
},
{
    "from": [ 8, 16, 1 ],
    "to": [ 13, 17, 2 ],
    "faces": {
        "up":    { "uv": [ 1, 0.5, 5, 1 ], "texture": "#texture", "cullface": "up" },
        "north": { "uv": [ 1, 0.5, 6, 1 ], "texture": "#texture", "cullface": "up" },
        "east":  { "uv": [ 1, 0.5, 2, 1 ], "texture": "#texture", "cullface": "up" }
    }
},
{
    "from": [ 8, 15, 1 ],
    "to": [ 16, 16, 2 ],
    "faces": {
        "up":    { "uv": [ 1.5, 1, 2.5, 2 ], "texture": "#texture", "cullface": "up" },
        "north": { "uv": [ 1.5, 1, 2.5, 1.5 ], "texture": "#texture" },
        "east":  { "uv": [ 1.5, 1, 2.5, 2 ], "texture": "#texture", "cullface": "east" }
    }
},
{
    "from": [ 8, 13, 1 ],
    "to": [ 17, 15, 2 ],
    "faces": {
        "up":    { "uv": [ 1, 2.5, 1.5, 3 ], "texture": "#texture", "cullface": "east" },
        "north": { "uv": [ 1, 2.5, 1.5, 3.5 ], "texture": "#texture", "cullface": "east" },
        "east":  { "uv": [ 1, 2.5, 1.5, 3.5 ], "texture": "#texture", "cullface": "east" }
    }
},
{
    "from": [ 8, 16, 3 ],
    "to": [ 16, 17, 5 ],
    "faces": {
        "up":    { "uv": [ 1.5, 1, 2.5, 1.5 ], "texture": "#texture", "cullface": "up" },
        "north": { "uv": [ 1.5, 1, 2.5, 1.5 ], "texture": "#texture", "cullface": "up" },
        "east":  { "uv": [ 1.5, 1, 2.5, 1.5 ], "texture": "#texture", "cullface": "up" }
    }
},
{
    "from": [ 8, 16, 2 ],
    "to": [ 15, 17, 3 ],
    "faces": {
        "up":    { "uv": [ 1.5, 1, 2.5, 1.5 ], "texture": "#texture", "cullface": "up" },
        "north": { "uv": [ 1.5, 1, 2.5, 1.5 ], "texture": "#texture", "cullface": "up" },
        "east":  { "uv": [ 1.5, 1, 2.5, 1.5 ], "texture": "#texture", "cullface": "up" }
    }
},
{
    "from": [ 8, 16, 5 ],
    "to": [ 17, 17, 11 ],
    "faces": {
        "up":    { "uv": [ 3, 1, 3.5, 1.5 ], "texture": "#texture", "cullface": "east" },
        "north": { "uv": [ 3.5, 1, 6.5, 1.5 ], "texture": "#texture", "cullface": "east" },
        "south": { "uv": [ 3.5, 1, 6.5, 1.5 ], "texture": "#texture", "cullface": "east" },
        "east":  { "uv": [ 3.5, 1, 6.5, 1.5 ], "texture": "#texture", "cullface": "east" }
    }
},
{
    "from": [ -2, 3, 5 ],
    "to": [ -1, 15, 8 ],
    "faces": {
        "down":  { "uv": [ 3, 7.5, 4.5, 8 ], "texture": "#texture", "cullface": "west" },
        "up":    { "uv": [ 3, 2, 4.5, 2.5 ], "texture": "#texture", "cullface": "west" },
        "north": { "uv": [ 3.5, 2, 4, 8 ], "texture": "#texture", "cullface": "west" },
        "south": { "uv": [ 3.5, 2, 4, 8 ], "texture": "#texture", "cullface": "west" },
        "west":  { "uv": [ 3.5, 2, 5, 8 ], "texture": "#texture", "cullface": "west" },
        "east":  { "uv": [ 3.5, 2, 5, 8 ], "texture": "#texture", "cullface": "west" }
    }
},
{
    "from": [ 17, 3, 5 ],
    "to": [ 18, 15, 8 ],
    "faces": {
        "down":  { "uv": [ 3, 7.5, 4.5, 8 ], "texture": "#texture", "cullface": "east" },
        "up":    { "uv": [ 3, 2, 4.5, 2.5 ], "texture": "#texture", "cullface": "east" },
        "north": { "uv": [ 3.5, 2, 4, 8 ], "texture": "#texture", "cullface": "east" },
        "south": { "uv": [ 3.5, 2, 4, 8 ], "texture": "#texture", "cullface": "east" },
        "west":  { "uv": [ 3.5, 2, 5, 8 ], "texture": "#texture", "cullface": "east" },
        "east":  { "uv": [ 3.5, 2, 5, 8 ], "texture": "#texture", "cullface": "east" }
    }
},
{
    "from": [ -2, 4, 3 ],
    "to": [ -1, 14, 5 ],
    "faces": {
        "down":  { "uv": [ 2, 7, 2.5, 7.5 ], "texture": "#texture", "cullface": "west" },
        "up":    { "uv": [ 2.5, 2.5, 3, 4.5 ], "texture": "#texture", "cullface": "west" },
        "north": { "uv": [ 2.5, 2.5, 3, 7.5 ], "texture": "#texture", "cullface": "west" },
        "west":  { "uv": [ 2.5, 2.5, 3.5, 7.5 ], "texture": "#texture", "cullface": "west" },
        "east":  { "uv": [ 3.5, 2.5, 2.5, 7.5 ], "texture": "#texture", "cullface": "west" }
    }
},
{
    "from": [ 17, 4, 3 ],
    "to": [ 18, 14, 5 ],
    "faces": {
        "down":  { "uv": [ 2, 7, 2.5, 7.5 ], "texture": "#texture", "cullface": "east" },
        "up":    { "uv": [ 2.5, 2.5, 3, 4.5 ], "texture": "#texture", "cullface": "east" },
        "north": { "uv": [ 2.5, 2.5, 3, 7.5 ], "texture": "#texture", "cullface": "east" },
        "west":  { "uv": [ 2.5, 2.5, 3.5, 7.5 ], "texture": "#texture", "cullface": "east" },
        "east":  { "uv": [ 3.5, 2.5, 2.5, 7.5 ], "texture": "#texture", "cullface": "east" }
    }
},
{
    "from": [ -2, 4, 8 ],
    "to": [ -1, 14, 10 ],
    "faces": {
        "down":  { "uv": [ 2, 7, 2.5, 7.5 ], "texture": "#texture", "cullface": "west" },
        "up":    { "uv": [ 2.5, 2.5, 3, 4.5 ], "texture": "#texture", "cullface": "west" },
        "south": { "uv": [ 5.5, 2.5, 6, 7.5 ], "texture": "#texture", "cullface": "west" },
        "west":  { "uv": [ 5, 2.5, 6, 7.5 ], "texture": "#texture", "cullface": "west" },
        "east":  { "uv": [ 6, 2.5, 5, 7.5 ], "texture": "#texture", "cullface": "west" }
    }
},
{
    "from": [ 17, 4, 8 ],
    "to": [ 18, 14, 10 ],
    "faces": {
        "down":  { "uv": [ 2, 7, 2.5, 7.5 ], "texture": "#texture", "cullface": "east" },
        "up":    { "uv": [ 2.5, 2.5, 3, 4.5 ], "texture": "#texture", "cullface": "east" },
        "south": { "uv": [ 5.5, 2.5, 6, 7.5 ], "texture": "#texture", "cullface": "east" },
        "west":  { "uv": [ 5, 2.5, 6, 7.5 ], "texture": "#texture", "cullface": "east" },
        "east":  { "uv": [ 6, 2.5, 5, 7.5 ], "texture": "#texture", "cullface": "east" }
    }
},
{
    "from": [ -2, 5, 10 ],
    "to": [ -1, 13, 11 ],
    "faces": {
        "down":  { "uv": [ 6, 6.5, 6.5, 7 ], "texture": "#texture", "cullface": "west" },
        "up":    { "uv": [ 6, 3, 6.5, 3.5 ], "texture": "#texture", "cullface": "west" },
        "south": { "uv": [ 6, 3, 6.5, 7 ], "texture": "#texture", "cullface": "west" },
        "west":  { "uv": [ 6, 3, 6.5, 7 ], "texture": "#texture", "cullface": "west" },
        "east":  { "uv": [ 6, 3, 6.5, 7 ], "texture": "#texture", "cullface": "west" }
    }
},
{
    "from": [ 17, 5, 10 ],
    "to": [ 18, 13, 11 ],
    "faces": {
        "down":  { "uv": [ 6, 6.5, 6.5, 7 ], "texture": "#texture", "cullface": "east" },
        "up":    { "uv": [ 6, 3, 6.5, 3.5 ], "texture": "#texture", "cullface": "east" },
        "south": { "uv": [ 6, 3, 6.5, 7 ], "texture": "#texture", "cullface": "east" },
        "west":  { "uv": [ 6, 3, 6.5, 7 ], "texture": "#texture", "cullface": "east" },
        "east":  { "uv": [ 6, 3, 6.5, 7 ], "texture": "#texture", "cullface": "east" }
    }
},
{
    "from": [ -2, 5, 2 ],
    "to": [ -1, 13, 3 ],
    "faces": {
        "down":  { "uv": [ 6, 6.5, 6.5, 7 ], "texture": "#texture", "cullface": "west" },
        "up":    { "uv": [ 6, 3, 6.5, 3.5 ], "texture": "#texture", "cullface": "west" },
        "north": { "uv": [ 2, 3, 2.5, 7 ], "texture": "#texture", "cullface": "west" },
        "west":  { "uv": [ 2, 3, 2.5, 7 ], "texture": "#texture", "cullface": "west" },
        "east":  { "uv": [ 2, 3, 2.5, 7 ], "texture": "#texture", "cullface": "west" }
    }
},
{
    "from": [ 17, 5, 2 ],
    "to": [ 18, 13, 3 ],
    "faces": {
        "down":  { "uv": [ 6, 6.5, 6.5, 7 ], "texture": "#texture", "cullface": "east" },
        "up":    { "uv": [ 6, 3, 6.5, 3.5 ], "texture": "#texture", "cullface": "east" },
        "north": { "uv": [ 2, 3, 2.5, 7 ], "texture": "#texture", "cullface": "east" },
        "west":  { "uv": [ 2, 3, 2.5, 7 ], "texture": "#texture", "cullface": "east" },
        "east":  { "uv": [ 2, 3, 2.5, 7 ], "texture": "#texture", "cullface": "east" }
    }
},
{
    "from": [ 8, 6, 0 ],
    "to": [ 17, 13, 2 ],
    "faces": {
        "down":  { "uv": [ 11, 13.5, 6.5, 14 ], "rotation": 180, "texture": "#texture", "cullface": "east" },
        "up":    { "uv": [ 6.5, 10.5, 11, 11 ], "rotation": 180, "texture": "#texture", "cullface": "east" },
        "north": { "uv": [ 6, 10.5, 7, 12.5 ], "texture": "#texture", "cullface": "east" },
        "south": { "uv": [ 11, 10.5, 6.5, 14 ], "texture": "#texture", "cullface": "east" },
        "east":  { "uv": [ 2, 3, 1, 6.5 ], "texture": "#texture", "cullface": "east" }
    }
}
],
"display": {
    "head": {
        "rotation": [ 0, 180, 0 ],
        "translation": [ 0, 0, 0 ],
        "scale": [ 1, 1, 1 ]
    },
    "fixed": {
        "rotation": [ 0, 180, 0 ],
        "translation": [ 0, 0, 0 ],
        "scale": [ 0.8, 0.8, 0.8 ]
    },
    "gui": {
        "rotation": [ 0, 0, 0 ],
        "translation": [ 0, -1, 0 ],
        "scale": [ 0.6, 0.6, 0.6 ]
    }
}
}
