{
"__comment": "designed by hypixel minecraft server with bdcraft cubik pro 0.93 beta - http://bdcraft.net",
"ambientocclusion": false,
"textures": {
    "texture4": "items/neonjockeycasqueunwrap4",
    "texture": "items/neonjockeycasqueunwrap1",
    "texture2_west": "items/neonjockeycasqueunwrap2_west",
    "texture2_east": "items/neonjockeycasqueunwrap2_east",
    "texture3": "items/neonjockeycasqueunwrap3"
},
"elements": [ 
{
    "from": [ 1, 6, 0 ],
    "to": [ 15, 14, 1 ],
    "faces": {
        "up":    { "uv": [ 4.5, 4, 11.5, 4.5 ], "texture": "#texture4" },
        "north": { "uv": [ 4.5, 5.5, 11.5, 9.5 ], "texture": "#texture", "cullface": "north" },
        "south": { "uv": [ 4.5, 5.5, 11.5, 9.5 ], "texture": "#texture" },
        "west":  { "uv": [ 4, 5.5, 4.5, 9.5 ], "texture": "#texture2_west" },
        "east":  { "uv": [ 11.5, 5.5, 12, 9.5 ], "texture": "#texture2_east" }
    }
},
{
    "from": [ 10, -1, 0 ],
    "to": [ 15, 0, 1 ],
    "faces": {
        "down":  { "uv": [ 7, 13, 4.5, 12.5 ], "texture": "#texture", "cullface": "down" },
        "north": { "uv": [ 4.5, 12.5, 7, 13 ], "texture": "#texture", "cullface": "down" },
        "south": { "uv": [ 9, 12.5, 11.5, 13 ], "texture": "#texture3", "cullface": "down" },
        "west":  { "uv": [ 4, 12.5, 4.5, 13 ], "texture": "#texture2_west", "cullface": "down" },
        "east":  { "uv": [ 11.5, 12.5, 12, 13 ], "texture": "#texture2_east", "cullface": "down" }
    }
},
{
    "from": [ 1, -1, 0 ],
    "to": [ 6, 0, 1 ],
    "faces": {
        "down":  { "uv": [ 11.5, 13, 9, 12.5 ], "texture": "#texture", "cullface": "down" },
        "north": { "uv": [ 9, 12.5, 11.5, 13 ], "texture": "#texture", "cullface": "down" },
        "south": { "uv": [ 4.5, 12.5, 7, 13 ], "texture": "#texture3", "cullface": "down" },
        "west":  { "uv": [ 4, 12.5, 4.5, 13 ], "texture": "#texture2_west", "cullface": "down" },
        "east":  { "uv": [ 11.5, 12.5, 12, 13 ], "texture": "#texture2_east", "cullface": "down" }
    }
},
{
    "from": [ 10, -1, -1 ],
    "to": [ 14, 0, 0 ],
    "faces": {
        "down":  { "uv": [ 7, 13, 5, 12.5 ], "texture": "#texture", "cullface": "north" },
        "north": { "uv": [ 5, 12.5, 7, 13 ], "texture": "#texture", "cullface": "north" },
        "west":  { "uv": [ 3.5, 12.5, 4, 13 ], "texture": "#texture2_west", "cullface": "north" },
        "east":  { "uv": [ 12, 12.5, 12.5, 13 ], "texture": "#texture2_east", "cullface": "north" }
    }
},
{
    "from": [ 2, -1, -1 ],
    "to": [ 6, 0, 0 ],
    "faces": {
        "down":  { "uv": [ 11, 13, 9, 12.5 ], "texture": "#texture", "cullface": "north" },
        "north": { "uv": [ 9, 12.5, 11, 13 ], "texture": "#texture", "cullface": "north" },
        "west":  { "uv": [ 3.5, 12.5, 4, 13 ], "texture": "#texture2_west", "cullface": "north" },
        "east":  { "uv": [ 12, 12.5, 12.5, 13 ], "texture": "#texture2_east", "cullface": "north" }
    }
},
{
    "from": [ 1, 0, -1 ],
    "to": [ 15, 1, 0 ],
    "faces": {
        "down":  { "uv": [ 11.5, 12.5, 4.5, 12 ], "texture": "#texture", "cullface": "north" },
        "north": { "uv": [ 4.5, 12, 11.5, 12.5 ], "texture": "#texture", "cullface": "north" },
        "west":  { "uv": [ 3.5, 12, 4, 12.5 ], "texture": "#texture2_west", "cullface": "north" },
        "east":  { "uv": [ 12, 12, 12.5, 12.5 ], "texture": "#texture2_east", "cullface": "north" }
    }
},
{
    "from": [ 0, 1, -1 ],
    "to": [ 16, 5, 0 ],
    "faces": {
        "down":  { "uv": [ 12, 12, 4, 11.5 ], "texture": "#texture", "cullface": "north" },
        "up":    { "uv": [ 12, 10, 4, 10.5 ], "texture": "#texture", "cullface": "north" },
        "north": { "uv": [ 4, 10, 12, 12 ], "texture": "#texture", "cullface": "north" },
        "west":  { "uv": [ 3.5, 10, 4, 12 ], "texture": "#texture2_west", "cullface": "north" },
        "east":  { "uv": [ 12, 10, 12.5, 12 ], "texture": "#texture2_east", "cullface": "north" }
    }
},
{
    "from": [ 10, 0, -2 ],
    "to": [ 14, 5, -1 ],
    "faces": {
        "down":  { "uv": [ 7, 12.5, 5, 12 ], "texture": "#texture", "cullface": "north" },
        "up":    { "uv": [ 7, 10, 5, 10.5 ], "texture": "#texture", "cullface": "north" },
        "north": { "uv": [ 5, 10, 7, 12.5 ], "texture": "#texture", "cullface": "north" },
        "south": { "uv": [ 9, 10, 11, 12.5 ], "texture": "#texture3", "cullface": "north" },
        "west":  { "uv": [ 6.5, 10, 7, 12.5 ], "texture": "#texture", "cullface": "north" },
        "east":  { "uv": [ 12.5, 10, 13, 12.5 ], "texture": "#texture2_east", "cullface": "north" }
    }
},
{
    "from": [ 2, 0, -2 ],
    "to": [ 6, 5, -1 ],
    "faces": {
        "down":  { "uv": [ 11, 12.5, 9, 12 ], "texture": "#texture", "cullface": "north" },
        "up":    { "uv": [ 11, 10, 9, 10.5 ], "texture": "#texture", "cullface": "north" },
        "north": { "uv": [ 9, 10, 11, 12.5 ], "texture": "#texture", "cullface": "north" },
        "south": { "uv": [ 5, 10, 7, 12.5 ], "texture": "#texture3", "cullface": "north" },
        "west":  { "uv": [ 3, 10, 3.5, 12.5 ], "texture": "#texture2_west", "cullface": "north" },
        "east":  { "uv": [ 9, 10, 9.5, 12.5 ], "texture": "#texture", "cullface": "north" }
    }
},
{
    "from": [ 1, 1, -2 ],
    "to": [ 15, 4, -1 ],
    "faces": {
        "down":  { "uv": [ 11.5, 12, 4.5, 11.5 ], "texture": "#texture", "cullface": "north" },
        "up":    { "uv": [ 11.5, 10.5, 4.5, 11 ], "texture": "#texture", "cullface": "north" },
        "north": { "uv": [ 4.5, 10.5, 11.5, 12 ], "texture": "#texture", "cullface": "north" },
        "west":  { "uv": [ 3, 10.5, 3.5, 12 ], "texture": "#texture2_west", "cullface": "north" },
        "east":  { "uv": [ 12.5, 10.5, 13, 12 ], "texture": "#texture2_east", "cullface": "north" }
    }
},
{
    "from": [ 11, 2, -3 ],
    "to": [ 14, 4, -2 ],
    "faces": {
        "down":  { "uv": [ 6.5, 11.5, 5, 11 ], "texture": "#texture", "cullface": "north" },
        "up":    { "uv": [ 6.5, 10.5, 5, 11 ], "texture": "#texture", "cullface": "north" },
        "north": { "uv": [ 5, 10.5, 6.5, 11.5 ], "texture": "#texture", "cullface": "north" },
        "west":  { "uv": [ 6, 10.5, 6.5, 11.5 ], "texture": "#texture", "cullface": "north" },
        "east":  { "uv": [ 13, 10.5, 13.5, 11.5 ], "texture": "#texture2_east", "cullface": "north" }
    }
},
{
    "from": [ 10, 1, -3 ],
    "to": [ 13, 3, -2 ],
    "faces": {
        "down":  { "uv": [ 7, 12, 5.5, 11.5 ], "texture": "#texture", "cullface": "north" },
        "up":    { "uv": [ 7, 11, 5.5, 11.5 ], "texture": "#texture", "cullface": "north" },
        "north": { "uv": [ 5.5, 11, 7, 12 ], "texture": "#texture", "cullface": "north" },
        "west":  { "uv": [ 6.5, 11, 7, 12 ], "texture": "#texture", "cullface": "north" },
        "east":  { "uv": [ 13, 11, 13.5, 12 ], "texture": "#texture2_east", "cullface": "north" }
    }
},
{
    "from": [ 2, 2, -3 ],
    "to": [ 5, 4, -2 ],
    "faces": {
        "down":  { "uv": [ 11, 11.5, 9.5, 11 ], "texture": "#texture", "cullface": "north" },
        "up":    { "uv": [ 11, 10.5, 9.5, 11 ], "texture": "#texture", "cullface": "north" },
        "north": { "uv": [ 9.5, 10.5, 11, 11.5 ], "texture": "#texture", "cullface": "north" },
        "west":  { "uv": [ 2.5, 10.5, 3, 11.5 ], "texture": "#texture2_west", "cullface": "north" },
        "east":  { "uv": [ 9.5, 10.5, 10, 11.5 ], "texture": "#texture", "cullface": "north" }
    }
},
{
    "from": [ 3, 1, -3 ],
    "to": [ 6, 3, -2 ],
    "faces": {
        "down":  { "uv": [ 10.5, 12, 9, 11.5 ], "texture": "#texture", "cullface": "north" },
        "up":    { "uv": [ 10.5, 11, 9, 11.5 ], "texture": "#texture", "cullface": "north" },
        "north": { "uv": [ 9, 11, 10.5, 12 ], "texture": "#texture", "cullface": "north" },
        "west":  { "uv": [ 2.5, 11, 3, 12 ], "texture": "#texture2_west", "cullface": "north" },
        "east":  { "uv": [ 9, 11, 9.5, 12 ], "texture": "#texture", "cullface": "north" }
    }
},
{
    "from": [ 2, 5, -1 ],
    "to": [ 14, 9, 0 ],
    "faces": {
        "up":    { "uv": [ 11, 8, 5, 8.5 ], "texture": "#texture", "cullface": "north" },
        "north": { "uv": [ 5, 8, 11, 10 ], "texture": "#texture", "cullface": "north" },
        "south": { "uv": [ 5, 8, 11, 10 ], "texture": "#texture3", "cullface": "north" },
        "west":  { "uv": [ 3.5, 8, 4, 10 ], "texture": "#texture2_west", "cullface": "north" },
        "east":  { "uv": [ 12, 8, 12.5, 10 ], "texture": "#texture2_east", "cullface": "north" }
    }
},
{
    "from": [ 3, 9, -1 ],
    "to": [ 13, 11, 0 ],
    "faces": {
        "north": { "uv": [ 5.5, 7, 10.5, 8 ], "texture": "#texture", "cullface": "north" },
        "west":  { "uv": [ 3.5, 7, 4, 8 ], "texture": "#texture2_west", "cullface": "north" },
        "east":  { "uv": [ 12, 7, 12.5, 8 ], "texture": "#texture2_east", "cullface": "north" }
    }
},
{
    "from": [ 4, 4, -2 ],
    "to": [ 12, 8, -1 ],
    "faces": {
        "up":    { "uv": [ 10, 8.5, 6, 9 ], "texture": "#texture", "cullface": "north" },
        "north": { "uv": [ 6, 8.5, 10, 10.5 ], "texture": "#texture", "cullface": "north" },
        "south": { "uv": [ 6, 8.5, 10, 10.5 ], "texture": "#texture3", "cullface": "north" },
        "west":  { "uv": [ 3, 8.5, 3.5, 10.5 ], "texture": "#texture2_west", "cullface": "north" },
        "east":  { "uv": [ 12.5, 8.5, 13, 10.5 ], "texture": "#texture2_east", "cullface": "north" }
    }
},
{
    "from": [ 5, 8, -2 ],
    "to": [ 11, 10, -1 ],
    "faces": {
        "up":    { "uv": [ 6.5, 7.5, 9.5, 8 ], "texture": "#texture", "cullface": "north" },
        "north": { "uv": [ 6.5, 7.5, 9.5, 8.5 ], "texture": "#texture", "cullface": "north" },
        "south": { "uv": [ 6.5, 7.5, 9.5, 8.5 ], "texture": "#texture3", "cullface": "north" },
        "west":  { "uv": [ 3, 7.5, 3.5, 8.5 ], "texture": "#texture2_west", "cullface": "north" },
        "east":  { "uv": [ 12.5, 7.5, 13, 8.5 ], "texture": "#texture2_east", "cullface": "north" }
    }
},
{
    "from": [ 6, 10, -2 ],
    "to": [ 10, 11, -1 ],
    "faces": {
        "north": { "uv": [ 7, 7, 9, 7.5 ], "texture": "#texture", "cullface": "north" },
        "west":  { "uv": [ 3, 7, 3.5, 7.5 ], "texture": "#texture2_west", "cullface": "north" },
        "east":  { "uv": [ 12.5, 7, 13, 7.5 ], "texture": "#texture2_east", "cullface": "north" }
    }
},
{
    "from": [ 0, 0, 0 ],
    "to": [ 16, 6, 1 ],
    "faces": {
        "down":  { "uv": [ 12, 12.5, 4, 12 ], "texture": "#texture", "cullface": "down" },
        "up":    { "uv": [ 12, 9.5, 4, 10 ], "texture": "#texture" },
        "north": { "uv": [ 4, 9.5, 12, 12.5 ], "texture": "#texture", "cullface": "north" },
        "south": { "uv": [ 4, 9.5, 12, 12.5 ], "texture": "#texture" },
        "west":  { "uv": [ 4, 9.5, 4.5, 12.5 ], "texture": "#texture2_west", "cullface": "west" },
        "east":  { "uv": [ 11.5, 9.5, 12, 12.5 ], "texture": "#texture2_east", "cullface": "east" }
    }
},
{
    "from": [ 1, 11, -1 ],
    "to": [ 15, 13, 0 ],
    "faces": {
        "down":  { "uv": [ 12.5, 7, 12, 6.5 ], "texture": "#texture2_east", "cullface": "north" },
        "up":    { "uv": [ 4.5, 3.5, 11.5, 4 ], "texture": "#texture4", "cullface": "north" },
        "north": { "uv": [ 4.5, 6, 11.5, 7 ], "texture": "#texture", "cullface": "north" },
        "west":  { "uv": [ 3.5, 6, 4, 7 ], "texture": "#texture2_west", "cullface": "north" },
        "east":  { "uv": [ 12, 6, 12.5, 7 ], "texture": "#texture2_east", "cullface": "north" }
    }
},
{
    "from": [ 2, 13, -1 ],
    "to": [ 14, 14, 0 ],
    "faces": {
        "up":    { "uv": [ 5, 3.5, 11, 4 ], "texture": "#texture4", "cullface": "north" },
        "north": { "uv": [ 5, 5.5, 11, 6 ], "texture": "#texture", "cullface": "north" },
        "west":  { "uv": [ 3.5, 5.5, 4, 6 ], "texture": "#texture2_west", "cullface": "north" },
        "east":  { "uv": [ 12, 5.5, 12.5, 6 ], "texture": "#texture2_east", "cullface": "north" }
    }
},
{
    "from": [ 2, 11, -2 ],
    "to": [ 14, 13, -1 ],
    "faces": {
        "down":  { "uv": [ 12.5, 7, 12, 6.5 ], "texture": "#texture2_east", "cullface": "north" },
        "up":    { "uv": [ 5, 3, 11, 3.5 ], "texture": "#texture4", "cullface": "north" },
        "north": { "uv": [ 5, 6, 11, 7 ], "texture": "#texture", "cullface": "north" },
        "west":  { "uv": [ 3, 6, 3.5, 7 ], "texture": "#texture2_west", "cullface": "north" },
        "east":  { "uv": [ 12.5, 6, 13, 7 ], "texture": "#texture2_east", "cullface": "north" }
    }
},
{
    "from": [ 3, 13, -2 ],
    "to": [ 13, 14, -1 ],
    "faces": {
        "up":    { "uv": [ 5.5, 3, 10.5, 3.5 ], "texture": "#texture4", "cullface": "north" },
        "north": { "uv": [ 5.5, 5.5, 10.5, 6 ], "texture": "#texture", "cullface": "north" },
        "west":  { "uv": [ 3, 5.5, 3.5, 6 ], "texture": "#texture2_west", "cullface": "north" },
        "east":  { "uv": [ 12.5, 5.5, 13, 6 ], "texture": "#texture2_east", "cullface": "north" }
    }
},
{
    "from": [ 4, 14, -2 ],
    "to": [ 12, 15, -1 ],
    "faces": {
        "up":    { "uv": [ 6, 3, 10, 3.5 ], "texture": "#texture4", "cullface": "north" },
        "north": { "uv": [ 6, 5, 10, 5.5 ], "texture": "#texture", "cullface": "north" },
        "west":  { "uv": [ 3, 5, 3.5, 5.5 ], "texture": "#texture2_west", "cullface": "north" },
        "east":  { "uv": [ 12.5, 5, 13, 5.5 ], "texture": "#texture2_east", "cullface": "north" }
    }
},
{
    "from": [ 4, 11, -3 ],
    "to": [ 12, 13, -2 ],
    "faces": {
        "down":  { "uv": [ 12.5, 7, 12, 6.5 ], "texture": "#texture2_east", "cullface": "north" },
        "up":    { "uv": [ 6, 2.5, 10, 3 ], "texture": "#texture4", "cullface": "north" },
        "north": { "uv": [ 6, 6, 10, 7 ], "texture": "#texture", "cullface": "north" },
        "west":  { "uv": [ 2.5, 6, 3, 7 ], "texture": "#texture2_west", "cullface": "north" },
        "east":  { "uv": [ 13, 6, 13.5, 7 ], "texture": "#texture2_east", "cullface": "north" }
    }
},
{
    "from": [ 5, 13, -3 ],
    "to": [ 11, 14, -2 ],
    "faces": {
        "up":    { "uv": [ 6.5, 2.5, 9.5, 3 ], "texture": "#texture4", "cullface": "north" },
        "north": { "uv": [ 6.5, 5.5, 9.5, 6 ], "texture": "#texture", "cullface": "north" },
        "west":  { "uv": [ 2.5, 5.5, 3, 6 ], "texture": "#texture2_west", "cullface": "north" },
        "east":  { "uv": [ 13, 5.5, 13.5, 6 ], "texture": "#texture2_east", "cullface": "north" }
    }
},
{
    "from": [ 15, -1, 1 ],
    "to": [ 16, 14, 11 ],
    "faces": {
        "down":  { "uv": [ 11.5, 13, 6.5, 12.5 ], "rotation": 90, "texture": "#texture2_east", "cullface": "down" },
        "up":    { "uv": [ 11.5, 4.5, 12, 9.5 ], "texture": "#texture4", "cullface": "down" },
        "north": { "uv": [ 4, 5.5, 4.5, 13 ], "texture": "#texture", "cullface": "down" },
        "south": { "uv": [ 11.5, 5.5, 12, 13 ], "texture": "#texture3", "cullface": "down" },
        "west":  { "uv": [ 4.5, 5.5, 9.5, 13 ], "texture": "#texture2_west", "cullface": "down" },
        "east":  { "uv": [ 6.5, 5.5, 11.5, 13 ], "texture": "#texture2_east", "cullface": "down" }
    }
},
{
    "from": [ 15, 3, 11 ],
    "to": [ 16, 14, 15 ],
    "faces": {
        "down":  { "uv": [ 6.5, 11, 4.5, 10.5 ], "rotation": 270, "texture": "#texture2_east" },
        "south": { "uv": [ 11.5, 5.5, 12, 11 ], "texture": "#texture3" },
        "west":  { "uv": [ 9.5, 5.5, 11.5, 11 ], "texture": "#texture2_west" },
        "east":  { "uv": [ 4.5, 5.5, 6.5, 11 ], "texture": "#texture2_east", "cullface": "east" }
    }
},
{
    "from": [ 15, 0, 11 ],
    "to": [ 16, 3, 12 ],
    "faces": {
        "down":  { "uv": [ 6.5, 12.5, 6, 12 ], "texture": "#texture2_east", "cullface": "down" },
        "south": { "uv": [ 11.5, 11, 12, 12.5 ], "texture": "#texture3" },
        "west":  { "uv": [ 9.5, 11, 10, 12.5 ], "texture": "#texture2_west" },
        "east":  { "uv": [ 6, 11, 6.5, 12.5 ], "texture": "#texture2_east", "cullface": "east" }
    }
},
{
    "from": [ 15, 1, 12 ],
    "to": [ 16, 3, 13 ],
    "faces": {
        "down":  { "uv": [ 6, 12, 5.5, 11.5 ], "texture": "#texture2_east" },
        "south": { "uv": [ 11.5, 11, 12, 12 ], "texture": "#texture3" },
        "west":  { "uv": [ 10, 11, 10.5, 12 ], "texture": "#texture2_west" },
        "east":  { "uv": [ 5.5, 11, 6, 12 ], "texture": "#texture2_east", "cullface": "east" }
    }
},
{
    "from": [ 0, 4, 15 ],
    "to": [ 16, 14, 16 ],
    "faces": {
        "down":  { "uv": [ 12, 10.5, 4, 10 ], "texture": "#texture3" },
        "up":    { "uv": [ 4, 11.5, 12, 12 ], "texture": "#texture4" },
        "north": { "uv": [ 4, 5.5, 12, 10.5 ], "texture": "#texture3" },
        "south": { "uv": [ 4, 5.5, 12, 10.5 ], "texture": "#texture3", "cullface": "south" },
        "west":  { "uv": [ 11.5, 5.5, 12, 10.5 ], "texture": "#texture2_west", "cullface": "west" },
        "east":  { "uv": [ 4, 5.5, 4.5, 10.5 ], "texture": "#texture2_east", "cullface": "east" }
    }
},
{
    "from": [ 16, 0, 3 ],
    "to": [ 17, 1, 11 ],
    "faces": {
        "down":  { "uv": [ 10.5, 12.5, 6.5, 12 ], "rotation": 270, "texture": "#texture2_east", "cullface": "east" },
        "north": { "uv": [ 3.5, 12, 4, 12.5 ], "texture": "#texture", "cullface": "east" },
        "south": { "uv": [ 12, 12, 12.5, 12.5 ], "texture": "#texture3", "cullface": "east" },
        "east":  { "uv": [ 6.5, 12, 10.5, 12.5 ], "texture": "#texture2_east", "cullface": "east" }
    }
},
{
    "from": [ 16, 1, 1 ],
    "to": [ 17, 6, 12 ],
    "faces": {
        "down":  { "uv": [ 6, 12, 11.5, 11.5 ], "rotation": 90, "texture": "#texture2_east", "cullface": "east" },
        "up":    { "uv": [ 6, 9.5, 11.5, 10 ], "rotation": 270, "texture": "#texture2_east", "cullface": "east" },
        "north": { "uv": [ 3.5, 9.5, 4, 12 ], "texture": "#texture", "cullface": "east" },
        "south": { "uv": [ 12, 9.5, 12.5, 12 ], "texture": "#texture3", "cullface": "east" },
        "west":  { "uv": [ 4.5, 9.5, 10, 12 ], "texture": "#texture2_west", "cullface": "east" },
        "east":  { "uv": [ 6, 9.5, 11.5, 12 ], "texture": "#texture2_east", "cullface": "east" }
    }
},
{
    "from": [ 16, 2, 0 ],
    "to": [ 17, 5, 13 ],
    "faces": {
        "down":  { "uv": [ 12, 11.5, 5.5, 11 ], "rotation": 270, "texture": "#texture2_east", "cullface": "east" },
        "up":    { "uv": [ 5.5, 10, 12, 10.5 ], "rotation": 270, "texture": "#texture2_east", "cullface": "east" },
        "north": { "uv": [ 3.5, 10, 4, 11.5 ], "texture": "#texture", "cullface": "east" },
        "south": { "uv": [ 12, 10, 12.5, 11.5 ], "texture": "#texture3", "cullface": "east" },
        "west":  { "uv": [ 4, 10, 10.5, 11.5 ], "texture": "#texture2_west", "cullface": "east" },
        "east":  { "uv": [ 5.5, 10, 12, 11.5 ], "texture": "#texture2_east", "cullface": "east" }
    }
},
{
    "from": [ 16, 6, 3 ],
    "to": [ 17, 12, 16 ],
    "faces": {
        "down":  { "uv": [ 10.5, 9.5, 4, 9 ], "rotation": 270, "texture": "#texture2_east", "cullface": "east" },
        "up":    { "uv": [ 12, 5.5, 12.5, 12 ], "texture": "#texture4", "cullface": "east" },
        "north": { "uv": [ 3.5, 6.5, 4, 9.5 ], "texture": "#texture", "cullface": "east" },
        "south": { "uv": [ 12, 6.5, 12.5, 9.5 ], "texture": "#texture3", "cullface": "east" },
        "west":  { "uv": [ 5.5, 6.5, 12, 9.5 ], "texture": "#texture2_west", "cullface": "east" },
        "east":  { "uv": [ 4, 6.5, 10.5, 9.5 ], "texture": "#texture2_east", "cullface": "east" }
    }
},
{
    "from": [ 16, 4, 14 ],
    "to": [ 17, 13, 15 ],
    "faces": {
        "down":  { "uv": [ 5, 10.5, 4.5, 10 ], "texture": "#texture2_east", "cullface": "east" },
        "up":    { "uv": [ 12, 11, 12.5, 11.5 ], "texture": "#texture4", "cullface": "east" },
        "south": { "uv": [ 12, 6, 12.5, 10.5 ], "texture": "#texture3", "cullface": "east" },
        "east":  { "uv": [ 4.5, 6, 5, 10.5 ], "texture": "#texture2_east", "cullface": "east" }
    }
},
{
    "from": [ 16, 3, 12 ],
    "to": [ 17, 14, 14 ],
    "faces": {
        "down":  { "uv": [ 6, 11, 5, 10.5 ], "rotation": 270, "texture": "#texture2_east", "cullface": "east" },
        "up":    { "uv": [ 12, 10, 12.5, 11 ], "texture": "#texture4", "cullface": "east" },
        "north": { "uv": [ 3.5, 5.5, 4, 11 ], "texture": "#texture", "cullface": "east" },
        "south": { "uv": [ 12, 5.5, 12.5, 11 ], "texture": "#texture3", "cullface": "east" },
        "east":  { "uv": [ 5, 5.5, 6, 11 ], "texture": "#texture2_east", "cullface": "east" }
    }
},
{
    "from": [ 15, 11, 0 ],
    "to": [ 16, 13, 1 ],
    "faces": {
        "down":  { "uv": [ 4.5, 7, 4, 6.5 ], "texture": "#texture" },
        "up":    { "uv": [ 11.5, 4, 12, 4.5 ], "texture": "#texture4" },
        "north": { "uv": [ 4, 6, 4.5, 7 ], "texture": "#texture", "cullface": "north" },
        "east":  { "uv": [ 11.5, 6, 12, 7 ], "texture": "#texture2_east", "cullface": "east" }
    }
},
{
    "from": [ 16, 9, 2 ],
    "to": [ 17, 13, 3 ],
    "faces": {
        "down":  { "uv": [ 4, 8, 3.5, 7.5 ], "texture": "#texture", "cullface": "east" },
        "up":    { "uv": [ 12, 5, 12.5, 5.5 ], "texture": "#texture4", "cullface": "east" },
        "north": { "uv": [ 3.5, 6, 4, 8 ], "texture": "#texture", "cullface": "east" },
        "south": { "uv": [ 12, 6, 12.5, 8 ], "texture": "#texture3", "cullface": "east" },
        "east":  { "uv": [ 10.5, 6, 11, 8 ], "texture": "#texture2_east", "cullface": "east" }
    }
},
{
    "from": [ 16, 10, 1 ],
    "to": [ 17, 12, 2 ],
    "faces": {
        "down":  { "uv": [ 4, 7.5, 3.5, 7 ], "texture": "#texture", "cullface": "east" },
        "up":    { "uv": [ 12, 4.5, 12.5, 5 ], "texture": "#texture4", "cullface": "east" },
        "north": { "uv": [ 3.5, 6.5, 4, 7.5 ], "texture": "#texture", "cullface": "east" },
        "east":  { "uv": [ 11, 6.5, 11.5, 7.5 ], "texture": "#texture2_east", "cullface": "east" }
    }
},
{
    "from": [ 16, 12, 3 ],
    "to": [ 17, 14, 12 ],
    "faces": {
        "up":    { "uv": [ 12, 5.5, 12.5, 10 ], "texture": "#texture4", "cullface": "east" },
        "north": { "uv": [ 3.5, 5.5, 4, 6.5 ], "texture": "#texture", "cullface": "east" },
        "west":  { "uv": [ 5.5, 5.5, 10, 6.5 ], "texture": "#texture2_west", "cullface": "east" },
        "east":  { "uv": [ 6, 5.5, 10.5, 6.5 ], "texture": "#texture2_east", "cullface": "east" }
    }
},
{
    "from": [ 17, 2, 2 ],
    "to": [ 18, 5, 12 ],
    "faces": {
        "down":  { "uv": [ 11, 11.5, 6, 11 ], "rotation": 270, "texture": "#texture2_east", "cullface": "east" },
        "up":    { "uv": [ 6, 10, 11, 10.5 ], "rotation": 270, "texture": "#texture2_east", "cullface": "east" },
        "north": { "uv": [ 3, 10, 3.5, 11.5 ], "texture": "#texture", "cullface": "east" },
        "south": { "uv": [ 12.5, 10, 13, 11.5 ], "texture": "#texture3", "cullface": "east" },
        "east":  { "uv": [ 6, 10, 11, 11.5 ], "texture": "#texture2_east", "cullface": "east" }
    }
},
{
    "from": [ 17, 5, 3 ],
    "to": [ 18, 6, 7 ],
    "faces": {
        "up":    { "uv": [ 8.5, 9.5, 10.5, 10 ], "rotation": 270, "texture": "#texture2_east", "cullface": "east" },
        "north": { "uv": [ 3, 9.5, 3.5, 10 ], "texture": "#texture", "cullface": "east" },
        "east":  { "uv": [ 8.5, 9.5, 10.5, 10 ], "texture": "#texture2_east", "cullface": "east" }
    }
},
{
    "from": [ 17, 6, 4 ],
    "to": [ 18, 10, 15 ],
    "faces": {
        "down":  { "uv": [ 3.5, 11.5, 3, 6 ], "texture": "#texture", "cullface": "east" },
        "up":    { "uv": [ 12.5, 6, 13, 11.5 ], "texture": "#texture4", "cullface": "east" },
        "north": { "uv": [ 3, 7.5, 3.5, 9.5 ], "texture": "#texture", "cullface": "east" },
        "south": { "uv": [ 12.5, 7.5, 13, 9.5 ], "texture": "#texture3", "cullface": "east" },
        "east":  { "uv": [ 4.5, 7.5, 10, 9.5 ], "texture": "#texture2_east", "cullface": "east" }
    }
},
{
    "from": [ 17, 10, 3 ],
    "to": [ 18, 12, 14 ],
    "faces": {
        "down":  { "uv": [ 10.5, 7.5, 5, 7 ], "rotation": 270, "texture": "#texture2_east", "cullface": "east" },
        "up":    { "uv": [ 12.5, 5.5, 13, 11 ], "texture": "#texture4", "cullface": "east" },
        "north": { "uv": [ 3, 6.5, 3.5, 7.5 ], "texture": "#texture", "cullface": "east" },
        "south": { "uv": [ 12.5, 6.5, 13, 7.5 ], "texture": "#texture3", "cullface": "east" },
        "east":  { "uv": [ 5, 6.5, 10.5, 7.5 ], "texture": "#texture2_east", "cullface": "east" }
    }
},
{
    "from": [ 17, 12, 4 ],
    "to": [ 18, 13, 12 ],
    "faces": {
        "up":    { "uv": [ 12.5, 6, 13, 10 ], "texture": "#texture4", "cullface": "east" },
        "north": { "uv": [ 3, 6, 3.5, 6.5 ], "texture": "#texture", "cullface": "east" },
        "south": { "uv": [ 12.5, 6, 13, 6.5 ], "texture": "#texture3", "cullface": "east" },
        "east":  { "uv": [ 6, 6, 10, 6.5 ], "texture": "#texture2_east", "cullface": "east" }
    }
},
{
    "from": [ 17, 5, 7 ],
    "to": [ 19, 8, 15 ],
    "faces": {
        "down":  { "uv": [ 1.5, 10.5, 1, 9.5 ], "rotation": 270, "texture": "#texture2_east", "cullface": "east" },
        "up":    { "uv": [ 12.5, 7.5, 13.5, 11.5 ], "texture": "#texture4", "cullface": "east" },
        "north": { "uv": [ 2.5, 8.5, 3.5, 10 ], "texture": "#texture", "cullface": "east" },
        "south": { "uv": [ 12.5, 8.5, 13.5, 10 ], "texture": "#texture3", "cullface": "east" },
        "west":  { "uv": [ 7.5, 8.5, 11.5, 10 ], "texture": "#texture2_west", "cullface": "east" },
        "east":  { "uv": [ 4.5, 8.5, 8.5, 10 ], "texture": "#texture2_east", "cullface": "east" }
    }
},
{
    "from": [ 17, 4, 8 ],
    "to": [ 19, 9, 14 ],
    "faces": {
        "down":  { "uv": [ 1.5, 10.5, 1, 9.5 ], "rotation": 270, "texture": "#texture2_east", "cullface": "east" },
        "up":    { "uv": [ 12.5, 8, 13.5, 11 ], "texture": "#texture4", "cullface": "east" },
        "north": { "uv": [ 2.5, 8, 3.5, 10.5 ], "texture": "#texture", "cullface": "east" },
        "south": { "uv": [ 12.5, 8, 13.5, 10.5 ], "texture": "#texture3", "cullface": "east" },
        "west":  { "uv": [ 8, 8, 11, 10.5 ], "texture": "#texture2_west", "cullface": "east" },
        "east":  { "uv": [ 5, 8, 8, 10.5 ], "texture": "#texture2_east", "cullface": "east" }
    }
},
{
    "from": [ 17, 3, 9 ],
    "to": [ 19, 10, 13 ],
    "faces": {
        "down":  { "uv": [ 1.5, 10.5, 1, 9.5 ], "rotation": 270, "texture": "#texture2_east", "cullface": "east" },
        "up":    { "uv": [ 12.5, 8.5, 13.5, 10.5 ], "texture": "#texture4", "cullface": "east" },
        "north": { "uv": [ 2.5, 7.5, 3.5, 11 ], "texture": "#texture", "cullface": "east" },
        "south": { "uv": [ 12.5, 7.5, 13.5, 11 ], "texture": "#texture3", "cullface": "east" },
        "west":  { "uv": [ 8.5, 7.5, 10.5, 11 ], "texture": "#texture2_west", "cullface": "east" },
        "east":  { "uv": [ 5.5, 7.5, 7.5, 11 ], "texture": "#texture2_east", "cullface": "east" }
    }
},
{
    "from": [ 19, 6, 10 ],
    "to": [ 20, 9, 12 ],
    "faces": {
        "down":  { "uv": [ 7, 9.5, 6, 9 ], "rotation": 270, "texture": "#texture2_east", "cullface": "east" },
        "up":    { "uv": [ 13.5, 9, 14, 10 ], "texture": "#texture4", "cullface": "east" },
        "north": { "uv": [ 2, 8, 2.5, 9.5 ], "texture": "#texture", "cullface": "east" },
        "south": { "uv": [ 13.5, 8, 14, 9.5 ], "texture": "#texture3", "cullface": "east" },
        "east":  { "uv": [ 6, 8, 7, 9.5 ], "texture": "#texture2_east", "cullface": "east" }
    }
},
{
    "from": [ 19, 5, 11 ],
    "to": [ 20, 8, 13 ],
    "faces": {
        "down":  { "uv": [ 6.5, 10, 5.5, 9.5 ], "rotation": 270, "texture": "#texture2_east", "cullface": "east" },
        "up":    { "uv": [ 13.5, 9.5, 14, 10.5 ], "texture": "#texture4", "cullface": "east" },
        "north": { "uv": [ 2, 8.5, 2.5, 10 ], "texture": "#texture", "cullface": "east" },
        "south": { "uv": [ 13.5, 8.5, 14, 10 ], "texture": "#texture3", "cullface": "east" },
        "east":  { "uv": [ 5.5, 8.5, 6.5, 10 ], "texture": "#texture2_east", "cullface": "east" }
    }
},
{
    "from": [ 1, 3, 15 ],
    "to": [ 15, 4, 16 ],
    "faces": {
        "down":  { "uv": [ 11.5, 11, 4.5, 10.5 ], "texture": "#texture3" },
        "north": { "uv": [ 4.5, 10.5, 11.5, 11 ], "texture": "#texture3" },
        "south": { "uv": [ 4.5, 10.5, 11.5, 11 ], "texture": "#texture3", "cullface": "south" },
        "west":  { "uv": [ 11.5, 10.5, 12, 11 ], "texture": "#texture2_west" },
        "east":  { "uv": [ 4, 10.5, 4.5, 11 ], "texture": "#texture2_east" }
    }
},
{
    "from": [ 2, 3, 16 ],
    "to": [ 14, 14, 17 ],
    "faces": {
        "down":  { "uv": [ 11, 11, 5, 10.5 ], "texture": "#texture3", "cullface": "south" },
        "up":    { "uv": [ 5, 12, 11, 12.5 ], "texture": "#texture4", "cullface": "south" },
        "north": { "uv": [ 5, 5.5, 11, 11 ], "texture": "#texture", "cullface": "south" },
        "south": { "uv": [ 5, 5.5, 11, 11 ], "texture": "#texture3", "cullface": "south" },
        "west":  { "uv": [ 12, 5.5, 12.5, 11 ], "texture": "#texture2_west", "cullface": "south" },
        "east":  { "uv": [ 3.5, 5.5, 4, 11 ], "texture": "#texture2_east", "cullface": "south" }
    }
},
{
    "from": [ 1, 4, 16 ],
    "to": [ 15, 13, 17 ],
    "faces": {
        "down":  { "uv": [ 11.5, 10.5, 4.5, 10 ], "texture": "#texture3", "cullface": "south" },
        "up":    { "uv": [ 4.5, 12, 11.5, 12.5 ], "texture": "#texture4", "cullface": "south" },
        "south": { "uv": [ 4.5, 6, 11.5, 10.5 ], "texture": "#texture3", "cullface": "south" },
        "west":  { "uv": [ 12, 6, 12.5, 10.5 ], "texture": "#texture2_west", "cullface": "south" },
        "east":  { "uv": [ 3.5, 6, 4, 10.5 ], "texture": "#texture2_east", "cullface": "south" }
    }
},
{
    "from": [ 0, 6, 16 ],
    "to": [ 16, 12, 17 ],
    "faces": {
        "down":  { "uv": [ 12, 9.5, 4, 9 ], "texture": "#texture3", "cullface": "south" },
        "up":    { "uv": [ 4, 12, 12, 12.5 ], "texture": "#texture4", "cullface": "south" },
        "south": { "uv": [ 4, 6.5, 12, 9.5 ], "texture": "#texture3", "cullface": "south" },
        "west":  { "uv": [ 12, 6.5, 12.5, 9.5 ], "texture": "#texture2_west", "cullface": "south" },
        "east":  { "uv": [ 3.5, 6.5, 4, 9.5 ], "texture": "#texture2_east", "cullface": "south" }
    }
},
{
    "from": [ 4, 4, 17 ],
    "to": [ 12, 13, 18 ],
    "faces": {
        "down":  { "uv": [ 10, 10.5, 6, 10 ], "texture": "#texture3", "cullface": "south" },
        "up":    { "uv": [ 6, 12.5, 10, 13 ], "texture": "#texture4", "cullface": "south" },
        "south": { "uv": [ 6, 6, 10, 10.5 ], "texture": "#texture3", "cullface": "south" },
        "west":  { "uv": [ 12.5, 6, 13, 10.5 ], "texture": "#texture2_west", "cullface": "south" },
        "east":  { "uv": [ 3, 6, 3.5, 10.5 ], "texture": "#texture2_east", "cullface": "south" }
    }
},
{
    "from": [ 3, 5, 17 ],
    "to": [ 13, 12, 18 ],
    "faces": {
        "down":  { "uv": [ 10.5, 10, 5.5, 9.5 ], "texture": "#texture3", "cullface": "south" },
        "up":    { "uv": [ 5.5, 12.5, 10.5, 13 ], "texture": "#texture4", "cullface": "south" },
        "south": { "uv": [ 5.5, 6.5, 10.5, 10 ], "texture": "#texture3", "cullface": "south" },
        "west":  { "uv": [ 12.5, 6.5, 13, 10 ], "texture": "#texture2_west", "cullface": "south" },
        "east":  { "uv": [ 3, 6.5, 3.5, 10 ], "texture": "#texture2_east", "cullface": "south" }
    }
},
{
    "from": [ 2, 6, 17 ],
    "to": [ 14, 10, 18 ],
    "faces": {
        "down":  { "uv": [ 11, 9.5, 5, 9 ], "texture": "#texture3", "cullface": "south" },
        "up":    { "uv": [ 5, 12.5, 11, 13 ], "texture": "#texture4", "cullface": "south" },
        "south": { "uv": [ 5, 7.5, 11, 9.5 ], "texture": "#texture3", "cullface": "south" },
        "west":  { "uv": [ 12.5, 7.5, 13, 9.5 ], "texture": "#texture2_west", "cullface": "south" },
        "east":  { "uv": [ 3, 7.5, 3.5, 9.5 ], "texture": "#texture2_east", "cullface": "south" }
    }
},
{
    "from": [ 0, -1, 1 ],
    "to": [ 1, 14, 11 ],
    "faces": {
        "down":  { "uv": [ 9.5, 13, 4.5, 12.5 ], "rotation": 90, "texture": "#texture2_west", "cullface": "down" },
        "up":    { "uv": [ 4, 4.5, 4.5, 9.5 ], "texture": "#texture4", "cullface": "down" },
        "north": { "uv": [ 11.5, 5.5, 12, 13 ], "texture": "#texture", "cullface": "down" },
        "south": { "uv": [ 4, 5.5, 4.5, 13 ], "texture": "#texture3", "cullface": "down" },
        "west":  { "uv": [ 4.5, 5.5, 9.5, 13 ], "texture": "#texture2_west", "cullface": "down" },
        "east":  { "uv": [ 6.5, 5.5, 11.5, 13 ], "texture": "#texture2_east", "cullface": "down" }
    }
},
{
    "from": [ 0, 11, 0 ],
    "to": [ 1, 13, 1 ],
    "faces": {
        "down":  { "uv": [ 12, 7, 11.5, 6.5 ], "texture": "#texture" },
        "up":    { "uv": [ 4, 4, 4.5, 4.5 ], "texture": "#texture4" },
        "north": { "uv": [ 11.5, 6, 12, 7 ], "texture": "#texture", "cullface": "north" },
        "west":  { "uv": [ 4, 6, 4.5, 7 ], "texture": "#texture2_west", "cullface": "west" }
    }
},
{
    "from": [ 0, 3, 11 ],
    "to": [ 1, 14, 15 ],
    "faces": {
        "down":  { "uv": [ 11.5, 11, 9.5, 10.5 ], "rotation": 90, "texture": "#texture2_west" },
        "south": { "uv": [ 4, 5.5, 4.5, 11 ], "texture": "#texture3" },
        "west":  { "uv": [ 9.5, 5.5, 11.5, 11 ], "texture": "#texture2_west", "cullface": "west" },
        "east":  { "uv": [ 4.5, 5.5, 6.5, 11 ], "texture": "#texture2_east" }
    }
},
{
    "from": [ 0, 1, 12 ],
    "to": [ 1, 3, 13 ],
    "faces": {
        "down":  { "uv": [ 10.5, 12, 10, 11.5 ], "texture": "#texture2_west" },
        "south": { "uv": [ 4, 11, 4.5, 12 ], "texture": "#texture3" },
        "west":  { "uv": [ 10, 11, 10.5, 12 ], "texture": "#texture2_west", "cullface": "west" },
        "east":  { "uv": [ 5.5, 11, 6, 12 ], "texture": "#texture2_east" }
    }
},
{
    "from": [ 0, 0, 11 ],
    "to": [ 1, 3, 12 ],
    "faces": {
        "down":  { "uv": [ 10, 12.5, 9.5, 12 ], "texture": "#texture2_west", "cullface": "down" },
        "south": { "uv": [ 4, 11, 4.5, 12.5 ], "texture": "#texture3" },
        "west":  { "uv": [ 9.5, 11, 10, 12.5 ], "texture": "#texture2_west", "cullface": "west" },
        "east":  { "uv": [ 6, 11, 6.5, 12.5 ], "texture": "#texture2_east" }
    }
},
{
    "from": [ -1, 10, 1 ],
    "to": [ 0, 12, 2 ],
    "faces": {
        "down":  { "uv": [ 12.5, 7.5, 12, 7 ], "texture": "#texture", "cullface": "west" },
        "up":    { "uv": [ 3.5, 4.5, 4, 5 ], "texture": "#texture4", "cullface": "west" },
        "north": { "uv": [ 12, 6.5, 12.5, 7.5 ], "texture": "#texture", "cullface": "west" },
        "west":  { "uv": [ 4.5, 6.5, 5, 7.5 ], "texture": "#texture2_west", "cullface": "west" }
    }
},
{
    "from": [ -1, 2, 0 ],
    "to": [ 0, 5, 13 ],
    "faces": {
        "down":  { "uv": [ 10.5, 11.5, 4, 11 ], "rotation": 90, "texture": "#texture2_west", "cullface": "west" },
        "up":    { "uv": [ 4, 10, 10.5, 10.5 ], "rotation": 90, "texture": "#texture2_west", "cullface": "west" },
        "north": { "uv": [ 12, 10, 12.5, 11.5 ], "texture": "#texture", "cullface": "west" },
        "south": { "uv": [ 3.5, 10, 4, 11.5 ], "texture": "#texture3", "cullface": "west" },
        "west":  { "uv": [ 4, 10, 10.5, 11.5 ], "texture": "#texture2_west", "cullface": "west" },
        "east":  { "uv": [ 5.5, 10, 12, 11.5 ], "texture": "#texture2_east", "cullface": "west" }
    }
},
{
    "from": [ -1, 1, 1 ],
    "to": [ 0, 6, 12 ],
    "faces": {
        "down":  { "uv": [ 10, 12, 4.5, 11.5 ], "rotation": 90, "texture": "#texture2_west", "cullface": "west" },
        "up":    { "uv": [ 4.5, 9.5, 10, 10 ], "rotation": 90, "texture": "#texture2_west", "cullface": "west" },
        "north": { "uv": [ 12, 9.5, 12.5, 12 ], "texture": "#texture", "cullface": "west" },
        "south": { "uv": [ 3.5, 9.5, 4, 12 ], "texture": "#texture3", "cullface": "west" },
        "west":  { "uv": [ 4.5, 9.5, 10, 12 ], "texture": "#texture2_west", "cullface": "west" },
        "east":  { "uv": [ 6, 9.5, 11.5, 12 ], "texture": "#texture2_east", "cullface": "west" }
    }
},
{
    "from": [ -1, 9, 2 ],
    "to": [ 0, 13, 3 ],
    "faces": {
        "down":  { "uv": [ 12.5, 8, 12, 7.5 ], "texture": "#texture", "cullface": "west" },
        "up":    { "uv": [ 3.5, 5, 4, 5.5 ], "texture": "#texture4", "cullface": "west" },
        "north": { "uv": [ 12, 6, 12.5, 8 ], "texture": "#texture", "cullface": "west" },
        "south": { "uv": [ 3.5, 6, 4, 8 ], "texture": "#texture3", "cullface": "west" },
        "west":  { "uv": [ 5, 6, 5.5, 8 ], "texture": "#texture2_west", "cullface": "west" }
    }
},
{
    "from": [ -1, 12, 3 ],
    "to": [ 0, 14, 12 ],
    "faces": {
        "up":    { "uv": [ 3.5, 5.5, 4, 10 ], "texture": "#texture4", "cullface": "west" },
        "north": { "uv": [ 12, 5.5, 12.5, 6.5 ], "texture": "#texture", "cullface": "west" },
        "west":  { "uv": [ 5.5, 5.5, 10, 6.5 ], "texture": "#texture2_west", "cullface": "west" },
        "east":  { "uv": [ 6, 5.5, 10.5, 6.5 ], "texture": "#texture2_east", "cullface": "west" }
    }
},
{
    "from": [ -1, 6, 3 ],
    "to": [ 0, 12, 16 ],
    "faces": {
        "down":  { "uv": [ 12, 9.5, 5.5, 9 ], "rotation": 90, "texture": "#texture2_west", "cullface": "west" },
        "up":    { "uv": [ 3.5, 5.5, 4, 12 ], "texture": "#texture4", "cullface": "west" },
        "north": { "uv": [ 12, 6.5, 12.5, 9.5 ], "texture": "#texture", "cullface": "west" },
        "south": { "uv": [ 3.5, 6.5, 4, 9.5 ], "texture": "#texture3", "cullface": "west" },
        "west":  { "uv": [ 5.5, 6.5, 12, 9.5 ], "texture": "#texture2_west", "cullface": "west" },
        "east":  { "uv": [ 4, 6.5, 10.5, 9.5 ], "texture": "#texture2_east", "cullface": "west" }
    }
},
{
    "from": [ -1, 0, 3 ],
    "to": [ 0, 1, 11 ],
    "faces": {
        "down":  { "uv": [ 9.5, 12.5, 5.5, 12 ], "rotation": 90, "texture": "#texture2_west", "cullface": "west" },
        "north": { "uv": [ 12, 12, 12.5, 12.5 ], "texture": "#texture", "cullface": "west" },
        "south": { "uv": [ 3.5, 12, 4, 12.5 ], "texture": "#texture3", "cullface": "west" },
        "west":  { "uv": [ 5.5, 12, 9.5, 12.5 ], "texture": "#texture2_west", "cullface": "west" }
    }
},
{
    "from": [ -1, 3, 12 ],
    "to": [ 0, 14, 14 ],
    "faces": {
        "down":  { "uv": [ 11, 11, 10, 10.5 ], "rotation": 90, "texture": "#texture2_west", "cullface": "west" },
        "up":    { "uv": [ 3.5, 10, 4, 11 ], "texture": "#texture4", "cullface": "west" },
        "north": { "uv": [ 12, 5.5, 12.5, 11 ], "texture": "#texture", "cullface": "west" },
        "south": { "uv": [ 3.5, 5.5, 4, 11 ], "texture": "#texture3", "cullface": "west" },
        "west":  { "uv": [ 10, 5.5, 11, 11 ], "texture": "#texture2_west", "cullface": "west" }
    }
},
{
    "from": [ -1, 4, 14 ],
    "to": [ 0, 13, 15 ],
    "faces": {
        "down":  { "uv": [ 11.5, 10.5, 11, 10 ], "texture": "#texture2_west", "cullface": "west" },
        "up":    { "uv": [ 3.5, 11, 4, 11.5 ], "texture": "#texture4", "cullface": "west" },
        "south": { "uv": [ 3.5, 6, 4, 10.5 ], "texture": "#texture3", "cullface": "west" },
        "west":  { "uv": [ 11, 6, 11.5, 10.5 ], "texture": "#texture2_west", "cullface": "west" }
    }
},
{
    "from": [ -2, 2, 2 ],
    "to": [ -1, 5, 12 ],
    "faces": {
        "down":  { "uv": [ 10, 11.5, 5, 11 ], "rotation": 90, "texture": "#texture2_west", "cullface": "west" },
        "up":    { "uv": [ 3, 5, 3.5, 10 ], "texture": "#texture4", "cullface": "west" },
        "north": { "uv": [ 12.5, 10, 13, 11.5 ], "texture": "#texture", "cullface": "west" },
        "south": { "uv": [ 3, 10, 3.5, 11.5 ], "texture": "#texture3", "cullface": "west" },
        "west":  { "uv": [ 5, 10, 10, 11.5 ], "texture": "#texture2_west", "cullface": "west" }
    }
},
{
    "from": [ -2, 10, 3 ],
    "to": [ -1, 12, 14 ],
    "faces": {
        "down":  { "uv": [ 11, 7.5, 5.5, 7 ], "rotation": 90, "texture": "#texture2_west", "cullface": "west" },
        "up":    { "uv": [ 3, 5.5, 3.5, 11 ], "texture": "#texture4", "cullface": "west" },
        "north": { "uv": [ 12.5, 6.5, 13, 7.5 ], "texture": "#texture", "cullface": "west" },
        "south": { "uv": [ 3, 6.5, 3.5, 7.5 ], "texture": "#texture3", "cullface": "west" },
        "west":  { "uv": [ 5.5, 6.5, 11, 7.5 ], "texture": "#texture2_west", "cullface": "west" }
    }
},
{
    "from": [ -2, 5, 3 ],
    "to": [ -1, 6, 7 ],
    "faces": {
        "up":    { "uv": [ 5.5, 9.5, 7.5, 10 ], "rotation": 90, "texture": "#texture2_west", "cullface": "west" },
        "north": { "uv": [ 12.5, 9.5, 13, 10 ], "texture": "#texture", "cullface": "west" },
        "west":  { "uv": [ 5.5, 9.5, 7.5, 10 ], "texture": "#texture2_west", "cullface": "west" }
    }
},
{
    "from": [ -2, 12, 4 ],
    "to": [ -1, 13, 12 ],
    "faces": {
        "up":    { "uv": [ 3, 6, 3.5, 10 ], "texture": "#texture4", "cullface": "west" },
        "north": { "uv": [ 12.5, 6, 13, 6.5 ], "texture": "#texture", "cullface": "west" },
        "south": { "uv": [ 3, 6, 3.5, 6.5 ], "texture": "#texture3", "cullface": "west" },
        "west":  { "uv": [ 6, 6, 10, 6.5 ], "texture": "#texture2_west", "cullface": "west" }
    }
},
{
    "from": [ -2, 6, 4 ],
    "to": [ -1, 10, 15 ],
    "faces": {
        "down":  { "uv": [ 13, 11.5, 12.5, 6 ], "texture": "#texture", "cullface": "west" },
        "up":    { "uv": [ 3, 6, 3.5, 11.5 ], "texture": "#texture4", "cullface": "west" },
        "north": { "uv": [ 12.5, 7.5, 13, 9.5 ], "texture": "#texture", "cullface": "west" },
        "south": { "uv": [ 3, 7.5, 3.5, 9.5 ], "texture": "#texture3", "cullface": "west" },
        "west":  { "uv": [ 6, 7.5, 11.5, 9.5 ], "texture": "#texture2_west", "cullface": "west" }
    }
},
{
    "from": [ -3, 5, 7 ],
    "to": [ -1, 8, 15 ],
    "faces": {
        "down":  { "uv": [ 15, 10.5, 14.5, 9.5 ], "rotation": 90, "texture": "#texture2_west", "cullface": "west" },
        "up":    { "uv": [ 2.5, 7.5, 3.5, 11.5 ], "texture": "#texture4", "cullface": "west" },
        "north": { "uv": [ 12.5, 8.5, 13.5, 10 ], "texture": "#texture", "cullface": "west" },
        "south": { "uv": [ 2.5, 8.5, 3.5, 10 ], "texture": "#texture3", "cullface": "west" },
        "west":  { "uv": [ 7.5, 8.5, 11.5, 10 ], "texture": "#texture2_west", "cullface": "west" },
        "east":  { "uv": [ 4.5, 8.5, 8.5, 10 ], "texture": "#texture2_east", "cullface": "west" }
    }
},
{
    "from": [ -3, 4, 8 ],
    "to": [ -1, 9, 14 ],
    "faces": {
        "down":  { "uv": [ 15, 10.5, 14.5, 9.5 ], "rotation": 90, "texture": "#texture2_west", "cullface": "west" },
        "up":    { "uv": [ 2.5, 8, 3.5, 11 ], "texture": "#texture4", "cullface": "west" },
        "north": { "uv": [ 12.5, 8, 13.5, 10.5 ], "texture": "#texture", "cullface": "west" },
        "south": { "uv": [ 2.5, 8, 3.5, 10.5 ], "texture": "#texture3", "cullface": "west" },
        "west":  { "uv": [ 8, 8, 11, 10.5 ], "texture": "#texture2_west", "cullface": "west" },
        "east":  { "uv": [ 5, 8, 8, 10.5 ], "texture": "#texture2_east", "cullface": "west" }
    }
},
{
    "from": [ -3, 3, 9 ],
    "to": [ -1, 10, 13 ],
    "faces": {
        "down":  { "uv": [ 15, 10.5, 14.5, 9.5 ], "rotation": 90, "texture": "#texture2_west", "cullface": "west" },
        "up":    { "uv": [ 2.5, 8.5, 3.5, 10.5 ], "texture": "#texture4", "cullface": "west" },
        "north": { "uv": [ 12.5, 7.5, 13.5, 11 ], "texture": "#texture", "cullface": "west" },
        "south": { "uv": [ 2.5, 7.5, 3.5, 11 ], "texture": "#texture3", "cullface": "west" },
        "west":  { "uv": [ 8.5, 7.5, 10.5, 11 ], "texture": "#texture2_west", "cullface": "west" },
        "east":  { "uv": [ 5.5, 7.5, 7.5, 11 ], "texture": "#texture2_east", "cullface": "west" }
    }
},
{
    "from": [ -4, 6, 10 ],
    "to": [ -3, 9, 12 ],
    "faces": {
        "down":  { "uv": [ 10, 9.5, 9, 9 ], "rotation": 90, "texture": "#texture2_west", "cullface": "west" },
        "up":    { "uv": [ 2, 9, 2.5, 10 ], "texture": "#texture4", "cullface": "west" },
        "north": { "uv": [ 13.5, 8, 14, 9.5 ], "texture": "#texture", "cullface": "west" },
        "south": { "uv": [ 2, 8, 2.5, 9.5 ], "texture": "#texture3", "cullface": "west" },
        "west":  { "uv": [ 9, 8, 10, 9.5 ], "texture": "#texture2_west", "cullface": "west" }
    }
},
{
    "from": [ -4, 5, 11 ],
    "to": [ -3, 8, 13 ],
    "faces": {
        "down":  { "uv": [ 10.5, 10, 9.5, 9.5 ], "rotation": 90, "texture": "#texture2_west", "cullface": "west" },
        "up":    { "uv": [ 2, 9.5, 2.5, 10.5 ], "texture": "#texture4", "cullface": "west" },
        "north": { "uv": [ 13.5, 8.5, 14, 10 ], "texture": "#texture", "cullface": "west" },
        "south": { "uv": [ 2, 8.5, 2.5, 10 ], "texture": "#texture3", "cullface": "west" },
        "west":  { "uv": [ 9.5, 8.5, 10.5, 10 ], "texture": "#texture2_west", "cullface": "west" }
    }
},
{
    "from": [ -1, 14, 5 ],
    "to": [ 17, 15, 12 ],
    "faces": {
        "down":  { "uv": [ 12.5, 10, 3.5, 6.5 ], "texture": "#texture4" },
        "up":    { "uv": [ 3.5, 6.5, 12.5, 10 ], "texture": "#texture4" },
        "north": { "uv": [ 3.5, 5, 12.5, 5.5 ], "texture": "#texture" },
        "south": { "uv": [ 3.5, 5, 12.5, 5.5 ], "texture": "#texture3" },
        "west":  { "uv": [ 6.5, 5, 10, 5.5 ], "texture": "#texture2_west" },
        "east":  { "uv": [ 6, 5, 9.5, 5.5 ], "texture": "#texture2_east" }
    }
},
{
    "from": [ 0, 14, 3 ],
    "to": [ 16, 15, 15 ],
    "faces": {
        "down":  { "uv": [ 12, 11.5, 4, 5.5 ], "texture": "#texture4" },
        "up":    { "uv": [ 4, 5.5, 12, 11.5 ], "texture": "#texture4" },
        "north": { "uv": [ 4, 5, 12, 5.5 ], "texture": "#texture" },
        "south": { "uv": [ 4, 5, 12, 5.5 ], "texture": "#texture3" },
        "west":  { "uv": [ 5.5, 5, 11.5, 5.5 ], "texture": "#texture2_west", "cullface": "west" },
        "east":  { "uv": [ 4.5, 5, 10.5, 5.5 ], "texture": "#texture2_east", "cullface": "east" }
    }
},
{
    "from": [ 1, 14, 1 ],
    "to": [ 15, 15, 16 ],
    "faces": {
        "down":  { "uv": [ 11.5, 12, 4.5, 4.5 ], "texture": "#texture4" },
        "up":    { "uv": [ 4.5, 4.5, 11.5, 12 ], "texture": "#texture4" },
        "north": { "uv": [ 4.5, 5, 11.5, 5.5 ], "texture": "#texture" },
        "south": { "uv": [ 4.5, 5, 11.5, 5.5 ], "texture": "#texture3", "cullface": "south" },
        "west":  { "uv": [ 4.5, 5, 12, 5.5 ], "texture": "#texture2_west" },
        "east":  { "uv": [ 4, 5, 11.5, 5.5 ], "texture": "#texture2_east" }
    }
},
{
    "from": [ 3, 14, -1 ],
    "to": [ 13, 15, 17 ],
    "faces": {
        "down":  { "uv": [ 10.5, 12.5, 5.5, 3.5 ], "texture": "#texture4" },
        "up":    { "uv": [ 5.5, 3.5, 10.5, 12.5 ], "texture": "#texture4" },
        "north": { "uv": [ 5.5, 5, 10.5, 5.5 ], "texture": "#texture" },
        "south": { "uv": [ 5.5, 5, 10.5, 5.5 ], "texture": "#texture3" },
        "west":  { "uv": [ 3.5, 5, 12.5, 5.5 ], "texture": "#texture2_west" },
        "east":  { "uv": [ 3.5, 5, 12.5, 5.5 ], "texture": "#texture2_east" }
    }
},
{
    "from": [ 2, 14, 0 ],
    "to": [ 14, 15, 1 ],
    "faces": {
        "up":    { "uv": [ 5, 4, 11, 4.5 ], "texture": "#texture4" },
        "north": { "uv": [ 5, 5, 11, 5.5 ], "texture": "#texture", "cullface": "north" },
        "west":  { "uv": [ 4, 5, 4.5, 5.5 ], "texture": "#texture2_west" },
        "east":  { "uv": [ 11.5, 5, 12, 5.5 ], "texture": "#texture2_east" }
    }
},
{
    "from": [ 0, 15, 6 ],
    "to": [ 16, 16, 13 ],
    "faces": {
        "up":    { "uv": [ 4, 7, 12, 10.5 ], "texture": "#texture4", "cullface": "up" },
        "north": { "uv": [ 4, 4.5, 12, 5 ], "texture": "#texture" },
        "south": { "uv": [ 4, 4.5, 12, 5 ], "texture": "#texture3" },
        "west":  { "uv": [ 7, 4.5, 10.5, 5 ], "texture": "#texture2_west", "cullface": "west" },
        "east":  { "uv": [ 5.5, 4.5, 9, 5 ], "texture": "#texture2_east", "cullface": "east" }
    }
},
{
    "from": [ 1, 15, 3 ],
    "to": [ 15, 16, 15 ],
    "faces": {
        "up":    { "uv": [ 4.5, 5.5, 11.5, 11.5 ], "texture": "#texture4", "cullface": "up" },
        "north": { "uv": [ 4.5, 4.5, 11.5, 5 ], "texture": "#texture" },
        "south": { "uv": [ 4.5, 4.5, 11.5, 5 ], "texture": "#texture3" },
        "west":  { "uv": [ 5.5, 4.5, 11.5, 5 ], "texture": "#texture2_west" },
        "east":  { "uv": [ 4.5, 4.5, 10.5, 5 ], "texture": "#texture2_east" }
    }
},
{
    "from": [ 3, 15, 0 ],
    "to": [ 13, 16, 16 ],
    "faces": {
        "up":    { "uv": [ 5.5, 4, 10.5, 12 ], "texture": "#texture4", "cullface": "up" },
        "north": { "uv": [ 5.5, 4.5, 10.5, 5 ], "texture": "#texture", "cullface": "north" },
        "south": { "uv": [ 5.5, 4.5, 10.5, 5 ], "texture": "#texture3", "cullface": "south" },
        "west":  { "uv": [ 4, 4.5, 12, 5 ], "texture": "#texture2_west" },
        "east":  { "uv": [ 4, 4.5, 12, 5 ], "texture": "#texture2_east" }
    }
},
{
    "from": [ 2, 15, 1 ],
    "to": [ 14, 16, 3 ],
    "faces": {
        "up":    { "uv": [ 5, 4.5, 11, 5.5 ], "texture": "#texture4", "cullface": "up" },
        "north": { "uv": [ 5, 4.5, 11, 5 ], "texture": "#texture" },
        "west":  { "uv": [ 4.5, 4.5, 5.5, 5 ], "texture": "#texture2_west" },
        "east":  { "uv": [ 10.5, 4.5, 11.5, 5 ], "texture": "#texture2_east" }
    }
},
{
    "from": [ 5, 15, -1 ],
    "to": [ 11, 16, 0 ],
    "faces": {
        "up":    { "uv": [ 6.5, 3.5, 9.5, 4 ], "texture": "#texture4", "cullface": "north" },
        "north": { "uv": [ 6.5, 4.5, 9.5, 5 ], "texture": "#texture", "cullface": "north" },
        "west":  { "uv": [ 3.5, 4.5, 4, 5 ], "texture": "#texture2_west", "cullface": "north" },
        "east":  { "uv": [ 12, 4.5, 12.5, 5 ], "texture": "#texture2_east", "cullface": "north" }
    }
},
{
    "from": [ 2, 16, 4 ],
    "to": [ 14, 17, 13 ],
    "faces": {
        "up":    { "uv": [ 5, 6, 11, 10.5 ], "texture": "#texture4", "cullface": "up" },
        "north": { "uv": [ 5, 4, 11, 4.5 ], "texture": "#texture", "cullface": "up" },
        "south": { "uv": [ 5, 4, 11, 4.5 ], "texture": "#texture3", "cullface": "up" },
        "west":  { "uv": [ 6, 4, 10.5, 4.5 ], "texture": "#texture2_west", "cullface": "up" },
        "east":  { "uv": [ 5.5, 4, 10, 4.5 ], "texture": "#texture2_east", "cullface": "up" }
    }
},
{
    "from": [ 3, 16, 2 ],
    "to": [ 13, 17, 14 ],
    "faces": {
        "up":    { "uv": [ 5.5, 5, 10.5, 11 ], "texture": "#texture4", "cullface": "up" },
        "north": { "uv": [ 5.5, 4, 10.5, 4.5 ], "texture": "#texture", "cullface": "up" },
        "south": { "uv": [ 5.5, 4, 10.5, 4.5 ], "texture": "#texture3", "cullface": "up" },
        "west":  { "uv": [ 5, 4, 11, 4.5 ], "texture": "#texture2_west", "cullface": "up" },
        "east":  { "uv": [ 5, 4, 11, 4.5 ], "texture": "#texture2_east", "cullface": "up" }
    }
},
{
    "from": [ 6, 16, 1 ],
    "to": [ 10, 18, 2 ],
    "faces": {
        "up":    { "uv": [ 7, 4.5, 9, 5 ], "texture": "#texture4", "cullface": "up" },
        "north": { "uv": [ 7, 3.5, 9, 4.5 ], "texture": "#texture", "cullface": "up" },
        "south": { "uv": [ 7, 3.5, 9, 4.5 ], "texture": "#texture3", "cullface": "up" },
        "west":  { "uv": [ 4.5, 3.5, 5, 4.5 ], "texture": "#texture2_west", "cullface": "up" },
        "east":  { "uv": [ 11, 3.5, 11.5, 4.5 ], "texture": "#texture2_east", "cullface": "up" }
    }
},
{
    "from": [ 5, 17, 2 ],
    "to": [ 11, 18, 8 ],
    "faces": {
        "up":    { "uv": [ 6.5, 5, 9.5, 8 ], "texture": "#texture4", "cullface": "up" },
        "north": { "uv": [ 6.5, 3.5, 9.5, 4 ], "texture": "#texture", "cullface": "up" },
        "south": { "uv": [ 6.5, 3.5, 9.5, 4 ], "texture": "#texture3", "cullface": "up" },
        "west":  { "uv": [ 5, 3.5, 8, 4 ], "texture": "#texture2_west", "cullface": "up" },
        "east":  { "uv": [ 8, 3.5, 11, 4 ], "texture": "#texture2_east", "cullface": "up" }
    }
},
{
    "from": [ 6, 17, 8 ],
    "to": [ 10, 18, 9 ],
    "faces": {
        "up":    { "uv": [ 7, 8, 9, 8.5 ], "texture": "#texture4", "cullface": "up" },
        "south": { "uv": [ 7, 3.5, 9, 4 ], "texture": "#texture3", "cullface": "up" },
        "west":  { "uv": [ 8, 3.5, 8.5, 4 ], "texture": "#texture2_west", "cullface": "up" },
        "east":  { "uv": [ 7.5, 3.5, 8, 4 ], "texture": "#texture2_east", "cullface": "up" }
    }
},
{
    "from": [ 6, 18, 2 ],
    "to": [ 10, 19, 7 ],
    "faces": {
        "up":    { "uv": [ 7, 5, 9, 7.5 ], "texture": "#texture4", "cullface": "up" },
        "north": { "uv": [ 7, 3, 9, 3.5 ], "texture": "#texture", "cullface": "up" },
        "south": { "uv": [ 7, 3, 9, 3.5 ], "texture": "#texture3", "cullface": "up" },
        "west":  { "uv": [ 5, 3, 7.5, 3.5 ], "texture": "#texture2_west", "cullface": "up" },
        "east":  { "uv": [ 8.5, 3, 11, 3.5 ], "texture": "#texture2_east", "cullface": "up" }
    }
}
],
"display": {
    "head": {
        "rotation": [ 0, 0, 0 ],
        "translation": [ 0, 0, 0 ],
        "scale": [ 1, 1, 1 ]
    },
    "fixed": {
        "rotation": [ 0, 0, 0 ],
        "translation": [ 0, 0, 0 ],
        "scale": [ 0.8, 0.8, 0.8 ]
    },
    "gui": {
        "rotation": [ 0, 180, 0 ],
        "translation": [ 0, -1, 0 ],
        "scale": [ 0.6, 0.6, 0.6 ]
    }
}
}
