{
  "announcer.awesome": {
    "category": "master",
    "sounds": [
      "announcer/awesome"
    ]
  },
  "announcer.basic": {
    "category": "master",
    "sounds": [
      "announcer/basic"
    ]
  },
  "announcer.go": {
    "category": "master",
    "sounds": [
      "announcer/go"
    ]
  },
  "announcer.lap.final": {
    "category": "master",
    "sounds": [
      "announcer/lap_final"
    ]
  },
  "announcer.lap.one": {
    "category": "master",
    "sounds": [
      "announcer/lap_one"
    ]
  },
  "announcer.lap.three": {
    "category": "master",
    "sounds": [
      "announcer/lap_three"
    ]
  },
  "announcer.lap.two": {
    "category": "master",
    "sounds": [
      "announcer/lap_two"
    ]
  },
  "announcer.ready": {
    "category": "master",
    "sounds": [
      "announcer/ready"
    ]
  },
  "announcer.set": {
    "category": "master",
    "sounds": [
      "announcer/set"
    ]
  },
  "announcer.super": {
    "category": "master",
    "sounds": [
      "announcer/super"
    ]
  },
  "announcer.takenthelead": {
    "category": "master",
    "sounds": [
      "announcer/takenthelead"
    ]
  },
  "announcer.tensecondsleft": {
    "category": "master",
    "sounds": [
      "announcer/tensecondsleft"
    ]
  },
  "announcer.thirtysecondsleft": {
    "category": "master",
    "sounds": [
      "announcer/thirtysecondsleft"
    ]
  },
  "announcer.welcome": {
    "category": "master",
    "sounds": [
      "announcer/welcome"
    ]
  },
  "announcer.Countdown1": {
    "category": "master",
    "sounds": [
      "announcer/Countdown1"
    ]
  },
  "announcer.Countdown2": {
    "category": "master",
    "sounds": [
      "announcer/Countdown2"
    ]
  },
  "announcer.OST1": {
    "category": "master",
    "sounds": [
      "announcer/OST1"
    ]
  },
  "announcer.OST2": {
    "category": "master",
    "sounds": [
      "announcer/OST2"
    ]
  },
  "horns.horn.a": {
    "category": "master",
    "sounds": [
      "horns/horn_a"
    ]
  },
  "horns.horn.b": {
    "category": "master",
    "sounds": [
      "horns/horn_b"
    ]
  },
  "horns.horn.c": {
    "category": "master",
    "sounds": [
      "horns/horn_c"
    ]
  },
  "horns.horn.d": {
    "category": "master",
    "sounds": [
      "horns/horn_d"
    ]
  },
  "horns.horn.e": {
    "category": "master",
    "sounds": [
      "horns/horn_e"
    ]
  },
  "horns.horn.f": {
    "category": "master",
    "sounds": [
      "horns/horn_f"
    ]
  },
  "horns.horn.g": {
    "category": "master",
    "sounds": [
      "horns/horn_g"
    ]
  },
  "horns.horn.h": {
    "category": "master",
    "sounds": [
      "horns/horn_h"
    ]
  },
  "horns.horn.i": {
    "category": "master",
    "sounds": [
      "horns/horn_i"
    ]
  },
  "horns.horn.j": {
    "category": "master",
    "sounds": [
      "horns/horn_j"
    ]
  },
  "horns.horn.k": {
    "category": "master",
    "sounds": [
      "horns/horn_k"
    ]
  }
}